"w_CH4","w_MBW","dCH4","dMBW","dCO2"
-10,-10,-1.34961227040503,-1.07499925598736,-79.942626945649
-9.5,-10,-1.34800919727178,-1.07656168705834,-80.0717547433352
-9,-10,-1.34626249281055,-1.07817675572858,-80.2055580736303
-8.5,-10,-1.34435469363353,-1.07984536901526,-80.3441718999554
-8,-10,-1.34226563710905,-1.08156803938858,-80.4877098438009
-7.5,-10,-1.33997195277344,-1.08334473865798,-80.6362544990038
-7,-10,-1.33744644036707,-1.0851747068021,-80.7898446015727
-6.5,-10,-1.33465730527759,-1.08705620141997,-80.9484580307666
-6,-10,-1.33156721363927,-1.08898616857966,-81.1119892612381
-5.5,-10,-1.32813211802949,-1.09095980911595,-81.280219396413
-5,-10,-1.32429978963808,-1.09297000514901,-81.4527762355766
-4.5,-10,-1.32000797261096,-1.09500655871125,-81.6290808834499
-4,-10,-1.31518204911896,-1.09705517636929,-81.8082760890069
-3.5,-10,-1.30973206700976,-1.09909610843527,-81.9891296372653
-3,-10,-1.30354893214104,-1.10110231562006,-82.1699034776101
-2.5,-10,-1.2964994998772,-1.10303698522338,-82.3481755117373
-2,-10,-1.28842020835453,-1.10485014658039,-82.5205955857362
-1.5,-10,-1.27910877167431,-1.10647403201798,-82.6825495167722
-1,-10,-1.26831328400166,-1.10781668162681,-82.8276939153122
-0.5,-10,-1.25571786460667,-1.10875307932183,-82.9473087263916
0,-10,-1.24092369076904,-1.10911280998834,-83.02939194785
0.5,-10,-1.22342392352953,-1.10866281517807,-83.0573896824571
1,-10,-1.20257066743723,-1.1070832743424,-83.0084125567285
1.5,-10,-1.1775318388239,-1.10393395550535,-82.850736596624
2,-10,-1.14723595185582,-1.09860766164999,-82.540329524912
2.5,-10,-1.11030406152629,-1.09026698588553,-82.0161063702594
3,-10,-1.06497188373325,-1.0777613771067,-81.1936667969318
3.5,-10,-1.00901422983314,-1.05952556839722,-79.9575531502605
4,-10,-0.939702965516032,-1.03347187410719,-78.1529029371175
4.5,-10,-0.853864331140482,-0.996914575773042,-75.5792731993789
5,-10,-0.748152125742427,-0.946611773516363,-71.9929520285383
5.5,-10,-0.619696685568555,-0.879073515414469,-67.1289213204745
6,-10,-0.467246166456528,-0.791315398677637,-60.75619020737
6.5,-10,-0.292647607138471,-0.682108250980789,-52.7710468177386
7,-10,-0.101979942073728,-0.553359050592895,-43.3019308114498
7.5,-10,0.0947432477164377,-0.410733810040213,-32.7596712391284
8,-10,0.285832474367684,-0.262686596620496,-21.7690528406316
8.5,-10,0.461160936387137,-0.118122711019795,-10.996143945622
9,-10,0.614486952643173,0.0159387604219143,-0.972249914621686
9.5,-10,0.743821756339521,0.13547409129537,7.99228769890331
10,-10,0.85032967968921,0.23922935460748,15.7942810968228
-10,-9.5,-1.35116120685361,-1.07341014685204,-79.8115901481216
-9.5,-9.5,-1.34961227040503,-1.07499925598736,-79.942626945649
-9,-9.5,-1.34792098868009,-1.07664536906911,-80.0786792079295
-8.5,-9.5,-1.34606958405668,-1.07834986516584,-80.219920293945
-8,-9.5,-1.34403745185586,-1.08011376925932,-80.366505877808
-7.5,-9.5,-1.34180061133608,-1.08193760445587,-80.5185642775386
-7,-9.5,-1.33933103029509,-1.08382119605047,-80.6761834426995
-6.5,-9.5,-1.33659578956381,-1.08576341144765,-80.8393934608123
-6,-9.5,-1.3335560434536,-1.08776181423398,-81.0081430290278
-5.5,-9.5,-1.33016571853399,-1.0898122027743,-81.1822677618841
-5,-9.5,-1.32636987468864,-1.09190799263449,-81.3614473992918
-4.5,-9.5,-1.32210262742847,-1.09403938656554,-81.5451478408172
-4,-9.5,-1.31728449642,-1.09619225373833,-81.7325423159834
-3.5,-9.5,-1.31181899859315,-1.09834660849438,-81.9224036893314
-3,-9.5,-1.30558824010095,-1.10047453379518,-82.1129565736229
-2.5,-9.5,-1.29844717297276,-1.10253732949513,-82.3016731110282
-2,-9.5,-1.29021606015869,-1.10448157120828,-82.484989278811
-1.5,-9.5,-1.2806705242947,-1.10623362820798,-82.6579083486693
-1,-9.5,-1.26952832504586,-1.10769198867063,-82.8134431709089
-0.5,-9.5,-1.2564316991632,-1.10871644966118,-82.9418271229402
0,-9.5,-1.24092369076904,-1.10911280998834,-83.02939194785
0.5,-9.5,-1.22241639756675,-1.10861111114828,-83.0569657366427
1,-9.5,-1.20014851371411,-1.10683466439512,-82.9975825815127
1.5,-9.5,-1.17312914739766,-1.10325608535792,-82.8132166557115
2,-9.5,-1.14006513023638,-1.09713549296159,-82.4501685829176
2.5,-9.5,-1.09927110306691,-1.08743550596004,-81.8326831441182
3,-9.5,-1.0485681251929,-1.07270930533975,-80.8544829486087
3.5,-9.5,-0.985192399614567,-1.05096562551806,-79.3684445717513
4,-9.5,-0.905769045026352,-1.01953575010393,-77.1761968213006
4.5,-9.5,-0.806465013223264,-0.975014417133078,-74.0229018921165
5,-9.5,-0.683513069302562,-0.913427494531316,-69.6085869148992
5.5,-9.5,-0.534330097894236,-0.830866826427554,-63.6341884376243
6,-9.5,-0.359262644957266,-0.72479819042195,-55.8984435479596
6.5,-9.5,-0.163381252687012,-0.595856272582498,-46.4330401868333
7,-9.5,0.0430448765691353,-0.449167147150836,-35.6052668177481
7.5,-9.5,0.246621916614261,-0.293848081147333,-24.0860634690462
8,-9.5,0.434833196369244,-0.140397003174615,-12.6585178238825
8.5,-9.5,0.599473769644945,0.00246652195130307,-1.9810146284016
9,-9.5,0.737603510579539,0.129574953711271,7.54928556563113
9.5,-9.5,0.85032967968921,0.23922935460748,15.7942810968228
10,-9.5,0.940906804791116,0.332101410909282,22.7951709066791
-10,-9,-1.35273395906945,-1.07170934835921,-79.6716521996286
-9.5,-9,-1.35124340469723,-1.07332350272889,-79.8044537233998
-9,-9,-1.34961227040503,-1.07499925598736,-79.942626945649
-8.5,-9,-1.34782251021967,-1.07673852035766,-80.0863882767558
-8,-9,-1.34585312363708,-1.07854290625983,-80.2359410312005
-7.5,-9,-1.34367956382035,-1.08041357477939,-80.3914659319556
-7,-9,-1.34127300497761,-1.0823510390281,-80.5531080924488
-6.5,-9,-1.33859943000083,-1.08435489659736,-80.7209592125674
-6,-9,-1.33561848718597,-1.08642346866707,-80.8950332458287
-5.5,-9,-1.33228204826525,-1.08855331200506,-81.0752331188844
-5,-9,-1.32853237738179,-1.09073855688841,-81.2613051244915
-4.5,-9,-1.32429978963808,-1.09297000514901,-81.4527762355766
-4,-9,-1.31949963505124,-1.09523389549284,-81.6488676082732
-3.5,-9,-1.31402838429621,-1.09751020408016,-81.848374666844
-3,-9,-1.30775850958386,-1.09977029124654,-82.049499957742
-2.5,-9,-1.3005317375605,-1.10197362139269,-82.2496187650068
-2,-9,-1.29215008739222,-1.10406315920019,-82.444948297269
-1.5,-9,-1.2823638771894,-1.10595886147966,-82.6300775816363
-1,-9,-1.2708555605957,-1.10754841043632,-82.7972947791229
-0.5,-9,-1.25721781260688,-1.10867392777543,-82.9356181723883
0,-9,-1.24092369076904,-1.10911280998834,-83.02939194785
0.5,-9,-1.22128594857645,-1.10854995829784,-83.0562421995595
1,-9,-1.19740174559663,-1.10653747060855,-82.9840964127737
1.5,-9,-1.16807837838571,-1.10243631842799,-82.7668500518899
2,-9,-1.13173609107871,-1.0953329227573,-82.3381353169025
2.5,-9,-1.08628760819765,-1.08392292866209,-81.6025856455971
3,-9,-1.02900544169783,-1.06635787828535,-80.4242164681044
3.5,-9,-0.956416463771671,-1.04006515849109,-78.6125977934258
4,-9,-0.864323092175338,-1.00159207884633,-75.9104716875414
4.5,-9,-0.748152125742427,-0.946611773516363,-71.9929520285383
5,-9,-0.603941194277355,-0.870364091318288,-66.4987401742172
5.5,-9,-0.430216859412252,-0.768891087276337,-59.1208158677866
6,-9,-0.230449915466182,-0.641159129176464,-49.7650064854345
6.5,-9,-0.0146025862454866,-0.491222734276073,-38.7151454915991
7,-9,0.202320020891781,-0.328563488389723,-26.6650777397484
7.5,-9,0.404946991156279,-0.165432775696271,-14.5259177038202
8,-9,0.58247756084251,-0.0126907543492606,-3.11556840756877
8.5,-9,0.730619342823019,0.122968603792332,7.05324878805337
9,-9,0.85032967968921,0.23922935460748,15.7942810968228
9.5,-9,0.945367632059459,0.33680352660639,23.1500802327844
10,-9,1.02029986463045,0.417897442831328,29.2781991573968
-10,-8.5,-1.35432855291965,-1.06988634663592,-79.5219904919801
-9.5,-8.5,-1.35290082145996,-1.07152340133587,-79.6563713453018
-9,-8.5,-1.35133481282504,-1.07322686714388,-79.7964953283425
-8.5,-8.5,-1.34961227040503,-1.07499925598736,-79.942626945649
-8,-8.5,-1.34771185803398,-1.07684284422587,-80.0950232870149
-7.5,-8.5,-1.34560852324961,-1.07875952793049,-80.2539249168091
-7,-8.5,-1.34327270381778,-1.08075062438198,-80.4195430876373
-6.5,-8.5,-1.34066933260111,-1.08281660008002,-80.5920418860051
-6,-8.5,-1.33775658113297,-1.08495669785913,-80.7715133636277
-5.5,-8.5,-1.33448426211623,-1.08716842474383,-80.9579429159071
-5,-8.5,-1.33079178329011,-1.08944684643642,-81.1511610277455
-4.5,-8.5,-1.32660550650875,-1.09178361154987,-81.3507758490563
-4,-8.5,-1.32183531182957,-1.0941655954499,-81.5560786344395
-3.5,-8.5,-1.31637009018559,-1.09657300463213,-81.7659104958611
-3,-8.5,-1.31007178000486,-1.09897670992617,-81.9784735774978
-2.5,-8.5,-1.30276740866368,-1.10133446814535,-82.1910617458792
-2,-8.5,-1.29423837831192,-1.10358552801469,-82.3996737655194
-1.5,-8.5,-1.28420591817185,-1.10564286787444,-82.5984534832694
-1,-8.5,-1.27231117197294,-1.10738193471606,-82.7788733625654
-0.5,-8.5,-1.25808774930514,-1.10862417896797,-82.9285346400832
0,-8.5,-1.24092369076904,-1.10911280998834,-83.02939194785
0.5,-8.5,-1.22000865644192,-1.10847690653744,-83.0551125194899
1,-8.5,-1.19426084848316,-1.10617817629962,-82.9671395807557
1.5,-8.5,-1.16222720167975,-1.1014322584596,-82.7088436530873
2,-8.5,-1.12195118940205,-1.09309398343396,-82.1969468276401
2.5,-8.5,-1.07080902281909,-1.07949542159614,-81.3093357761939
3,-8.5,-1.00533590751088,-1.05823273492063,-79.8688702852161
3.5,-8.5,-0.921116882778608,-1.02592719346795,-77.6249184440333
4,-8.5,-0.812926997815181,-0.978065375229303,-74.2402361988805
4.5,-8.5,-0.675478106878268,-0.909186105243104,-69.303010557426
5,-8.5,-0.505241819371776,-0.8138905310048,-62.3999604239942
5.5,-8.5,-0.303443478275671,-0.689109705073274,-53.2844320388186
6,-8.5,-0.0789273818318128,-0.537154419327229,-42.1066983608254
6.5,-8.5,0.152041439348577,-0.3673396483377,-29.5428823442687
7,-8.5,0.37078903722236,-0.193729660789788,-16.6351866903567
7.5,-8.5,0.56309068480357,-0.0298599528717214,-4.40023007283667
8,-8.5,0.722719549241972,0.115520622877313,6.4941121360582
8.5,-8.5,0.85032967968921,0.23922935460748,15.7942810968228
9,-8.5,0.950287488647242,0.342004728752311,23.542712359396
9.5,-8.5,1.02799868697094,0.426476732327417,29.9273500149784
10,-8.5,1.08847310022292,0.495770896467667,35.1766841395928
-10,-8,-1.35594245977547,-1.06792938749086,-79.3616865413692
-9.5,-8,-1.35458216983402,-1.06958657908449,-79.4974118667155
-9,-8,-1.35308650534754,-1.07131519093551,-79.6392651179125
-8.5,-8,-1.35143707058506,-1.07311840643398,-79.7875642974052
-8,-8,-1.34961227040503,-1.07499925598736,-79.942626945649
-7.5,-8,-1.3475866268385,-1.07696047843261,-80.104761683839
-7,-8,-1.34532992149453,-1.07900432649656,-80.2742559729924
-6.5,-8,-1.34280611197038,-1.081132294631,-80.4513585669024
-6,-8,-1.33997195277344,-1.08334473865798,-80.6362544990038
-5.5,-8,-1.3367752267799,-1.08564034381261,-80.8290295179741
-5,-8,-1.33315245905511,-1.08801537903944,-81.0296195327856
-4.5,-8,-1.32902593666862,-1.09046264784974,-81.2377386285712
-4,-8,-1.32429978963808,-1.09297000514901,-81.4527762355766
-3.5,-8,-1.31885478995064,-1.09551824815457,-81.6736495527207
-3,-8,-1.31254138374793,-1.09807809679558,-81.8985905239398
-2.5,-8,-1.30517026535286,-1.10060583738536,-82.1248362391048
-2,-8,-1.2964994998772,-1.10303698522338,-82.3481755117373
-1.5,-8,-1.28621675831072,-1.10527698322207,-82.562279273032
-1,-8,-1.27391458085358,-1.10718742535924,-82.7577030800938
-0.5,-8,-1.2590556452881,-1.10856546816345,-82.9203882868453
0,-8,-1.24092369076904,-1.10911280998834,-83.02939194785
0.5,-8,-1.21855397535377,-1.10838865722184,-83.0534272219239
1,-8,-1.19063507038211,-1.10573822331102,-82.9455768109806
1.5,-8,-1.15537221917731,-1.10018448099226,-82.6352457736869
2,-8,-1.11030406152629,-1.09026698588553,-82.0161063702593
2.5,-8,-1.05207652447905,-1.07381146392108,-80.9287341266186
3,-8,-0.976217499763785,-1.04762942168504,-79.1377183321151
3.5,-8,-0.877057936327193,-1.00720800683125,-76.307471669671
4,-8,-0.748152125742427,-0.946611773516363,-71.9929520285383
4.5,-8,-0.583826011994902,-0.85911887532023,-65.6842526456389
5,-8,-0.382440748785465,-0.739360935441651,-56.9636398761939
5.5,-8,-0.150658077897357,-0.587130005018343,-45.7905245053081
6,-8,0.0947432477164378,-0.410733810040213,-32.7596712391284
6.5,-8,0.331462299015819,-0.225898666080125,-19.0312909347994
7,-8,0.540789788544275,-0.0494549085705482,-5.86576077960618
7.5,-8,0.713713026250506,0.10706049026427,5.85911139700486
8,-8,0.85032967968921,0.23922935460748,15.7942810968228
8.5,-8,0.955740460035848,0.347788460638442,23.9793838952901
9,-8,1.03640697579451,0.435904982897366,30.6409274656975
9.5,-8,1.09824273731173,0.507318053040505,36.052548539087
10,-8,1.14599814980355,0.565457002949038,40.4676551858816
-10,-7.5,-1.35757248438301,-1.06582530087298,-79.1897125412911
-9.5,-7.5,-1.35628440444003,-1.06749911872931,-79.326487967332
-9,-7.5,-1.35486451886579,-1.06924953048929,-79.4697866795828
-8.5,-7.5,-1.35329438030026,-1.07108046734696,-79.6199858858445
-8,-7.5,-1.35155223075386,-1.07299580910654,-79.7774707534505
-7.5,-7.5,-1.34961227040503,-1.07499925598736,-79.942626945649
-7,-7.5,-1.34744373326695,-1.07709414310346,-80.1158293347117
-6.5,-7.5,-1.34500971002347,-1.07928317399651,-80.2974252441841
-6,-7.5,-1.34226563710905,-1.08156803938858,-80.4877098438009
-5.5,-7.5,-1.33915734133373,-1.08394887232679,-80.6868902452277
-5,-7.5,-1.33561848718597,-1.08642346866707,-80.8950332458287
-4.5,-7.5,-1.33156721363927,-1.08898616857966,-81.1119892612381
-4,-7.5,-1.32690166018293,-1.09162624445792,-81.3372813337704
-3.5,-7.5,-1.32149395474722,-1.09432556373705,-81.5699424977521
-3,-7.5,-1.31518204911896,-1.09705517636929,-81.808276089007
-2.5,-7.5,-1.30775850958386,-1.09977029124654,-82.049499957742
-2,-7.5,-1.29895495483299,-1.10240281324762,-82.2892139591606
-1.5,-7.5,-1.28842020835453,-1.10485014658039,-82.5205955857362
-1,-7.5,-1.27568929328488,-1.10695822255549,-82.7331730172665
-0.5,-7.5,-1.26013899693826,-1.10849550668026,-82.9109349861723
0,-7.5,-1.24092369076904,-1.10911280998834,-83.02939194785
0.5,-7.5,-1.21688227352356,-1.10828068456473,-83.0509729601117
1,-7.5,-1.18640370031019,-1.10519157962601,-82.9177917096338
1.5,-7.5,-1.14723595185582,-1.09860766165,-82.5403295249121
2,-7.5,-1.09622646300552,-1.08662893049773,-81.7800767676171
2.5,-7.5,-1.02900544169783,-1.06635787828535,-80.4242164681044
3,-7.5,-0.939702965516032,-1.03347187410719,-78.1529029371175
3.5,-7.5,-0.82099540093285,-0.98184649285799,-74.5093657588942
4,-7.5,-0.665168509053469,-0.903707819681571,-68.9080715787022
4.5,-7.5,-0.467246166456528,-0.791315398677637,-60.75619020737
5,-7.5,-0.230449915466182,-0.641159129176464,-49.7650064854345
5.5,-7.5,0.029218704671268,-0.459330593119933,-36.3572039705369
6,-7.5,0.285832474367683,-0.262686596620496,-21.7690528406317
6.5,-7.5,0.514893503476038,-0.0720058007935287,-7.55153029506474
7,-7.5,0.703352033944595,0.0973687022185906,5.13182208390675
7.5,-7.5,0.85032967968921,0.23922935460748,15.7942810968228
8,-7.5,0.961817309686186,0.354257735733871,24.4678954317409
8.5,-7.5,1.04562346254686,0.446311705700354,31.4287944257959
9,-7.5,1.10878969672536,0.5199079201656,37.0078843037384
9.5,-7.5,1.15683749447143,0.579095522929121,41.5046912799123
10,-7.5,1.19383781041895,0.627143685781621,45.1624492525259
-10,-7,-1.35921462975144,-1.06355929647018,-79.0049157212065
-9.5,-7,-1.35800363676326,-1.06524532695376,-79.1423752162509
-9,-7,-1.35666514267182,-1.06701324096391,-79.286759841171
-8.5,-7,-1.3551807543017,-1.06886779722464,-79.4385119172025
-8,-7,-1.35352866962087,-1.07081382654039,-79.598091826094
-7.5,-7,-1.35168289857025,-1.07285611938619,-79.7659719663803
-7,-7,-1.34961227040503,-1.07499925598736,-79.942626945649
-6.5,-7,-1.34727915890476,-1.07724735345864,-80.1285182509318
-6,-7,-1.34463783134482,-1.07960369293454,-80.3240708132889
-5.5,-7,-1.34163229091588,-1.08207017223327,-80.529637641637
-5,-7,-1.3381934302461,-1.08464650334972,-80.7454468182656
-4.5,-7,-1.33423523808063,-1.08732903403069,-80.9715222626712
-4,-7,-1.3296496900841,-1.09010901090192,-81.207565197421
-3.5,-7,-1.32429978963808,-1.09297000514901,-81.4527762355766
-3,-7,-1.31800997639242,-1.09588406927782,-81.7055868759667
-2.5,-7,-1.31055274347451,-1.0988059494642,-81.9632513021866
-2,-7,-1.30162972646422,-1.10166428269616,-82.2212202799151
-1.5,-7,-1.29084463511608,-1.10434806018557,-82.4721710652901
-1,-7,-1.27766401759872,-1.1066855670845,-82.7044876898887
-0.5,-7,-1.26135971967544,-1.1084112259796,-82.8998530258304
0,-7,-1.24092369076904,-1.10911280998834,-83.02939194785
0.5,-7,-1.21494119103327,-1.10814664437754,-83.0474390702131
1,-7,-1.18140269805568,-1.10450082240867,-82.8814261551118
1.5,-7,-1.13743036771901,-1.0965758411556,-82.4155622728409
2,-7,-1.0789015612853,-1.08184177738205,-81.4651438698945
2.5,-7,-1.00000003258628,-1.05633824145564,-79.7387191533568
3,-7,-0.89289219351985,-1.01406525082852,-76.7911897118445
3.5,-7,-0.748152125742427,-0.946611773516363,-71.9929520285383
4,-7,-0.557278883976871,-0.844067030245202,-64.5926829368085
4.5,-7,-0.31876427090779,-0.698991015225805,-54.008678104287
5,-7,-0.0458841196021694,-0.513690850731875,-40.374837460014
5.5,-7,0.232460960938087,-0.305001140103435,-24.9148875458851
6,-7,0.484501235725432,-0.0982003734337724,-9.5085480144895
6.5,-7,0.69130977003603,0.0861580133626674,4.29076036481936
7,-7,0.85032967968921,0.23922935460748,15.7942810968228
7.5,-7,0.96863038721678,0.361541184732767,25.0179909725922
8,-7,1.05576494573699,0.457853354535753,32.3028746000133
8.5,-7,1.12019942957256,0.533680305087228,38.053415133002
9,-7,1.16838971123825,0.593836994230905,42.626186954123
9.5,-7,1.20496050677166,0.642104429124205,46.3028091164116
10,-7,1.23314898220916,0.681324651219557,49.2958317355304
-10,-6.5,-1.36086393401896,-1.06111472508228,-78.8060001057505
-9.5,-6.5,-1.35973495424888,-1.06280746246147,-78.9436912690494
-9,-6.5,-1.35848358415252,-1.06458741912295,-79.0887101206403
-8.5,-6.5,-1.35709161131433,-1.06646026239452,-79.2415700342986
-8,-6.5,-1.3555373346349,-1.0684318800156,-79.4028144405826
-7.5,-6.5,-1.35379473832528,-1.07050829024709,-79.5730127303828
-7,-6.5,-1.35183243088871,-1.072695495989,-79.7527525923939
-6.5,-6.5,-1.34961227040503,-1.07499925598736,-79.942626945649
-6,-6.5,-1.34708756693944,-1.077424733094,-80.1432127035875
-5.5,-6.5,-1.34420070891474,-1.07997595955694,-80.3550371884904
-5,-6.5,-1.34087999608873,-1.08265502854247,-80.5785258191231
-4.5,-6.5,-1.3370353669096,-1.08546087313746,-80.8139212542522
-4,-6.5,-1.33255256602509,-1.08838741843048,-81.0611587196362
-3.5,-6.5,-1.32728508238927,-1.09142077133644,-81.31967348327
-3,-6.5,-1.32104285755468,-1.09453491680601,-81.5881021739553
-2.5,-6.5,-1.31357624881922,-1.09768506675296,-81.8638160699343
-2,-6.5,-1.3045529209542,-1.10079727041675,-82.1421849979536
-1.5,-6.5,-1.2935240504886,-1.10375198565652,-82.4154034066962
-1,-6.5,-1.27987416333468,-1.10635775414611,-82.6705948227731
-0.5,-6.5,-1.26274563233632,-1.10830843574861,-82.8867107359113
0,-6.5,-1.24092369076904,-1.10911280998834,-83.02939194785
0.5,-6.5,-1.2126600974053,-1.10797742185053,-83.0423625357438
1,-6.5,-1.17540352806443,-1.10361060597581,-82.8329415975472
1.5,-6.5,-1.12539695615693,-1.0938969800609,-82.2478149427552
2,-6.5,-1.05711705397778,-1.07537455382103,-81.0338022197155
2.5,-6.5,-0.962635409126911,-1.04247038954902,-78.7798522770252
3,-6.5,-0.831351806470343,-0.986653020850974,-74.8511185955088
3.5,-6.5,-0.651463321407718,-0.896363136369083,-68.378156931995
4,-6.5,-0.415688596836951,-0.759981605747185,-58.4703918501808
4.5,-6.5,-0.131993073886419,-0.57425291541675,-44.8419835579841
5,-6.5,0.169526041409877,-0.353929542101536,-28.5479907618017
5.5,-6.5,0.448403265347611,-0.128942155283938,-11.8037315337905
6,-6.5,0.677146510133743,0.0730454569904852,3.30729774540938
6.5,-6.5,0.85032967968921,0.23922935460748,15.7942810968228
7,-6.5,0.976320346275987,0.369801469710801,25.6419976127031
7.5,-6.5,1.06697017796725,0.470720425594453,33.2776986989283
8,-6.5,1.13256719471745,0.548799105565368,39.2017303958595
8.5,-6.5,1.18070637942468,0.609806162122723,43.841800122184
9,-6.5,1.21665300071051,0.658130779456066,47.5252005434624
9.5,-6.5,1.24398457481531,0.696979364873928,50.4920029184684
10,-6.5,1.26513223760929,0.72866728632792,52.9161167187898
-10,-6,-1.36251427306452,-1.05847279930247,-78.5915051868132
-9.5,-6,-1.36147219959286,-1.06016541574861,-78.7288713958777
-9,-6,-1.36031372218578,-1.06195053533711,-78.873960578082
-8.5,-6,-1.35902095892012,-1.06383481317217,-79.027362864753
-8,-6,-1.35757248438301,-1.06582530087298,-79.1897125412911
-7.5,-6,-1.35594245977547,-1.06792938749086,-79.3616865413692
-7,-6,-1.35409950574046,-1.07015468831964,-79.5439997625186
-6.5,-6,-1.35200522811491,-1.07250885377869,-79.7373953333517
-6,-6,-1.34961227040503,-1.07499925598736,-79.942626945649
-5.5,-6,-1.34686171347418,-1.07763248797741,-80.1604287686886
-5,-6,-1.34367956382035,-1.08041357477939,-80.3914659319556
-4.5,-6,-1.33997195277344,-1.08334473865798,-80.6362544990038
-4,-6,-1.33561848718597,-1.08642346866707,-80.8950332458287
-3.5,-6,-1.33046291049076,-1.08963949355694,-81.1675586514308
-3,-6,-1.32429978963808,-1.09297000514901,-81.4527762355766
-2.5,-6,-1.3168552348268,-1.09637205244874,-81.7482902632102
-2,-6,-1.30775850958386,-1.09977029124654,-82.049499957742
-1.5,-6,-1.2964994998772,-1.10303698522338,-82.3481755117373
-1,-6,-1.2823638771894,-1.10595886147966,-82.6300775816363
-0.5,-6,-1.26433258034798,-1.1081812934838,-82.8709169217889
0,-6,-1.24092369076904,-1.10911280998834,-83.02939194785
0.5,-6,-1.20994138529236,-1.10775954286012,-83.0350342031273
1,-6,-1.16807837838571,-1.10243631842799,-82.7668500518899
1.5,-6,-1.11030406152629,-1.09026698588553,-82.0161063702594
2,-6,-1.02900544169783,-1.06635787828535,-80.4242164681044
2.5,-6,-0.913092440144181,-1.02260327484834,-77.3917122696764
3,-6,-0.748152125742427,-0.946611773516363,-71.9929520285383
3.5,-6,-0.520695133335576,-0.822942931863726,-63.0583065816131
4,-6,-0.230449915466182,-0.641159129176464,-49.7650064854345
4.5,-6,0.0947432477164381,-0.410733810040212,-32.7596712391284
5,-6,0.40494699115628,-0.165432775696271,-14.5259177038202
5.5,-6,0.660256988524032,0.0575094734425167,2.14246853810246
6,-6,0.85032967968921,0.23922935460748,15.7942810968228
6.5,-6,0.985065481299169,0.379247208042567,26.3557327080165
7,-6,1.07940456710622,0.485146790606478,34.371123964997
7.5,-6,1.14599814980355,0.565457002949037,40.4676551858816
8,-6,1.19383781041895,0.627143685781621,45.1624492525259
8.5,-6,1.22892748363504,0.675319238543303,48.8371953726072
9,-6,1.25521275953579,0.713601183859376,51.7630748781167
9.5,-6,1.27529940503253,0.744531974905144,54.1312854065882
10,-6,1.29093308843315,0.769910482851647,56.0774613906037
-10,-5.5,-1.36415812114107,-1.05561226570014,-78.3597809203845
-9.5,-5.5,-1.36320770082714,-1.05729633086556,-78.4961396098527
-9,-5.5,-1.36214780275851,-1.05907799592542,-78.6405983796327
-8.5,-5.5,-1.36096105050875,-1.06096497604125,-78.7938291879966
-8,-5.5,-1.35962650235343,-1.06296558928349,-78.9565645153972
-7.5,-5.5,-1.35811874286315,-1.06508873837712,-79.1295992206961
-7,-5.5,-1.3564066949137,-1.06734384743147,-79.3137898593575
-6.5,-5.5,-1.35445205025694,-1.06974072589248,-79.5100496422695
-6,-5.5,-1.35220717355365,-1.07228931614957,-79.7193361233641
-5.5,-5.5,-1.34961227040503,-1.07499925598736,-79.942626945649
-5,-5.5,-1.34659151269313,-1.07787914627592,-80.1808761084048
-4.5,-5.5,-1.34304766536717,-1.08093534746803,-80.4349384857468
-4,-5.5,-1.33885452613831,-1.08417001737588,-80.7054424032863
-3.5,-5.5,-1.33384612031425,-1.08757791497726,-80.9925766043242
-3,-5.5,-1.32780099647254,-1.09114117217423,-81.2957346239454
-2.5,-5.5,-1.32041898709197,-1.09482066972748,-81.6129185058236
-2,-5.5,-1.31128615348666,-1.09854164256646,-81.9397299742879
-1.5,-5.5,-1.29982083105827,-1.10216929616538,-82.2676418553504
-1,-5.5,-1.28518884592876,-1.1054667886447,-82.5809896571219
-0.5,-5.5,-1.26616754133625,-1.10802145680028,-82.8516426916875
0,-5.5,-1.24092369076904,-1.10911280998834,-83.02939194785
0.5,-5.5,-1.20664627874549,-1.10747241219145,-83.0243323236828
1,-5.5,-1.15894044848562,-1.10084342454903,-82.6743005181142
1.5,-5.5,-1.09086217383277,-1.08518212986199,-81.68536144777
2,-5.5,-0.991562106219763,-1.05329717319139,-79.5293366764718
2.5,-5.5,-0.845124567762065,-0.992961756362493,-75.299029214728
3,-5.5,-0.632364824262926,-0.886012276380833,-67.6305636508927
3.5,-5.5,-0.342196190026654,-0.713978479017275,-55.1064727936284
4,-5.5,0.00531868594273691,-0.476784841337005,-37.6479826491558
4.5,-5.5,0.351836380779899,-0.209286956961597,-17.794210168518
5,-5.5,0.639785893718704,0.0388221954051083,0.741932394420643
5.5,-5.5,0.85032967968921,0.23922935460748,15.7942810968228
6,-5.5,0.99509491784982,0.39015021526587,27.1798168402063
6.5,-5.5,1.09326572485377,0.501422045439791,35.6052886077354
7,-5.5,1.16060647982716,0.583880947141391,41.8686863667832
7.5,-5.5,1.20782959478011,0.64600747005,46.6004310044993
8,-5.5,1.24178554350961,0.693773114882648,50.2469411248245
8.5,-5.5,1.26681036454442,0.731254866398726,53.1142425425341
9,-5.5,1.2856788092936,0.761234102123086,55.4117759183386
9.5,-5.5,1.3002016138947,0.78563112865984,57.2845234266064
10,-5.5,1.31158725444356,0.805794544146654,58.8345328155424
-10,-5,-1.36578625993088,-1.05250901906135,-78.108958337675
-9.5,-5,-1.36493194040439,-1.0541741573437,-78.2434745053364
-9,-5,-1.36397606225733,-1.05594162094672,-78.3864349510731
-8.5,-5,-1.36290195628126,-1.05782024300021,-78.5385972984185
-8,-5,-1.36168940857178,-1.05981969782123,-78.7007984236573
-7.5,-5,-1.36031372218578,-1.06195053533711,-78.8739605780819
-7,-5,-1.35874447792466,-1.06422418181235,-79.0590959428688
-6.5,-5,-1.35694387969161,-1.06665288065687,-79.2573079627712
-6,-5,-1.35486451886579,-1.06924953048929,-79.4697866795828
-5.5,-5,-1.35244631489584,-1.07202735029589,-79.6977934094386
-5,-5,-1.34961227040503,-1.07499925598736,-79.942626945649
-4.5,-5,-1.34626249281055,-1.07817675572858,-80.2055580736303
-4,-5,-1.34226563710905,-1.08156803938858,-80.4877098438009
-3.5,-5,-1.33744644036707,-1.0851747068021,-80.7898446015727
-3,-5,-1.33156721363927,-1.08898616857966,-81.1119892612381
-2.5,-5,-1.32429978963808,-1.09297000514901,-81.4527762355766
-2,-5,-1.31518204911896,-1.09705517636929,-81.8082760890069
-1.5,-5,-1.30354893214104,-1.10110231562006,-82.1699034776101
-1,-5,-1.28842020835453,-1.10485014658039,-82.5205955857362
-0.5,-5,-1.26831328400166,-1.10781668162681,-82.8276939153122
0,-5,-1.24092369076904,-1.10911280998834,-83.02939194785
0.5,-5,-1.20257066743723,-1.1070832743424,-83.0084125567285
1,-5,-1.14723595185582,-1.09860766164999,-82.540329524912
1.5,-5,-1.06497188373325,-1.0777613771067,-81.1936667969318
2,-5,-0.939702965516032,-1.03347187410719,-78.1529029371175
2.5,-5,-0.748152125742427,-0.946611773516363,-71.9929520285383
3,-5,-0.467246166456528,-0.791315398677637,-60.75619020737
3.5,-5,-0.101979942073728,-0.553359050592895,-43.3019308114498
4,-5,0.285832474367684,-0.262686596620496,-21.7690528406316
4.5,-5,0.614486952643173,0.0159387604219143,-0.972249914621686
5,-5,0.85032967968921,0.23922935460748,15.7942810968228
5.5,-5,1.00670756969861,0.40287100441746,28.1416174669612
6,-5,1.10878969672536,0.5199079201656,37.0078843037384
6.5,-5,1.1765127217413,0.604338356331072,43.4254915757263
7,-5,1.22271709153139,0.666573437239509,48.1695011405343
7.5,-5,1.25521275953579,0.713601183859376,51.7630748781167
8,-5,1.2787377649846,0.750004460595966,54.5507045091445
8.5,-5,1.29622022290165,0.778809138590526,56.7605699466639
9,-5,1.30951724080698,0.802049844374397,58.5465073940959
9.5,-5,1.31983954823122,0.821125178291056,60.0145026812879
10,-5,1.32799784173236,0.837018443359962,61.2392175032875
-10,-4.5,-1.36738742406647,-1.04913564724471,-77.8369149108747
-9.5,-4.5,-1.36663314844428,-1.05076911783071,-77.968568719041
-9,-4.5,-1.36578625993088,-1.05250901906135,-78.108958337675
-8.5,-4.5,-1.36483102513129,-1.05436533455426,-78.258928792429
-8,-4.5,-1.36374823976893,-1.05634915909206,-78.4194254009188
-7.5,-4.5,-1.36251427306452,-1.05847279930247,-78.5915051868132
-7,-4.5,-1.36109979251002,-1.06074985738648,-78.7763481159978
-6.5,-4.5,-1.35946804170565,-1.06319527538077,-78.9752668401079
-6,-4.5,-1.35757248438301,-1.06582530087298,-79.1897125412911
-5.5,-4.5,-1.35535353588467,-1.0686573067313,-79.4212725674318
-5,-4.5,-1.35273395906945,-1.07170934835921,-79.6716521996286
-4.5,-4.5,-1.34961227040503,-1.07499925598736,-79.942626945649
-4,-4.5,-1.34585312363708,-1.07854290625983,-80.2359410312005
-3.5,-4.5,-1.34127300497761,-1.0823510390281,-80.5531080924488
-3,-4.5,-1.33561848718597,-1.08642346866707,-80.8950332458287
-2.5,-4.5,-1.32853237738179,-1.09073855688841,-81.2613051244915
-2,-4.5,-1.31949963505124,-1.09523389549284,-81.6488676082732
-1.5,-4.5,-1.30775850958386,-1.09977029124654,-82.049499957742
-1,-4.5,-1.29215008739222,-1.10406315920019,-82.444948297269
-0.5,-4.5,-1.2708555605957,-1.10754841043632,-82.7972947791229
0,-4.5,-1.24092369076904,-1.10911280998834,-83.02939194785
0.5,-4.5,-1.19740174559663,-1.10653747060855,-82.9840964127737
1,-4.5,-1.13173609107871,-1.0953329227573,-82.3381353169025
1.5,-4.5,-1.02900544169783,-1.06635787828535,-80.4242164681044
2,-4.5,-0.864323092175338,-1.00159207884633,-75.9104716875414
2.5,-4.5,-0.603941194277355,-0.870364091318288,-66.4987401742172
3,-4.5,-0.230449915466182,-0.641159129176464,-49.7650064854345
3.5,-4.5,0.202320020891781,-0.328563488389723,-26.6650777397484
4,-4.5,0.58247756084251,-0.0126907543492606,-3.11556840756877
4.5,-4.5,0.85032967968921,0.23922935460748,15.7942810968228
5,-4.5,1.02029986463045,0.417897442831328,29.2781991573968
5.5,-4.5,1.12625721380342,0.541060095828771,38.613855324163
6,-4.5,1.19383781041895,0.627143685781622,45.1624492525259
6.5,-4.5,1.2385167708265,0.689035138863347,49.8848753035426
7,-4.5,1.26917107833124,0.734915103120024,53.3945469534992
7.5,-4.5,1.29093308843315,0.769910482851646,56.0774613906037
8,-4.5,1.30685448411031,0.797286747660983,58.1802595839192
8.5,-4.5,1.31881171560611,0.819178031408556,59.8645608256231
9,-4.5,1.32799784173236,0.837018443359962,61.2392175032875
9.5,-4.5,1.33519550147642,0.851798004134714,62.3795233061579
10,-4.5,1.34093291097177,0.864217449521932,63.3388644469333
-10,-4,-1.36894786818942,-1.04546089277207,-77.5412336322448
-9.5,-4,-1.3682968014269,-1.04704707373243,-77.6687806847875
-9,-4,-1.36756309592843,-1.04874283672611,-77.8052760614992
-8.5,-4,-1.36673220748515,-1.05055930693366,-77.9516505662153
-8,-4,-1.36578625993088,-1.05250901906135,-78.108958337675
-7.5,-4,-1.36470308995312,-1.05460609912791,-78.27839466312
-7,-4,-1.36345495828528,-1.05686645275809,-78.4613155162321
-6.5,-4,-1.36200678800844,-1.05930794422418,-78.6592580811463
-6,-4,-1.36031372218578,-1.06195053533711,-78.873960578082
-5.5,-4,-1.35831768528131,-1.06481632588929,-79.1073779348399
-5,-4,-1.35594245977547,-1.06792938749086,-79.3616865413692
-4.5,-4,-1.35308650534754,-1.07131519093551,-79.6392651179125
-4,-4,-1.34961227040503,-1.07499925598736,-79.942626945649
-3.5,-4,-1.34532992149453,-1.07900432649656,-80.2742559729924
-3,-4,-1.33997195277344,-1.08334473865798,-80.6362544990038
-2.5,-4,-1.33315245905511,-1.08801537903944,-81.0296195327856
-2,-4,-1.32429978963808,-1.09297000514901,-81.4527762355766
-1.5,-4,-1.31254138374793,-1.09807809679558,-81.8985905239398
-1,-4,-1.2964994998772,-1.10303698522338,-82.3481755117373
-0.5,-4,-1.27391458085358,-1.10718742535924,-82.7577030800938
0,-4,-1.24092369076904,-1.10911280998834,-83.02939194785
0.5,-4,-1.19063507038211,-1.10573822331102,-82.9455768109806
1,-4,-1.11030406152629,-1.09026698588553,-82.0161063702593
1.5,-4,-0.976217499763785,-1.04762942168504,-79.1377183321151
2,-4,-0.748152125742427,-0.946611773516363,-71.9929520285383
2.5,-4,-0.382440748785465,-0.739360935441651,-56.9636398761939
3,-4,0.0947432477164378,-0.410733810040213,-32.7596712391284
3.5,-4,0.540789788544275,-0.0494549085705482,-5.86576077960618
4,-4,0.85032967968921,0.23922935460748,15.7942810968228
4.5,-4,1.03640697579451,0.435904982897366,30.6409274656975
5,-4,1.14599814980355,0.565457002949038,40.4676551858816
5.5,-4,1.21269126350446,0.652664452966449,47.1081670345116
6,-4,1.25521275953579,0.713601183859376,51.7630748781167
6.5,-4,1.28358811690965,0.757824912998179,55.1503046236795
7,-4,1.30330461131087,0.791025759158217,57.6990151984676
7.5,-4,1.31748830395645,0.816687494801739,59.6728064668092
8,-4,1.32799784173236,0.837018443359962,61.2392175032875
8.5,-4,1.33598375443283,0.853467541997384,62.5084252897855
9,-4,1.34218462715825,0.867016274218262,63.5552096369931
9.5,-4,1.34709017162997,0.87834882648634,64.4317904008834
10,-4,1.35103449793361,0.887954479818929,65.1755698912055
-10,-3.5,-1.37045083687382,-1.04144901430187,-77.2191545443059
-9.5,-3.5,-1.36990500267232,-1.04296876715769,-77.341077054922
-9,-3.5,-1.36928748473661,-1.04459985354942,-77.4720463621935
-8.5,-3.5,-1.3685852003499,-1.04635446666186,-77.6130722544783
-8,-3.5,-1.36778195112999,-1.04824652739233,-77.7653121818974
-7.5,-3.5,-1.36685749196692,-1.05029196223953,-77.9300965669153
-7,-3.5,-1.36578625993088,-1.05250901906135,-78.108958337675
-6.5,-3.5,-1.36453561420695,-1.05491861577368,-78.3036668357368
-6,-3.5,-1.36306336093578,-1.05754470551346,-78.5162656184952
-5.5,-3.5,-1.3613142128436,-1.06041461866193,-78.7491123013441
-5,-3.5,-1.35921462975144,-1.06355929647018,-79.0049157212065
-4.5,-3.5,-1.35666514267182,-1.06701324096391,-79.286759841171
-4,-3.5,-1.35352866962087,-1.07081382654039,-79.598091826094
-3.5,-3.5,-1.34961227040503,-1.07499925598736,-79.942626945649
-3,-3.5,-1.34463783134482,-1.07960369293454,-80.3240708132889
-2.5,-3.5,-1.3381934302461,-1.08464650334972,-80.7454468182656
-2,-3.5,-1.3296496900841,-1.09010901090192,-81.207565197421
-1.5,-3.5,-1.31800997639242,-1.09588406927782,-81.7055868759667
-1,-3.5,-1.30162972646422,-1.10166428269616,-82.2212202799151
-0.5,-3.5,-1.27766401759872,-1.1066855670845,-82.7044876898887
0,-3.5,-1.24092369076904,-1.10911280998834,-83.02939194785
0.5,-3.5,-1.18140269805568,-1.10450082240867,-82.8814261551118
1,-3.5,-1.0789015612853,-1.08184177738205,-81.4651438698945
1.5,-3.5,-0.89289219351985,-1.01406525082852,-76.7911897118445
2,-3.5,-0.557278883976871,-0.844067030245202,-64.5926829368085
2.5,-3.5,-0.0458841196021694,-0.513690850731875,-40.374837460014
3,-3.5,0.484501235725432,-0.0982003734337724,-9.5085480144895
3.5,-3.5,0.85032967968921,0.23922935460748,15.7942810968228
4,-3.5,1.05576494573699,0.457853354535753,32.3028746000133
4.5,-3.5,1.16838971123825,0.593836994230905,42.626186954123
5,-3.5,1.23314898220916,0.681324651219557,49.2958317355304
5.5,-3.5,1.27273610676951,0.740488768365357,53.8214916011324
6,-3.5,1.29834224835837,0.782431641248909,57.0387625946983
6.5,-3.5,1.31572085751989,0.813389426493585,59.4189318579826
7,-3.5,1.32799784173236,0.837018443359962,61.2392175032875
7.5,-3.5,1.33696531009882,0.855562059321196,62.6701658275536
8,-3.5,1.34370144207383,0.870455895370329,63.8211654594045
8.5,-3.5,1.34888281987447,0.88265364787774,64.7650282288957
9,-3.5,1.35294983769375,0.892809932746494,65.5518192211578
9.5,-3.5,1.35619841467904,0.901387089207917,66.2169530606595
10,-3.5,1.35883298638023,0.908719909867233,66.7861101952604
-10,-3,-1.37187591401337,-1.0370590275205,-76.8675171909581
-9.5,-3,-1.37143571462876,-1.03848891254146,-76.981963795915
-9,-3,-1.37093564531895,-1.04002988886034,-77.1053952037014
-8.5,-3,-1.3703643642257,-1.04169504617529,-77.2388856389319
-8,-3,-1.36970771860289,-1.04349952285158,-77.3836812121439
-7.5,-3,-1.36894786818942,-1.04546089277207,-77.5412336322448
-7,-3,-1.36806207339572,-1.04759962998218,-77.7132412751472
-6.5,-3,-1.36702099402843,-1.04993966215358,-77.9016990385314
-6,-3,-1.36578625993088,-1.05250901906135,-78.108958337675
-5.5,-3,-1.36430693632481,-1.05534056853667,-78.3377980164834
-5,-3,-1.36251427306452,-1.05847279930247,-78.5915051868132
-4.5,-3,-1.36031372218578,-1.06195053533711,-78.873960578082
-4,-3,-1.35757248438301,-1.06582530087298,-79.1897125412911
-3.5,-3,-1.35409950574046,-1.07015468831964,-79.5439997625186
-3,-3,-1.34961227040503,-1.07499925598736,-79.942626945649
-2.5,-3,-1.34367956382035,-1.08041357477939,-80.3914659319556
-2,-3,-1.33561848718597,-1.08642346866707,-80.8950332458287
-1.5,-3,-1.32429978963808,-1.09297000514901,-81.4527762355766
-1,-3,-1.30775850958386,-1.09977029124654,-82.049499957742
-0.5,-3,-1.2823638771894,-1.10595886147966,-82.6300775816363
0,-3,-1.24092369076904,-1.10911280998834,-83.02939194785
0.5,-3,-1.16807837838571,-1.10243631842799,-82.7668500518899
1,-3,-1.02900544169783,-1.06635787828535,-80.4242164681044
1.5,-3,-0.748152125742427,-0.946611773516363,-71.9929520285383
2,-3,-0.230449915466182,-0.641159129176464,-49.7650064854345
2.5,-3,0.40494699115628,-0.165432775696271,-14.5259177038202
3,-3,0.85032967968921,0.23922935460748,15.7942810968228
3.5,-3,1.07940456710622,0.485146790606478,34.371123964997
4,-3,1.19383781041895,0.627143685781621,45.1624492525259
4.5,-3,1.25521275953579,0.713601183859376,51.7630748781167
5,-3,1.29093308843315,0.769910482851647,56.0774613906037
5.5,-3,1.31324198606707,0.808815604498436,59.0669545572698
6,-3,1.32799784173236,0.837018443359962,61.2392175032875
6.5,-3,1.33822085499866,0.858267342120862,62.8791146346969
7,-3,1.34557581207326,0.87478415762703,64.1559566871427
7.5,-3,1.35103449793361,0.887954479818929,65.1755698912055
8,-3,1.35519240530294,0.898680726343515,66.0070133709142
8.5,-3,1.35842980986327,0.90757280293127,66.6970417964792
9,-3,1.36099826805512,0.915056199426857,67.278322581476
9.5,-3,1.3630693205504,0.921435974778189,67.7743089281484
10,-3,1.36476307175694,0.926936093757688,68.202240625175
-10,-2.5,-1.37319822230767,-1.03224380061519,-76.4826921359591
-9.5,-2.5,-1.37286180492327,-1.03355510529026,-76.5874035189651
-9,-2.5,-1.37247795823509,-1.0349744761317,-76.7008158053315
-8.5,-2.5,-1.37203734630382,-1.03651558232055,-76.8240416733572
-8,-2.5,-1.37152822275479,-1.03819443486154,-76.9583873703132
-7.5,-2.5,-1.37093564531895,-1.04002988886034,-77.1053952037014
-7,-2.5,-1.37024037553224,-1.04204427136662,-77.2668970850419
-6.5,-2.5,-1.36941731110653,-1.04426416756276,-77.445082266652
-6,-2.5,-1.36843321037833,-1.04672140412172,-77.6425832086239
-5.5,-2.5,-1.36724331995501,-1.04945427147376,-77.8625842815331
-5,-2.5,-1.36578625993088,-1.05250901906135,-78.108958337675
-4.5,-2.5,-1.36397606225733,-1.05594162094672,-78.3864349510731
-4,-2.5,-1.36168940857178,-1.05981969782123,-78.7007984236573
-3.5,-2.5,-1.35874447792466,-1.06422418181235,-79.0590959428688
-3,-2.5,-1.35486451886579,-1.06924953048929,-79.4697866795828
-2.5,-2.5,-1.34961227040503,-1.07499925598736,-79.942626945649
-2,-2.5,-1.34226563710905,-1.08156803938858,-80.4877098438009
-1.5,-2.5,-1.33156721363927,-1.08898616857966,-81.1119892612381
-1,-2.5,-1.31518204911896,-1.09705517636929,-81.8082760890069
-0.5,-2.5,-1.28842020835453,-1.10485014658039,-82.5205955857362
0,-2.5,-1.24092369076904,-1.10911280998834,-83.02939194785
0.5,-2.5,-1.14723595185582,-1.09860766164999,-82.540329524912
1,-2.5,-0.939702965516032,-1.03347187410719,-78.1529029371175
1.5,-2.5,-0.467246166456528,-0.791315398677637,-60.75619020737
2,-2.5,0.285832474367684,-0.262686596620496,-21.7690528406316
2.5,-2.5,0.85032967968921,0.23922935460748,15.7942810968228
3,-2.5,1.10878969672536,0.5199079201656,37.0078843037384
3.5,-2.5,1.22271709153139,0.666573437239509,48.1695011405343
4,-2.5,1.2787377649846,0.750004460595966,54.5507045091445
4.5,-2.5,1.30951724080698,0.802049844374397,58.5465073940959
5,-2.5,1.32799784173236,0.837018443359962,61.2392175032875
5.5,-2.5,1.33988288110614,0.861895799533716,63.1594467229184
6,-2.5,1.34794727085507,0.880395073694107,64.5901730692327
6.5,-2.5,1.35365741706165,0.894639455823485,65.6936403025323
7,-2.5,1.35784250950544,0.905918649502993,66.5686246593781
7.5,-2.5,1.36099826805512,0.915056199426857,67.278322581476
8,-2.5,1.36343509464282,0.922600315110918,67.8648731612672
8.5,-2.5,1.36535507122964,0.928928913839435,68.3573688623369
9,-2.5,1.36689419366729,0.934310380726387,68.7764975281051
9.5,-2.5,1.36814663022654,0.938940242104286,69.1373486669837
10,-2.5,1.36917922062999,0.942964130391148,69.451173257665
-10,-2,-1.37438743596947,-1.02694897423457,-76.060499307545
-9.5,-2,-1.37414985783135,-1.02810650744755,-76.1527160639918
-9,-2,-1.37387752574268,-1.02936525150437,-76.253046687158
-8.5,-2,-1.37356332434519,-1.03073892465486,-76.3625996687563
-8,-2,-1.37319822230767,-1.03224380061519,-76.4826921359591
-7.5,-2,-1.37277061921016,-1.03389931877087,-76.6149003800279
-7,-2,-1.37226541762612,-1.03572887185045,-76.7611253885792
-6.5,-2,-1.37166268014779,-1.0377608308743,-76.9236786103785
-6,-2,-1.37093564531895,-1.04002988886034,-77.1053952037014
-5.5,-2,-1.37004772831383,-1.04257883334406,-77.3097848121313
-5,-2,-1.36894786818942,-1.04546089277207,-77.5412336322448
-4.5,-2,-1.36756309592843,-1.04874283672611,-77.8052760614992
-4,-2,-1.36578625993088,-1.05250901906135,-78.108958337675
-3.5,-2,-1.36345495828528,-1.05686645275809,-78.4613155162321
-3,-2,-1.36031372218578,-1.06195053533711,-78.873960578082
-2.5,-2,-1.35594245977547,-1.06792938749086,-79.3616865413692
-2,-2,-1.34961227040503,-1.07499925598736,-79.942626945649
-1.5,-2,-1.33997195277344,-1.08334473865798,-80.6362544990038
-1,-2,-1.32429978963808,-1.09297000514901,-81.4527762355766
-0.5,-2,-1.2964994998772,-1.10303698522338,-82.3481755117373
0,-2,-1.24092369076904,-1.10911280998834,-83.02939194785
0.5,-2,-1.11030406152629,-1.09026698588553,-82.0161063702593
1,-2,-0.748152125742427,-0.946611773516363,-71.9929520285383
1.5,-2,0.0947432477164378,-0.410733810040213,-32.7596712391284
2,-2,0.85032967968921,0.23922935460748,15.7942810968228
2.5,-2,1.14599814980355,0.565457002949038,40.4676551858816
3,-2,1.25521275953579,0.713601183859376,51.7630748781167
3.5,-2,1.30330461131087,0.791025759158217,57.6990151984676
4,-2,1.32799784173236,0.837018443359962,61.2392175032875
4.5,-2,1.34218462715825,0.867016274218262,63.5552096369931
5,-2,1.35103449793361,0.887954479818929,65.1755698912055
5.5,-2,1.35690813059453,0.903326024986527,66.3674014263791
6,-2,1.36099826805512,0.915056199426857,67.278322581476
6.5,-2,1.36395733394033,0.924284408736981,67.9958893570839
7,-2,1.36616557779538,0.931724429675771,68.5750541984326
7.5,-2,1.36785637405398,0.937844583779866,69.0519308580337
8,-2,1.36917922062999,0.942964130391147,69.451173257665
8.5,-2,1.370233396726,0.947307811550896,69.7901581105481
9,-2,1.3710868867426,0.951038208986579,70.0814699096278
9.5,-2,1.37178749274608,0.954275726518616,70.3344376428717
10,-2,1.37236960871793,0.957111365112993,70.5561184365291
-10,-1.5,-1.37540656033243,-1.02111166958404,-75.5961104682822
-9.5,-1.5,-1.3752586897102,-1.02207226151097,-75.6724587033247
-9,-1.5,-1.37508835244471,-1.02312198993048,-75.7559232820635
-8.5,-1.5,-1.37489075934389,-1.02427378193028,-75.8475418139564
-8,-1.5,-1.37465977477553,-1.02554316972014,-75.9485623958229
-7.5,-1.5,-1.37438743596947,-1.02694897423457,-76.060499307545
-7,-1.5,-1.37406325974145,-1.02851421256858,-76.1852071445752
-6.5,-1.5,-1.37367322214392,-1.03026731777733,-76.3249807897835
-6,-1.5,-1.37319822230767,-1.03224380061519,-76.4826921359591
-5.5,-1.5,-1.37261170998129,-1.03448854532799,-76.66197988408
-5,-1.5,-1.37187591401337,-1.0370590275205,-76.8675171909581
-4.5,-1.5,-1.37093564531895,-1.04002988886034,-77.1053952037014
-4,-1.5,-1.36970771860289,-1.04349952285158,-77.3836812121439
-3.5,-1.5,-1.36806207339572,-1.04759962998218,-77.7132412751472
-3,-1.5,-1.36578625993088,-1.05250901906135,-78.108958337675
-2.5,-1.5,-1.36251427306452,-1.05847279930247,-78.5915051868132
-2,-1.5,-1.35757248438301,-1.06582530087298,-79.1897125412911
-1.5,-1.5,-1.34961227040503,-1.07499925598736,-79.942626945649
-1,-1.5,-1.33561848718597,-1.08642346866707,-80.8950332458287
-0.5,-1.5,-1.30775850958386,-1.09977029124654,-82.049499957742
0,-1.5,-1.24092369076904,-1.10911280998834,-83.02939194785
0.5,-1.5,-1.02900544169783,-1.06635787828535,-80.4242164681044
1,-1.5,-0.230449915466182,-0.641159129176464,-49.7650064854345
1.5,-1.5,0.85032967968921,0.23922935460748,15.7942810968228
2,-1.5,1.19383781041895,0.627143685781621,45.1624492525259
2.5,-1.5,1.29093308843315,0.769910482851647,56.0774613906037
3,-1.5,1.32799784173236,0.837018443359962,61.2392175032875
3.5,-1.5,1.34557581207326,0.87478415762703,64.1559566871427
4,-1.5,1.35519240530294,0.898680726343515,66.0070133709142
4.5,-1.5,1.36099826805512,0.915056199426857,67.278322581476
5,-1.5,1.36476307175694,0.926936093757688,68.202240625175
5.5,-1.5,1.36733976731499,0.935929130450261,68.9026349142964
6,-1.5,1.36917922062999,0.942964130391148,69.4511732576651
6.5,-1.5,1.37053749478707,0.948612752407485,69.8920426202675
7,-1.5,1.37156860030088,0.953245202619876,70.2539013536265
7.5,-1.5,1.37236960871793,0.957111365112993,70.5561184365291
8,-1.5,1.37300413369504,0.960385799482357,70.8122395386511
8.5,-1.5,1.37351525742587,0.963194021881934,71.0320142519997
9,-1.5,1.37393299040867,0.965628536255759,71.2226342294603
9.5,-1.5,1.3742787531938,0.967758982044684,71.3895177936059
10,-1.5,1.37456816412769,0.96963876589828,71.5368232052129
-10,-1,-1.37621042022891,-1.01465894096215,-75.0839325727211
-9.5,-1,-1.37613749031629,-1.01536957298868,-75.1402815594857
-9,-1,-1.37605304031321,-1.01615020707828,-75.2021970394236
-8.5,-1,-1.37595451068259,-1.01701169235932,-75.2705445337581
-8,-1,-1.37583858976534,-1.01796723398093,-75.3463782346031
-7.5,-1,-1.37570093223118,-1.01903306652802,-75.4309951738704
-7,-1,-1.37553574650537,-1.02022937110819,-75.5260090986989
-6.5,-1,-1.37533517660087,-1.02158154481693,-75.633452903353
-6,-1,-1.37508835244471,-1.02312198993048,-75.7559232820635
-5.5,-1,-1.37477988897756,-1.02489268648249,-75.8967892084357
-5,-1,-1.37438743596947,-1.02694897423457,-76.060499307545
-4.5,-1,-1.37387752574268,-1.02936525150437,-76.253046687158
-4,-1,-1.37319822230767,-1.03224380061519,-76.4826921359591
-3.5,-1,-1.37226541762612,-1.03572887185045,-76.7611253885792
-3,-1,-1.37093564531895,-1.04002988886034,-77.1053952037014
-2.5,-1,-1.36894786818942,-1.04546089277207,-77.5412336322448
-2,-1,-1.36578625993088,-1.05250901906135,-78.108958337675
-1.5,-1,-1.36031372218578,-1.06195053533711,-78.873960578082
-1,-1,-1.34961227040503,-1.07499925598736,-79.942626945649
-0.5,-1,-1.32429978963808,-1.09297000514901,-81.4527762355766
0,-1,-1.24092369076904,-1.10911280998834,-83.02939194785
0.5,-1,-0.748152125742427,-0.946611773516363,-71.9929520285383
1,-1,0.85032967968921,0.23922935460748,15.7942810968228
1.5,-1,1.25521275953579,0.713601183859376,51.7630748781167
2,-1,1.32799784173236,0.837018443359962,61.2392175032875
2.5,-1,1.35103449793361,0.887954479818929,65.1755698912055
3,-1,1.36099826805512,0.915056199426857,67.278322581476
3.5,-1,1.36616557779538,0.931724429675771,68.5750541984326
4,-1,1.36917922062999,0.942964130391147,69.451173257665
4.5,-1,1.3710868867426,0.951038208986579,70.0814699096278
5,-1,1.37236960871793,0.957111365112993,70.5561184365291
5.5,-1,1.37327300177144,0.96184177237462,70.9261716168901
6,-1,1.37393299040867,0.965628536255759,71.2226342294603
6.5,-1,1.37442969941928,0.968727370148284,71.4653968170263
7,-1,1.374812826706,0.97130951769935,71.6677938535173
7.5,-1,1.3751145167752,0.973493888802302,71.8390932497629
8,-1,1.3753563035559,0.975365590248709,71.9859336267631
8.5,-1,1.37555304995934,0.976987117283989,72.1131932746155
9,-1,1.37571528151185,0.978405382126473,72.2245363858445
9.5,-1,1.37585062061394,0.979656278153902,72.3227680634756
10,-1,1.37596469667684,0.980767730867081,72.4100718051644
-10,-0.5,-1.37674378434105,-1.00750592062633,-74.5174681643253
-9.5,-0.5,-1.37672349100022,-1.00790139001401,-74.548752939235
-9,-0.5,-1.37669986158876,-1.00833822696753,-74.5833146212079
-8.5,-0.5,-1.3766721227756,-1.00882327585178,-74.6216961859489
-8,-0.5,-1.37663926346518,-1.00936497778221,-74.6645674903833
-7.5,-0.5,-1.37659994137291,-1.00997386463999,-74.7127646002512
-7,-0.5,-1.37655234379734,-1.01066324837489,-74.767344696374
-6.5,-0.5,-1.37649397500958,-1.01145020188081,-74.8296642586709
-6,-0.5,-1.3764213224932,-1.01235698599528,-74.9014928987314
-5.5,-0.5,-1.37632931622303,-1.01341317826075,-74.98518332776
-5,-0.5,-1.37621042022891,-1.01465894096215,-75.0839325727211
-4.5,-0.5,-1.37605304031321,-1.01615020707828,-75.2021970394236
-4,-0.5,-1.37583858976534,-1.01796723398093,-75.3463782346031
-3.5,-0.5,-1.37553574650537,-1.02022937110819,-75.5260090986989
-3,-0.5,-1.37508835244471,-1.02312198993048,-75.7559232820635
-2.5,-0.5,-1.37438743596947,-1.02694897423457,-76.060499307545
-2,-0.5,-1.37319822230767,-1.03224380061519,-76.4826921359591
-1.5,-0.5,-1.37093564531895,-1.04002988886034,-77.1053952037014
-1,-0.5,-1.36578625993088,-1.05250901906135,-78.108958337675
-0.5,-0.5,-1.34961227040503,-1.07499925598736,-79.942626945649
0,-0.5,-1.24092369076904,-1.10911280998834,-83.02939194785
0.5,-0.5,0.85032967968921,0.23922935460748,15.7942810968228
1,-0.5,1.32799784173236,0.837018443359962,61.2392175032875
1.5,-0.5,1.36099826805512,0.915056199426857,67.278322581476
2,-0.5,1.36917922062999,0.942964130391147,69.451173257665
2.5,-0.5,1.37236960871793,0.957111365112993,70.5561184365291
3,-0.5,1.37393299040867,0.965628536255759,71.2226342294603
3.5,-0.5,1.374812826706,0.97130951769935,71.6677938535173
4,-0.5,1.3753563035559,0.975365590248709,71.9859336267631
4.5,-0.5,1.37571528151185,0.978405382126473,72.2245363858445
5,-0.5,1.37596469667684,0.980767730867081,72.4100718051644
5.5,-0.5,1.37614497938664,0.982656093962422,72.5584503655521
6,-0.5,1.37627949937014,0.984199955671698,72.679806371369
6.5,-0.5,1.37638252706302,0.985485616161145,72.780898988273
7,-0.5,1.3764631756725,0.986572795203745,72.8664083287688
7.5,-0.5,1.37652748590392,0.987504127076336,72.9396772396932
8,-0.5,1.37657958998278,0.988310859110353,73.0031568170393
8.5,-0.5,1.37662239193356,0.989016413271514,73.0586850230061
9,-0.5,1.37665798091654,0.989638690286956,73.1076670315461
9.5,-0.5,1.37668789094477,0.990191605274103,73.1511954802422
10,-0.5,1.37671326892414,0.990686138049627,73.190132752627
-10,0,-1.37693903471965,-0.999553594564327,-73.8891482935691
-9.5,0,-1.37693903471965,-0.999553594564326,-73.8891482935691
-9,0,-1.37693903471965,-0.999553594564327,-73.8891482935691
-8.5,0,-1.37693903471965,-0.999553594564327,-73.8891482935691
-8,0,-1.37693903471965,-0.999553594564326,-73.8891482935691
-7.5,0,-1.37693903471965,-0.999553594564327,-73.8891482935691
-7,0,-1.37693903471965,-0.999553594564327,-73.8891482935691
-6.5,0,-1.37693903471965,-0.999553594564327,-73.8891482935691
-6,0,-1.37693903471965,-0.999553594564327,-73.8891482935691
-5.5,0,-1.37693903471965,-0.999553594564327,-73.8891482935691
-5,0,-1.37693903471965,-0.999553594564327,-73.8891482935691
-4.5,0,-1.37693903471965,-0.999553594564327,-73.8891482935691
-4,0,-1.37693903471965,-0.999553594564326,-73.8891482935691
-3.5,0,-1.37693903471965,-0.999553594564327,-73.8891482935691
-3,0,-1.37693903471965,-0.999553594564327,-73.8891482935691
-2.5,0,-1.37693903471965,-0.999553594564327,-73.8891482935691
-2,0,-1.37693903471965,-0.999553594564326,-73.8891482935691
-1.5,0,-1.37693903471965,-0.999553594564327,-73.8891482935691
-1,0,-1.37693903471965,-0.999553594564326,-73.8891482935691
-0.5,0,-1.37693903471965,-0.999553594564326,-73.8891482935691
0.5,0,1.37693903471965,0.999553594564326,73.8891482935691
1,0,1.37693903471965,0.999553594564326,73.8891482935691
1.5,0,1.37693903471965,0.999553594564327,73.8891482935691
2,0,1.37693903471965,0.999553594564326,73.8891482935691
2.5,0,1.37693903471965,0.999553594564327,73.8891482935691
3,0,1.37693903471965,0.999553594564327,73.8891482935691
3.5,0,1.37693903471965,0.999553594564327,73.8891482935691
4,0,1.37693903471965,0.999553594564326,73.8891482935691
4.5,0,1.37693903471965,0.999553594564327,73.8891482935691
5,0,1.37693903471965,0.999553594564327,73.8891482935691
5.5,0,1.37693903471965,0.999553594564327,73.8891482935691
6,0,1.37693903471965,0.999553594564327,73.8891482935691
6.5,0,1.37693903471965,0.999553594564327,73.8891482935691
7,0,1.37693903471965,0.999553594564327,73.8891482935691
7.5,0,1.37693903471965,0.999553594564327,73.8891482935691
8,0,1.37693903471965,0.999553594564326,73.8891482935691
8.5,0,1.37693903471965,0.999553594564327,73.8891482935691
9,0,1.37693903471965,0.999553594564327,73.8891482935691
9.5,0,1.37693903471965,0.999553594564326,73.8891482935691
10,0,1.37693903471965,0.999553594564327,73.8891482935691
-10,0.5,-1.37671326892414,-0.990686138049627,-73.190132752627
-9.5,0.5,-1.37668789094477,-0.990191605274103,-73.1511954802422
-9,0.5,-1.37665798091654,-0.989638690286956,-73.1076670315461
-8.5,0.5,-1.37662239193356,-0.989016413271514,-73.0586850230061
-8,0.5,-1.37657958998278,-0.988310859110353,-73.0031568170393
-7.5,0.5,-1.37652748590392,-0.987504127076336,-72.9396772396932
-7,0.5,-1.3764631756725,-0.986572795203745,-72.8664083287688
-6.5,0.5,-1.37638252706302,-0.985485616161145,-72.780898988273
-6,0.5,-1.37627949937014,-0.984199955671698,-72.679806371369
-5.5,0.5,-1.37614497938664,-0.982656093962422,-72.5584503655521
-5,0.5,-1.37596469667684,-0.980767730867081,-72.4100718051644
-4.5,0.5,-1.37571528151185,-0.978405382126473,-72.2245363858445
-4,0.5,-1.3753563035559,-0.975365590248709,-71.9859336267631
-3.5,0.5,-1.374812826706,-0.97130951769935,-71.6677938535173
-3,0.5,-1.37393299040867,-0.965628536255759,-71.2226342294603
-2.5,0.5,-1.37236960871793,-0.957111365112993,-70.5561184365291
-2,0.5,-1.36917922062999,-0.942964130391147,-69.451173257665
-1.5,0.5,-1.36099826805512,-0.915056199426857,-67.278322581476
-1,0.5,-1.32799784173236,-0.837018443359962,-61.2392175032875
-0.5,0.5,-0.85032967968921,-0.23922935460748,-15.7942810968228
0,0.5,1.24092369076904,1.10911280998834,83.02939194785
0.5,0.5,1.34961227040503,1.07499925598736,79.942626945649
1,0.5,1.36578625993088,1.05250901906135,78.108958337675
1.5,0.5,1.37093564531895,1.04002988886034,77.1053952037014
2,0.5,1.37319822230767,1.03224380061519,76.4826921359591
2.5,0.5,1.37438743596947,1.02694897423457,76.060499307545
3,0.5,1.37508835244471,1.02312198993048,75.7559232820635
3.5,0.5,1.37553574650537,1.02022937110819,75.5260090986989
4,0.5,1.37583858976534,1.01796723398093,75.3463782346031
4.5,0.5,1.37605304031321,1.01615020707828,75.2021970394236
5,0.5,1.37621042022891,1.01465894096215,75.0839325727211
5.5,0.5,1.37632931622303,1.01341317826075,74.98518332776
6,0.5,1.3764213224932,1.01235698599528,74.9014928987314
6.5,0.5,1.37649397500958,1.01145020188081,74.8296642586709
7,0.5,1.37655234379734,1.01066324837489,74.767344696374
7.5,0.5,1.37659994137291,1.00997386463999,74.7127646002512
8,0.5,1.37663926346518,1.00936497778221,74.6645674903833
8.5,0.5,1.3766721227756,1.00882327585178,74.6216961859489
9,0.5,1.37669986158876,1.00833822696753,74.5833146212079
9.5,0.5,1.37672349100022,1.00790139001401,74.548752939235
10,0.5,1.37674378434105,1.00750592062633,74.5174681643253
-10,1,-1.37596469667684,-0.980767730867081,-72.4100718051644
-9.5,1,-1.37585062061394,-0.979656278153902,-72.3227680634756
-9,1,-1.37571528151185,-0.978405382126473,-72.2245363858445
-8.5,1,-1.37555304995934,-0.976987117283989,-72.1131932746155
-8,1,-1.3753563035559,-0.975365590248709,-71.9859336267631
-7.5,1,-1.3751145167752,-0.973493888802302,-71.8390932497629
-7,1,-1.374812826706,-0.97130951769935,-71.6677938535173
-6.5,1,-1.37442969941928,-0.968727370148284,-71.4653968170263
-6,1,-1.37393299040867,-0.965628536255759,-71.2226342294603
-5.5,1,-1.37327300177144,-0.96184177237462,-70.9261716168901
-5,1,-1.37236960871793,-0.957111365112993,-70.5561184365291
-4.5,1,-1.3710868867426,-0.951038208986579,-70.0814699096278
-4,1,-1.36917922062999,-0.942964130391147,-69.451173257665
-3.5,1,-1.36616557779538,-0.931724429675771,-68.5750541984326
-3,1,-1.36099826805512,-0.915056199426857,-67.278322581476
-2.5,1,-1.35103449793361,-0.887954479818929,-65.1755698912055
-2,1,-1.32799784173236,-0.837018443359962,-61.2392175032875
-1.5,1,-1.25521275953579,-0.713601183859376,-51.7630748781167
-1,1,-0.85032967968921,-0.23922935460748,-15.7942810968228
-0.5,1,0.748152125742427,0.946611773516363,71.9929520285383
0,1,1.24092369076904,1.10911280998834,83.02939194785
0.5,1,1.32429978963808,1.09297000514901,81.4527762355766
1,1,1.34961227040503,1.07499925598736,79.942626945649
1.5,1,1.36031372218578,1.06195053533711,78.873960578082
2,1,1.36578625993088,1.05250901906135,78.108958337675
2.5,1,1.36894786818942,1.04546089277207,77.5412336322448
3,1,1.37093564531895,1.04002988886034,77.1053952037014
3.5,1,1.37226541762612,1.03572887185045,76.7611253885792
4,1,1.37319822230767,1.03224380061519,76.4826921359591
4.5,1,1.37387752574268,1.02936525150437,76.253046687158
5,1,1.37438743596947,1.02694897423457,76.060499307545
5.5,1,1.37477988897756,1.02489268648249,75.8967892084357
6,1,1.37508835244471,1.02312198993048,75.7559232820635
6.5,1,1.37533517660087,1.02158154481693,75.633452903353
7,1,1.37553574650537,1.02022937110819,75.5260090986989
7.5,1,1.37570093223118,1.01903306652802,75.4309951738704
8,1,1.37583858976534,1.01796723398093,75.3463782346031
8.5,1,1.37595451068259,1.01701169235932,75.2705445337581
9,1,1.37605304031321,1.01615020707828,75.2021970394236
9.5,1,1.37613749031629,1.01536957298868,75.1402815594857
10,1,1.37621042022891,1.01465894096215,75.0839325727211
-10,1.5,-1.37456816412769,-0.96963876589828,-71.5368232052129
-9.5,1.5,-1.3742787531938,-0.967758982044684,-71.3895177936059
-9,1.5,-1.37393299040867,-0.965628536255759,-71.2226342294603
-8.5,1.5,-1.37351525742587,-0.963194021881934,-71.0320142519997
-8,1.5,-1.37300413369504,-0.960385799482357,-70.8122395386511
-7.5,1.5,-1.37236960871793,-0.957111365112993,-70.5561184365291
-7,1.5,-1.37156860030088,-0.953245202619876,-70.2539013536265
-6.5,1.5,-1.37053749478707,-0.948612752407485,-69.8920426202675
-6,1.5,-1.36917922062999,-0.942964130391148,-69.4511732576651
-5.5,1.5,-1.36733976731499,-0.935929130450261,-68.9026349142964
-5,1.5,-1.36476307175694,-0.926936093757688,-68.202240625175
-4.5,1.5,-1.36099826805512,-0.915056199426857,-67.278322581476
-4,1.5,-1.35519240530294,-0.898680726343515,-66.0070133709142
-3.5,1.5,-1.34557581207326,-0.87478415762703,-64.1559566871427
-3,1.5,-1.32799784173236,-0.837018443359962,-61.2392175032875
-2.5,1.5,-1.29093308843315,-0.769910482851647,-56.0774613906037
-2,1.5,-1.19383781041895,-0.627143685781621,-45.1624492525259
-1.5,1.5,-0.85032967968921,-0.23922935460748,-15.7942810968228
-1,1.5,0.230449915466182,0.641159129176464,49.7650064854345
-0.5,1.5,1.02900544169783,1.06635787828535,80.4242164681044
0,1.5,1.24092369076904,1.10911280998834,83.02939194785
0.5,1.5,1.30775850958386,1.09977029124654,82.049499957742
1,1.5,1.33561848718597,1.08642346866707,80.8950332458287
1.5,1.5,1.34961227040503,1.07499925598736,79.942626945649
2,1.5,1.35757248438301,1.06582530087298,79.1897125412911
2.5,1.5,1.36251427306452,1.05847279930247,78.5915051868132
3,1.5,1.36578625993088,1.05250901906135,78.108958337675
3.5,1.5,1.36806207339572,1.04759962998218,77.7132412751472
4,1.5,1.36970771860289,1.04349952285158,77.3836812121439
4.5,1.5,1.37093564531895,1.04002988886034,77.1053952037014
5,1.5,1.37187591401337,1.0370590275205,76.8675171909581
5.5,1.5,1.37261170998129,1.03448854532799,76.66197988408
6,1.5,1.37319822230767,1.03224380061519,76.4826921359591
6.5,1.5,1.37367322214392,1.03026731777733,76.3249807897835
7,1.5,1.37406325974145,1.02851421256858,76.1852071445752
7.5,1.5,1.37438743596947,1.02694897423457,76.060499307545
8,1.5,1.37465977477553,1.02554316972014,75.9485623958229
8.5,1.5,1.37489075934389,1.02427378193028,75.8475418139564
9,1.5,1.37508835244471,1.02312198993048,75.7559232820635
9.5,1.5,1.3752586897102,1.02207226151097,75.6724587033247
10,1.5,1.37540656033243,1.02111166958404,75.5961104682822
-10,2,-1.37236960871793,-0.957111365112993,-70.5561184365291
-9.5,2,-1.37178749274608,-0.954275726518616,-70.3344376428717
-9,2,-1.3710868867426,-0.951038208986579,-70.0814699096278
-8.5,2,-1.370233396726,-0.947307811550896,-69.7901581105481
-8,2,-1.36917922062999,-0.942964130391147,-69.451173257665
-7.5,2,-1.36785637405398,-0.937844583779866,-69.0519308580337
-7,2,-1.36616557779538,-0.931724429675771,-68.5750541984326
-6.5,2,-1.36395733394033,-0.924284408736981,-67.9958893570839
-6,2,-1.36099826805512,-0.915056199426857,-67.278322581476
-5.5,2,-1.35690813059453,-0.903326024986527,-66.3674014263791
-5,2,-1.35103449793361,-0.887954479818929,-65.1755698912055
-4.5,2,-1.34218462715825,-0.867016274218262,-63.5552096369931
-4,2,-1.32799784173236,-0.837018443359962,-61.2392175032875
-3.5,2,-1.30330461131087,-0.791025759158217,-57.6990151984676
-3,2,-1.25521275953579,-0.713601183859376,-51.7630748781167
-2.5,2,-1.14599814980355,-0.565457002949038,-40.4676551858816
-2,2,-0.85032967968921,-0.23922935460748,-15.7942810968228
-1.5,2,-0.0947432477164378,0.410733810040213,32.7596712391284
-1,2,0.748152125742427,0.946611773516363,71.9929520285383
-0.5,2,1.11030406152629,1.09026698588553,82.0161063702593
0,2,1.24092369076904,1.10911280998834,83.02939194785
0.5,2,1.2964994998772,1.10303698522338,82.3481755117373
1,2,1.32429978963808,1.09297000514901,81.4527762355766
1.5,2,1.33997195277344,1.08334473865798,80.6362544990038
2,2,1.34961227040503,1.07499925598736,79.942626945649
2.5,2,1.35594245977547,1.06792938749086,79.3616865413692
3,2,1.36031372218578,1.06195053533711,78.873960578082
3.5,2,1.36345495828528,1.05686645275809,78.4613155162321
4,2,1.36578625993088,1.05250901906135,78.108958337675
4.5,2,1.36756309592843,1.04874283672611,77.8052760614992
5,2,1.36894786818942,1.04546089277207,77.5412336322448
5.5,2,1.37004772831383,1.04257883334406,77.3097848121313
6,2,1.37093564531895,1.04002988886034,77.1053952037014
6.5,2,1.37166268014779,1.0377608308743,76.9236786103785
7,2,1.37226541762612,1.03572887185045,76.7611253885792
7.5,2,1.37277061921016,1.03389931877087,76.6149003800279
8,2,1.37319822230767,1.03224380061519,76.4826921359591
8.5,2,1.37356332434519,1.03073892465486,76.3625996687563
9,2,1.37387752574268,1.02936525150437,76.253046687158
9.5,2,1.37414985783135,1.02810650744755,76.1527160639918
10,2,1.37438743596947,1.02694897423457,76.060499307545
-10,2.5,-1.36917922062999,-0.942964130391148,-69.451173257665
-9.5,2.5,-1.36814663022654,-0.938940242104286,-69.1373486669837
-9,2.5,-1.36689419366729,-0.934310380726387,-68.7764975281051
-8.5,2.5,-1.36535507122964,-0.928928913839435,-68.3573688623369
-8,2.5,-1.36343509464282,-0.922600315110918,-67.8648731612672
-7.5,2.5,-1.36099826805512,-0.915056199426857,-67.278322581476
-7,2.5,-1.35784250950544,-0.905918649502993,-66.5686246593781
-6.5,2.5,-1.35365741706165,-0.894639455823485,-65.6936403025323
-6,2.5,-1.34794727085507,-0.880395073694107,-64.5901730692327
-5.5,2.5,-1.33988288110614,-0.861895799533716,-63.1594467229184
-5,2.5,-1.32799784173236,-0.837018443359962,-61.2392175032875
-4.5,2.5,-1.30951724080698,-0.802049844374397,-58.5465073940959
-4,2.5,-1.2787377649846,-0.750004460595966,-54.5507045091445
-3.5,2.5,-1.22271709153139,-0.666573437239509,-48.1695011405343
-3,2.5,-1.10878969672536,-0.5199079201656,-37.0078843037384
-2.5,2.5,-0.85032967968921,-0.23922935460748,-15.7942810968228
-2,2.5,-0.285832474367684,0.262686596620496,21.7690528406316
-1.5,2.5,0.467246166456528,0.791315398677637,60.75619020737
-1,2.5,0.939702965516032,1.03347187410719,78.1529029371175
-0.5,2.5,1.14723595185582,1.09860766164999,82.540329524912
0,2.5,1.24092369076904,1.10911280998834,83.02939194785
0.5,2.5,1.28842020835453,1.10485014658039,82.5205955857362
1,2.5,1.31518204911896,1.09705517636929,81.8082760890069
1.5,2.5,1.33156721363927,1.08898616857966,81.1119892612381
2,2.5,1.34226563710905,1.08156803938858,80.4877098438009
2.5,2.5,1.34961227040503,1.07499925598736,79.942626945649
3,2.5,1.35486451886579,1.06924953048929,79.4697866795828
3.5,2.5,1.35874447792466,1.06422418181235,79.0590959428688
4,2.5,1.36168940857178,1.05981969782123,78.7007984236573
4.5,2.5,1.36397606225733,1.05594162094672,78.3864349510731
5,2.5,1.36578625993088,1.05250901906135,78.108958337675
5.5,2.5,1.36724331995501,1.04945427147376,77.8625842815331
6,2.5,1.36843321037833,1.04672140412172,77.6425832086239
6.5,2.5,1.36941731110653,1.04426416756276,77.445082266652
7,2.5,1.37024037553224,1.04204427136662,77.2668970850419
7.5,2.5,1.37093564531895,1.04002988886034,77.1053952037014
8,2.5,1.37152822275479,1.03819443486154,76.9583873703132
8.5,2.5,1.37203734630382,1.03651558232055,76.8240416733572
9,2.5,1.37247795823509,1.0349744761317,76.7008158053315
9.5,2.5,1.37286180492327,1.03355510529026,76.5874035189651
10,2.5,1.37319822230767,1.03224380061519,76.4826921359591
-10,3,-1.36476307175694,-0.926936093757688,-68.202240625175
-9.5,3,-1.3630693205504,-0.921435974778189,-67.7743089281484
-9,3,-1.36099826805512,-0.915056199426857,-67.278322581476
-8.5,3,-1.35842980986327,-0.90757280293127,-66.6970417964792
-8,3,-1.35519240530294,-0.898680726343515,-66.0070133709142
-7.5,3,-1.35103449793361,-0.887954479818929,-65.1755698912055
-7,3,-1.34557581207326,-0.87478415762703,-64.1559566871427
-6.5,3,-1.33822085499866,-0.858267342120862,-62.8791146346969
-6,3,-1.32799784173236,-0.837018443359962,-61.2392175032875
-5.5,3,-1.31324198606707,-0.808815604498436,-59.0669545572698
-5,3,-1.29093308843315,-0.769910482851647,-56.0774613906037
-4.5,3,-1.25521275953579,-0.713601183859376,-51.7630748781167
-4,3,-1.19383781041895,-0.627143685781621,-45.1624492525259
-3.5,3,-1.07940456710622,-0.485146790606478,-34.371123964997
-3,3,-0.85032967968921,-0.23922935460748,-15.7942810968228
-2.5,3,-0.40494699115628,0.165432775696271,14.5259177038202
-2,3,0.230449915466182,0.641159129176464,49.7650064854345
-1.5,3,0.748152125742427,0.946611773516363,71.9929520285383
-1,3,1.02900544169783,1.06635787828535,80.4242164681044
-0.5,3,1.16807837838571,1.10243631842799,82.7668500518899
0,3,1.24092369076904,1.10911280998834,83.02939194785
0.5,3,1.2823638771894,1.10595886147966,82.6300775816363
1,3,1.30775850958386,1.09977029124654,82.049499957742
1.5,3,1.32429978963808,1.09297000514901,81.4527762355766
2,3,1.33561848718597,1.08642346866707,80.8950332458287
2.5,3,1.34367956382035,1.08041357477939,80.3914659319556
3,3,1.34961227040503,1.07499925598736,79.942626945649
3.5,3,1.35409950574046,1.07015468831964,79.5439997625186
4,3,1.35757248438301,1.06582530087298,79.1897125412911
4.5,3,1.36031372218578,1.06195053533711,78.873960578082
5,3,1.36251427306452,1.05847279930247,78.5915051868132
5.5,3,1.36430693632481,1.05534056853667,78.3377980164834
6,3,1.36578625993088,1.05250901906135,78.108958337675
6.5,3,1.36702099402843,1.04993966215358,77.9016990385314
7,3,1.36806207339572,1.04759962998218,77.7132412751472
7.5,3,1.36894786818942,1.04546089277207,77.5412336322448
8,3,1.36970771860289,1.04349952285158,77.3836812121439
8.5,3,1.3703643642257,1.04169504617529,77.2388856389319
9,3,1.37093564531895,1.04002988886034,77.1053952037014
9.5,3,1.37143571462876,1.03848891254146,76.981963795915
10,3,1.37187591401337,1.0370590275205,76.8675171909581
-10,3.5,-1.35883298638023,-0.908719909867233,-66.7861101952604
-9.5,3.5,-1.35619841467904,-0.901387089207917,-66.2169530606595
-9,3.5,-1.35294983769375,-0.892809932746494,-65.5518192211578
-8.5,3.5,-1.34888281987447,-0.88265364787774,-64.7650282288957
-8,3.5,-1.34370144207383,-0.870455895370329,-63.8211654594045
-7.5,3.5,-1.33696531009882,-0.855562059321196,-62.6701658275536
-7,3.5,-1.32799784173236,-0.837018443359962,-61.2392175032875
-6.5,3.5,-1.31572085751989,-0.813389426493585,-59.4189318579826
-6,3.5,-1.29834224835837,-0.782431641248909,-57.0387625946983
-5.5,3.5,-1.27273610676951,-0.740488768365357,-53.8214916011324
-5,3.5,-1.23314898220916,-0.681324651219557,-49.2958317355304
-4.5,3.5,-1.16838971123825,-0.593836994230905,-42.626186954123
-4,3.5,-1.05576494573699,-0.457853354535753,-32.3028746000133
-3.5,3.5,-0.85032967968921,-0.23922935460748,-15.7942810968228
-3,3.5,-0.484501235725432,0.0982003734337724,9.5085480144895
-2.5,3.5,0.0458841196021694,0.513690850731875,40.374837460014
-2,3.5,0.557278883976871,0.844067030245202,64.5926829368085
-1.5,3.5,0.89289219351985,1.01406525082852,76.7911897118445
-1,3.5,1.0789015612853,1.08184177738205,81.4651438698945
-0.5,3.5,1.18140269805568,1.10450082240867,82.8814261551118
0,3.5,1.24092369076904,1.10911280998834,83.02939194785
0.5,3.5,1.27766401759872,1.1066855670845,82.7044876898887
1,3.5,1.30162972646422,1.10166428269616,82.2212202799151
1.5,3.5,1.31800997639242,1.09588406927782,81.7055868759667
2,3.5,1.3296496900841,1.09010901090192,81.207565197421
2.5,3.5,1.3381934302461,1.08464650334972,80.7454468182656
3,3.5,1.34463783134482,1.07960369293454,80.3240708132889
3.5,3.5,1.34961227040503,1.07499925598736,79.942626945649
4,3.5,1.35352866962087,1.07081382654039,79.598091826094
4.5,3.5,1.35666514267182,1.06701324096391,79.286759841171
5,3.5,1.35921462975144,1.06355929647018,79.0049157212065
5.5,3.5,1.3613142128436,1.06041461866193,78.7491123013441
6,3.5,1.36306336093578,1.05754470551346,78.5162656184952
6.5,3.5,1.36453561420695,1.05491861577368,78.3036668357368
7,3.5,1.36578625993088,1.05250901906135,78.108958337675
7.5,3.5,1.36685749196692,1.05029196223953,77.9300965669153
8,3.5,1.36778195112999,1.04824652739233,77.7653121818974
8.5,3.5,1.3685852003499,1.04635446666186,77.6130722544783
9,3.5,1.36928748473661,1.04459985354942,77.4720463621935
9.5,3.5,1.36990500267232,1.04296876715769,77.341077054922
10,3.5,1.37045083687382,1.04144901430187,77.2191545443059
-10,4,-1.35103449793361,-0.887954479818929,-65.1755698912055
-9.5,4,-1.34709017162997,-0.87834882648634,-64.4317904008834
-9,4,-1.34218462715825,-0.867016274218262,-63.5552096369931
-8.5,4,-1.33598375443283,-0.853467541997384,-62.5084252897855
-8,4,-1.32799784173236,-0.837018443359962,-61.2392175032875
-7.5,4,-1.31748830395645,-0.816687494801739,-59.6728064668092
-7,4,-1.30330461131087,-0.791025759158217,-57.6990151984676
-6.5,4,-1.28358811690965,-0.757824912998179,-55.1503046236795
-6,4,-1.25521275953579,-0.713601183859376,-51.7630748781167
-5.5,4,-1.21269126350446,-0.652664452966449,-47.1081670345116
-5,4,-1.14599814980355,-0.565457002949038,-40.4676551858816
-4.5,4,-1.03640697579451,-0.435904982897366,-30.6409274656975
-4,4,-0.85032967968921,-0.23922935460748,-15.7942810968228
-3.5,4,-0.540789788544275,0.0494549085705482,5.86576077960618
-3,4,-0.0947432477164378,0.410733810040213,32.7596712391284
-2.5,4,0.382440748785465,0.739360935441651,56.9636398761939
-2,4,0.748152125742427,0.946611773516363,71.9929520285383
-1.5,4,0.976217499763785,1.04762942168504,79.1377183321151
-1,4,1.11030406152629,1.09026698588553,82.0161063702593
-0.5,4,1.19063507038211,1.10573822331102,82.9455768109806
0,4,1.24092369076904,1.10911280998834,83.02939194785
0.5,4,1.27391458085358,1.10718742535924,82.7577030800938
1,4,1.2964994998772,1.10303698522338,82.3481755117373
1.5,4,1.31254138374793,1.09807809679558,81.8985905239398
2,4,1.32429978963808,1.09297000514901,81.4527762355766
2.5,4,1.33315245905511,1.08801537903944,81.0296195327856
3,4,1.33997195277344,1.08334473865798,80.6362544990038
3.5,4,1.34532992149453,1.07900432649656,80.2742559729924
4,4,1.34961227040503,1.07499925598736,79.942626945649
4.5,4,1.35308650534754,1.07131519093551,79.6392651179125
5,4,1.35594245977547,1.06792938749086,79.3616865413692
5.5,4,1.35831768528131,1.06481632588929,79.1073779348399
6,4,1.36031372218578,1.06195053533711,78.873960578082
6.5,4,1.36200678800844,1.05930794422418,78.6592580811463
7,4,1.36345495828528,1.05686645275809,78.4613155162321
7.5,4,1.36470308995312,1.05460609912791,78.27839466312
8,4,1.36578625993088,1.05250901906135,78.108958337675
8.5,4,1.36673220748515,1.05055930693366,77.9516505662153
9,4,1.36756309592843,1.04874283672611,77.8052760614992
9.5,4,1.3682968014269,1.04704707373243,77.6687806847875
10,4,1.36894786818942,1.04546089277207,77.5412336322448
-10,4.5,-1.34093291097177,-0.864217449521932,-63.3388644469333
-9.5,4.5,-1.33519550147642,-0.851798004134714,-62.3795233061579
-9,4.5,-1.32799784173236,-0.837018443359962,-61.2392175032875
-8.5,4.5,-1.31881171560611,-0.819178031408556,-59.8645608256231
-8,4.5,-1.30685448411031,-0.797286747660983,-58.1802595839192
-7.5,4.5,-1.29093308843315,-0.769910482851646,-56.0774613906037
-7,4.5,-1.26917107833124,-0.734915103120024,-53.3945469534992
-6.5,4.5,-1.2385167708265,-0.689035138863347,-49.8848753035426
-6,4.5,-1.19383781041895,-0.627143685781622,-45.1624492525259
-5.5,4.5,-1.12625721380342,-0.541060095828771,-38.613855324163
-5,4.5,-1.02029986463045,-0.417897442831328,-29.2781991573968
-4.5,4.5,-0.85032967968921,-0.23922935460748,-15.7942810968228
-4,4.5,-0.58247756084251,0.0126907543492606,3.11556840756877
-3.5,4.5,-0.202320020891781,0.328563488389723,26.6650777397484
-3,4.5,0.230449915466182,0.641159129176464,49.7650064854345
-2.5,4.5,0.603941194277355,0.870364091318288,66.4987401742172
-2,4.5,0.864323092175338,1.00159207884633,75.9104716875414
-1.5,4.5,1.02900544169783,1.06635787828535,80.4242164681044
-1,4.5,1.13173609107871,1.0953329227573,82.3381353169025
-0.5,4.5,1.19740174559663,1.10653747060855,82.9840964127737
0,4.5,1.24092369076904,1.10911280998834,83.02939194785
0.5,4.5,1.2708555605957,1.10754841043632,82.7972947791229
1,4.5,1.29215008739222,1.10406315920019,82.444948297269
1.5,4.5,1.30775850958386,1.09977029124654,82.049499957742
2,4.5,1.31949963505124,1.09523389549284,81.6488676082732
2.5,4.5,1.32853237738179,1.09073855688841,81.2613051244915
3,4.5,1.33561848718597,1.08642346866707,80.8950332458287
3.5,4.5,1.34127300497761,1.0823510390281,80.5531080924488
4,4.5,1.34585312363708,1.07854290625983,80.2359410312005
4.5,4.5,1.34961227040503,1.07499925598736,79.942626945649
5,4.5,1.35273395906945,1.07170934835921,79.6716521996286
5.5,4.5,1.35535353588467,1.0686573067313,79.4212725674318
6,4.5,1.35757248438301,1.06582530087298,79.1897125412911
6.5,4.5,1.35946804170565,1.06319527538077,78.9752668401079
7,4.5,1.36109979251002,1.06074985738648,78.7763481159978
7.5,4.5,1.36251427306452,1.05847279930247,78.5915051868132
8,4.5,1.36374823976893,1.05634915909206,78.4194254009188
8.5,4.5,1.36483102513129,1.05436533455426,78.258928792429
9,4.5,1.36578625993088,1.05250901906135,78.108958337675
9.5,4.5,1.36663314844428,1.05076911783071,77.968568719041
10,4.5,1.36738742406647,1.04913564724471,77.8369149108747
-10,5,-1.32799784173236,-0.837018443359962,-61.2392175032875
-9.5,5,-1.31983954823122,-0.821125178291056,-60.0145026812879
-9,5,-1.30951724080698,-0.802049844374397,-58.5465073940959
-8.5,5,-1.29622022290165,-0.778809138590526,-56.7605699466639
-8,5,-1.2787377649846,-0.750004460595966,-54.5507045091445
-7.5,5,-1.25521275953579,-0.713601183859376,-51.7630748781167
-7,5,-1.22271709153139,-0.666573437239509,-48.1695011405343
-6.5,5,-1.1765127217413,-0.604338356331072,-43.4254915757263
-6,5,-1.10878969672536,-0.5199079201656,-37.0078843037384
-5.5,5,-1.00670756969861,-0.40287100441746,-28.1416174669612
-5,5,-0.85032967968921,-0.23922935460748,-15.7942810968228
-4.5,5,-0.614486952643173,-0.0159387604219143,0.972249914621686
-4,5,-0.285832474367684,0.262686596620496,21.7690528406316
-3.5,5,0.101979942073728,0.553359050592895,43.3019308114498
-3,5,0.467246166456528,0.791315398677637,60.75619020737
-2.5,5,0.748152125742427,0.946611773516363,71.9929520285383
-2,5,0.939702965516032,1.03347187410719,78.1529029371175
-1.5,5,1.06497188373325,1.0777613771067,81.1936667969318
-1,5,1.14723595185582,1.09860766164999,82.540329524912
-0.5,5,1.20257066743723,1.1070832743424,83.0084125567285
0,5,1.24092369076904,1.10911280998834,83.02939194785
0.5,5,1.26831328400166,1.10781668162681,82.8276939153122
1,5,1.28842020835453,1.10485014658039,82.5205955857362
1.5,5,1.30354893214104,1.10110231562006,82.1699034776101
2,5,1.31518204911896,1.09705517636929,81.8082760890069
2.5,5,1.32429978963808,1.09297000514901,81.4527762355766
3,5,1.33156721363927,1.08898616857966,81.1119892612381
3.5,5,1.33744644036707,1.0851747068021,80.7898446015727
4,5,1.34226563710905,1.08156803938858,80.4877098438009
4.5,5,1.34626249281055,1.07817675572858,80.2055580736303
5,5,1.34961227040503,1.07499925598736,79.942626945649
5.5,5,1.35244631489584,1.07202735029589,79.6977934094386
6,5,1.35486451886579,1.06924953048929,79.4697866795828
6.5,5,1.35694387969161,1.06665288065687,79.2573079627712
7,5,1.35874447792466,1.06422418181235,79.0590959428688
7.5,5,1.36031372218578,1.06195053533711,78.8739605780819
8,5,1.36168940857178,1.05981969782123,78.7007984236573
8.5,5,1.36290195628126,1.05782024300021,78.5385972984185
9,5,1.36397606225733,1.05594162094672,78.3864349510731
9.5,5,1.36493194040439,1.0541741573437,78.2434745053364
10,5,1.36578625993088,1.05250901906135,78.108958337675
-10,5.5,-1.31158725444356,-0.805794544146654,-58.8345328155424
-9.5,5.5,-1.3002016138947,-0.78563112865984,-57.2845234266064
-9,5.5,-1.2856788092936,-0.761234102123086,-55.4117759183386
-8.5,5.5,-1.26681036454442,-0.731254866398726,-53.1142425425341
-8,5.5,-1.24178554350961,-0.693773114882648,-50.2469411248245
-7.5,5.5,-1.20782959478011,-0.64600747005,-46.6004310044993
-7,5.5,-1.16060647982716,-0.583880947141391,-41.8686863667832
-6.5,5.5,-1.09326572485377,-0.501422045439791,-35.6052886077354
-6,5.5,-0.99509491784982,-0.39015021526587,-27.1798168402063
-5.5,5.5,-0.85032967968921,-0.23922935460748,-15.7942810968228
-5,5.5,-0.639785893718704,-0.0388221954051083,-0.741932394420643
-4.5,5.5,-0.351836380779899,0.209286956961597,17.794210168518
-4,5.5,-0.00531868594273691,0.476784841337005,37.6479826491558
-3.5,5.5,0.342196190026654,0.713978479017275,55.1064727936284
-3,5.5,0.632364824262926,0.886012276380833,67.6305636508927
-2.5,5.5,0.845124567762065,0.992961756362493,75.299029214728
-2,5.5,0.991562106219763,1.05329717319139,79.5293366764718
-1.5,5.5,1.09086217383277,1.08518212986199,81.68536144777
-1,5.5,1.15894044848562,1.10084342454903,82.6743005181142
-0.5,5.5,1.20664627874549,1.10747241219145,83.0243323236828
0,5.5,1.24092369076904,1.10911280998834,83.02939194785
0.5,5.5,1.26616754133625,1.10802145680028,82.8516426916875
1,5.5,1.28518884592876,1.1054667886447,82.5809896571219
1.5,5.5,1.29982083105827,1.10216929616538,82.2676418553504
2,5.5,1.31128615348666,1.09854164256646,81.9397299742879
2.5,5.5,1.32041898709197,1.09482066972748,81.6129185058236
3,5.5,1.32780099647254,1.09114117217423,81.2957346239454
3.5,5.5,1.33384612031425,1.08757791497726,80.9925766043242
4,5.5,1.33885452613831,1.08417001737588,80.7054424032863
4.5,5.5,1.34304766536717,1.08093534746803,80.4349384857468
5,5.5,1.34659151269313,1.07787914627592,80.1808761084048
5.5,5.5,1.34961227040503,1.07499925598736,79.942626945649
6,5.5,1.35220717355365,1.07228931614957,79.7193361233641
6.5,5.5,1.35445205025694,1.06974072589248,79.5100496422695
7,5.5,1.3564066949137,1.06734384743147,79.3137898593575
7.5,5.5,1.35811874286315,1.06508873837712,79.1295992206961
8,5.5,1.35962650235343,1.06296558928349,78.9565645153972
8.5,5.5,1.36096105050875,1.06096497604125,78.7938291879966
9,5.5,1.36214780275851,1.05907799592542,78.6405983796327
9.5,5.5,1.36320770082714,1.05729633086556,78.4961396098527
10,5.5,1.36415812114107,1.05561226570014,78.3597809203845
-10,6,-1.29093308843315,-0.769910482851647,-56.0774613906037
-9.5,6,-1.27529940503253,-0.744531974905144,-54.1312854065882
-9,6,-1.25521275953579,-0.713601183859376,-51.7630748781167
-8.5,6,-1.22892748363504,-0.675319238543303,-48.8371953726072
-8,6,-1.19383781041895,-0.627143685781621,-45.1624492525259
-7.5,6,-1.14599814980355,-0.565457002949037,-40.4676551858816
-7,6,-1.07940456710622,-0.485146790606478,-34.371123964997
-6.5,6,-0.985065481299169,-0.379247208042567,-26.3557327080165
-6,6,-0.85032967968921,-0.23922935460748,-15.7942810968228
-5.5,6,-0.660256988524032,-0.0575094734425167,-2.14246853810246
-5,6,-0.40494699115628,0.165432775696271,14.5259177038202
-4.5,6,-0.0947432477164381,0.410733810040212,32.7596712391284
-4,6,0.230449915466182,0.641159129176464,49.7650064854345
-3.5,6,0.520695133335576,0.822942931863726,63.0583065816131
-3,6,0.748152125742427,0.946611773516363,71.9929520285383
-2.5,6,0.913092440144181,1.02260327484834,77.3917122696764
-2,6,1.02900544169783,1.06635787828535,80.4242164681044
-1.5,6,1.11030406152629,1.09026698588553,82.0161063702594
-1,6,1.16807837838571,1.10243631842799,82.7668500518899
-0.5,6,1.20994138529236,1.10775954286012,83.0350342031273
0,6,1.24092369076904,1.10911280998834,83.02939194785
0.5,6,1.26433258034798,1.1081812934838,82.8709169217889
1,6,1.2823638771894,1.10595886147966,82.6300775816363
1.5,6,1.2964994998772,1.10303698522338,82.3481755117373
2,6,1.30775850958386,1.09977029124654,82.049499957742
2.5,6,1.3168552348268,1.09637205244874,81.7482902632102
3,6,1.32429978963808,1.09297000514901,81.4527762355766
3.5,6,1.33046291049076,1.08963949355694,81.1675586514308
4,6,1.33561848718597,1.08642346866707,80.8950332458287
4.5,6,1.33997195277344,1.08334473865798,80.6362544990038
5,6,1.34367956382035,1.08041357477939,80.3914659319556
5.5,6,1.34686171347418,1.07763248797741,80.1604287686886
6,6,1.34961227040503,1.07499925598736,79.942626945649
6.5,6,1.35200522811491,1.07250885377869,79.7373953333517
7,6,1.35409950574046,1.07015468831964,79.5439997625186
7.5,6,1.35594245977547,1.06792938749086,79.3616865413692
8,6,1.35757248438301,1.06582530087298,79.1897125412911
8.5,6,1.35902095892012,1.06383481317217,79.027362864753
9,6,1.36031372218578,1.06195053533711,78.873960578082
9.5,6,1.36147219959286,1.06016541574861,78.7288713958777
10,6,1.36251427306452,1.05847279930247,78.5915051868132
-10,6.5,-1.26513223760929,-0.72866728632792,-52.9161167187898
-9.5,6.5,-1.24398457481531,-0.696979364873928,-50.4920029184684
-9,6.5,-1.21665300071051,-0.658130779456066,-47.5252005434624
-8.5,6.5,-1.18070637942468,-0.609806162122723,-43.841800122184
-8,6.5,-1.13256719471745,-0.548799105565368,-39.2017303958595
-7.5,6.5,-1.06697017796725,-0.470720425594453,-33.2776986989283
-7,6.5,-0.976320346275987,-0.369801469710801,-25.6419976127031
-6.5,6.5,-0.85032967968921,-0.23922935460748,-15.7942810968228
-6,6.5,-0.677146510133743,-0.0730454569904852,-3.30729774540938
-5.5,6.5,-0.448403265347611,0.128942155283938,11.8037315337905
-5,6.5,-0.169526041409877,0.353929542101536,28.5479907618017
-4.5,6.5,0.131993073886419,0.57425291541675,44.8419835579841
-4,6.5,0.415688596836951,0.759981605747185,58.4703918501808
-3.5,6.5,0.651463321407718,0.896363136369083,68.378156931995
-3,6.5,0.831351806470343,0.986653020850974,74.8511185955088
-2.5,6.5,0.962635409126911,1.04247038954902,78.7798522770252
-2,6.5,1.05711705397778,1.07537455382103,81.0338022197155
-1.5,6.5,1.12539695615693,1.0938969800609,82.2478149427552
-1,6.5,1.17540352806443,1.10361060597581,82.8329415975472
-0.5,6.5,1.2126600974053,1.10797742185053,83.0423625357438
0,6.5,1.24092369076904,1.10911280998834,83.02939194785
0.5,6.5,1.26274563233632,1.10830843574861,82.8867107359113
1,6.5,1.27987416333468,1.10635775414611,82.6705948227731
1.5,6.5,1.2935240504886,1.10375198565652,82.4154034066962
2,6.5,1.3045529209542,1.10079727041675,82.1421849979536
2.5,6.5,1.31357624881922,1.09768506675296,81.8638160699343
3,6.5,1.32104285755468,1.09453491680601,81.5881021739553
3.5,6.5,1.32728508238927,1.09142077133644,81.31967348327
4,6.5,1.33255256602509,1.08838741843048,81.0611587196362
4.5,6.5,1.3370353669096,1.08546087313746,80.8139212542522
5,6.5,1.34087999608873,1.08265502854247,80.5785258191231
5.5,6.5,1.34420070891474,1.07997595955694,80.3550371884904
6,6.5,1.34708756693944,1.077424733094,80.1432127035875
6.5,6.5,1.34961227040503,1.07499925598736,79.942626945649
7,6.5,1.35183243088871,1.072695495989,79.7527525923939
7.5,6.5,1.35379473832528,1.07050829024709,79.5730127303828
8,6.5,1.3555373346349,1.0684318800156,79.4028144405826
8.5,6.5,1.35709161131433,1.06646026239452,79.2415700342986
9,6.5,1.35848358415252,1.06458741912295,79.0887101206403
9.5,6.5,1.35973495424888,1.06280746246147,78.9436912690494
10,6.5,1.36086393401896,1.06111472508228,78.8060001057505
-10,7,-1.23314898220916,-0.681324651219557,-49.2958317355304
-9.5,7,-1.20496050677166,-0.642104429124205,-46.3028091164116
-9,7,-1.16838971123825,-0.593836994230905,-42.626186954123
-8.5,7,-1.12019942957256,-0.533680305087228,-38.053415133002
-8,7,-1.05576494573699,-0.457853354535753,-32.3028746000133
-7.5,7,-0.96863038721678,-0.361541184732767,-25.0179909725922
-7,7,-0.85032967968921,-0.23922935460748,-15.7942810968228
-6.5,7,-0.69130977003603,-0.0861580133626674,-4.29076036481936
-6,7,-0.484501235725432,0.0982003734337724,9.5085480144895
-5.5,7,-0.232460960938087,0.305001140103435,24.9148875458851
-5,7,0.0458841196021694,0.513690850731875,40.374837460014
-4.5,7,0.31876427090779,0.698991015225805,54.008678104287
-4,7,0.557278883976871,0.844067030245202,64.5926829368085
-3.5,7,0.748152125742427,0.946611773516363,71.9929520285383
-3,7,0.89289219351985,1.01406525082852,76.7911897118445
-2.5,7,1.00000003258628,1.05633824145564,79.7387191533568
-2,7,1.0789015612853,1.08184177738205,81.4651438698945
-1.5,7,1.13743036771901,1.0965758411556,82.4155622728409
-1,7,1.18140269805568,1.10450082240867,82.8814261551118
-0.5,7,1.21494119103327,1.10814664437754,83.0474390702131
0,7,1.24092369076904,1.10911280998834,83.02939194785
0.5,7,1.26135971967544,1.1084112259796,82.8998530258304
1,7,1.27766401759872,1.1066855670845,82.7044876898887
1.5,7,1.29084463511608,1.10434806018557,82.4721710652901
2,7,1.30162972646422,1.10166428269616,82.2212202799151
2.5,7,1.31055274347451,1.0988059494642,81.9632513021866
3,7,1.31800997639242,1.09588406927782,81.7055868759667
3.5,7,1.32429978963808,1.09297000514901,81.4527762355766
4,7,1.3296496900841,1.09010901090192,81.207565197421
4.5,7,1.33423523808063,1.08732903403069,80.9715222626712
5,7,1.3381934302461,1.08464650334972,80.7454468182656
5.5,7,1.34163229091588,1.08207017223327,80.529637641637
6,7,1.34463783134482,1.07960369293454,80.3240708132889
6.5,7,1.34727915890476,1.07724735345864,80.1285182509318
7,7,1.34961227040503,1.07499925598736,79.942626945649
7.5,7,1.35168289857025,1.07285611938619,79.7659719663803
8,7,1.35352866962087,1.07081382654039,79.598091826094
8.5,7,1.3551807543017,1.06886779722464,79.4385119172025
9,7,1.35666514267182,1.06701324096391,79.286759841171
9.5,7,1.35800363676326,1.06524532695376,79.1423752162509
10,7,1.35921462975144,1.06355929647018,79.0049157212065
-10,7.5,-1.19383781041895,-0.627143685781621,-45.1624492525259
-9.5,7.5,-1.15683749447143,-0.579095522929121,-41.5046912799123
-9,7.5,-1.10878969672536,-0.5199079201656,-37.0078843037384
-8.5,7.5,-1.04562346254686,-0.446311705700354,-31.4287944257959
-8,7.5,-0.961817309686186,-0.354257735733871,-24.4678954317409
-7.5,7.5,-0.85032967968921,-0.23922935460748,-15.7942810968228
-7,7.5,-0.703352033944595,-0.0973687022185906,-5.13182208390675
-6.5,7.5,-0.514893503476038,0.0720058007935287,7.55153029506474
-6,7.5,-0.285832474367683,0.262686596620496,21.7690528406317
-5.5,7.5,-0.029218704671268,0.459330593119933,36.3572039705369
-5,7.5,0.230449915466182,0.641159129176464,49.7650064854345
-4.5,7.5,0.467246166456528,0.791315398677637,60.75619020737
-4,7.5,0.665168509053469,0.903707819681571,68.9080715787022
-3.5,7.5,0.82099540093285,0.98184649285799,74.5093657588942
-3,7.5,0.939702965516032,1.03347187410719,78.1529029371175
-2.5,7.5,1.02900544169783,1.06635787828535,80.4242164681044
-2,7.5,1.09622646300552,1.08662893049773,81.7800767676171
-1.5,7.5,1.14723595185582,1.09860766165,82.5403295249121
-1,7.5,1.18640370031019,1.10519157962601,82.9177917096338
-0.5,7.5,1.21688227352356,1.10828068456473,83.0509729601117
0,7.5,1.24092369076904,1.10911280998834,83.02939194785
0.5,7.5,1.26013899693826,1.10849550668026,82.9109349861723
1,7.5,1.27568929328488,1.10695822255549,82.7331730172665
1.5,7.5,1.28842020835453,1.10485014658039,82.5205955857362
2,7.5,1.29895495483299,1.10240281324762,82.2892139591606
2.5,7.5,1.30775850958386,1.09977029124654,82.049499957742
3,7.5,1.31518204911896,1.09705517636929,81.808276089007
3.5,7.5,1.32149395474722,1.09432556373705,81.5699424977521
4,7.5,1.32690166018293,1.09162624445792,81.3372813337704
4.5,7.5,1.33156721363927,1.08898616857966,81.1119892612381
5,7.5,1.33561848718597,1.08642346866707,80.8950332458287
5.5,7.5,1.33915734133373,1.08394887232679,80.6868902452277
6,7.5,1.34226563710905,1.08156803938858,80.4877098438009
6.5,7.5,1.34500971002347,1.07928317399651,80.2974252441841
7,7.5,1.34744373326695,1.07709414310346,80.1158293347117
7.5,7.5,1.34961227040503,1.07499925598736,79.942626945649
8,7.5,1.35155223075386,1.07299580910654,79.7774707534505
8.5,7.5,1.35329438030026,1.07108046734696,79.6199858858445
9,7.5,1.35486451886579,1.06924953048929,79.4697866795828
9.5,7.5,1.35628440444003,1.06749911872931,79.326487967332
10,7.5,1.35757248438301,1.06582530087298,79.1897125412911
-10,8,-1.14599814980355,-0.565457002949038,-40.4676551858816
-9.5,8,-1.09824273731173,-0.507318053040505,-36.052548539087
-9,8,-1.03640697579451,-0.435904982897366,-30.6409274656975
-8.5,8,-0.955740460035848,-0.347788460638442,-23.9793838952901
-8,8,-0.85032967968921,-0.23922935460748,-15.7942810968228
-7.5,8,-0.713713026250506,-0.10706049026427,-5.85911139700486
-7,8,-0.540789788544275,0.0494549085705482,5.86576077960618
-6.5,8,-0.331462299015819,0.225898666080125,19.0312909347994
-6,8,-0.0947432477164378,0.410733810040213,32.7596712391284
-5.5,8,0.150658077897357,0.587130005018343,45.7905245053081
-5,8,0.382440748785465,0.739360935441651,56.9636398761939
-4.5,8,0.583826011994902,0.85911887532023,65.6842526456389
-4,8,0.748152125742427,0.946611773516363,71.9929520285383
-3.5,8,0.877057936327193,1.00720800683125,76.307471669671
-3,8,0.976217499763785,1.04762942168504,79.1377183321151
-2.5,8,1.05207652447905,1.07381146392108,80.9287341266186
-2,8,1.11030406152629,1.09026698588553,82.0161063702593
-1.5,8,1.15537221917731,1.10018448099226,82.6352457736869
-1,8,1.19063507038211,1.10573822331102,82.9455768109806
-0.5,8,1.21855397535377,1.10838865722184,83.0534272219239
0,8,1.24092369076904,1.10911280998834,83.02939194785
0.5,8,1.2590556452881,1.10856546816345,82.9203882868453
1,8,1.27391458085358,1.10718742535924,82.7577030800938
1.5,8,1.28621675831072,1.10527698322207,82.562279273032
2,8,1.2964994998772,1.10303698522338,82.3481755117373
2.5,8,1.30517026535286,1.10060583738536,82.1248362391048
3,8,1.31254138374793,1.09807809679558,81.8985905239398
3.5,8,1.31885478995064,1.09551824815457,81.6736495527207
4,8,1.32429978963808,1.09297000514901,81.4527762355766
4.5,8,1.32902593666862,1.09046264784974,81.2377386285712
5,8,1.33315245905511,1.08801537903944,81.0296195327856
5.5,8,1.3367752267799,1.08564034381261,80.8290295179741
6,8,1.33997195277344,1.08334473865798,80.6362544990038
6.5,8,1.34280611197038,1.081132294631,80.4513585669024
7,8,1.34532992149453,1.07900432649656,80.2742559729924
7.5,8,1.3475866268385,1.07696047843261,80.104761683839
8,8,1.34961227040503,1.07499925598736,79.942626945649
8.5,8,1.35143707058506,1.07311840643398,79.7875642974052
9,8,1.35308650534754,1.07131519093551,79.6392651179125
9.5,8,1.35458216983402,1.06958657908449,79.4974118667155
10,8,1.35594245977547,1.06792938749086,79.3616865413692
-10,8.5,-1.08847310022292,-0.495770896467667,-35.1766841395928
-9.5,8.5,-1.02799868697094,-0.426476732327417,-29.9273500149784
-9,8.5,-0.950287488647242,-0.342004728752311,-23.542712359396
-8.5,8.5,-0.85032967968921,-0.23922935460748,-15.7942810968228
-8,8.5,-0.722719549241972,-0.115520622877313,-6.4941121360582
-7.5,8.5,-0.56309068480357,0.0298599528717214,4.40023007283667
-7,8.5,-0.37078903722236,0.193729660789788,16.6351866903567
-6.5,8.5,-0.152041439348577,0.3673396483377,29.5428823442687
-6,8.5,0.0789273818318128,0.537154419327229,42.1066983608254
-5.5,8.5,0.303443478275671,0.689109705073274,53.2844320388186
-5,8.5,0.505241819371776,0.8138905310048,62.3999604239942
-4.5,8.5,0.675478106878268,0.909186105243104,69.303010557426
-4,8.5,0.812926997815181,0.978065375229303,74.2402361988805
-3.5,8.5,0.921116882778608,1.02592719346795,77.6249184440333
-3,8.5,1.00533590751088,1.05823273492063,79.8688702852161
-2.5,8.5,1.07080902281909,1.07949542159614,81.3093357761939
-2,8.5,1.12195118940205,1.09309398343396,82.1969468276401
-1.5,8.5,1.16222720167975,1.1014322584596,82.7088436530873
-1,8.5,1.19426084848316,1.10617817629962,82.9671395807557
-0.5,8.5,1.22000865644192,1.10847690653744,83.0551125194899
0,8.5,1.24092369076904,1.10911280998834,83.02939194785
0.5,8.5,1.25808774930514,1.10862417896797,82.9285346400832
1,8.5,1.27231117197294,1.10738193471606,82.7788733625654
1.5,8.5,1.28420591817185,1.10564286787444,82.5984534832694
2,8.5,1.29423837831192,1.10358552801469,82.3996737655194
2.5,8.5,1.30276740866368,1.10133446814535,82.1910617458792
3,8.5,1.31007178000486,1.09897670992617,81.9784735774978
3.5,8.5,1.31637009018559,1.09657300463213,81.7659104958611
4,8.5,1.32183531182957,1.0941655954499,81.5560786344395
4.5,8.5,1.32660550650875,1.09178361154987,81.3507758490563
5,8.5,1.33079178329011,1.08944684643642,81.1511610277455
5.5,8.5,1.33448426211623,1.08716842474383,80.9579429159071
6,8.5,1.33775658113297,1.08495669785913,80.7715133636277
6.5,8.5,1.34066933260111,1.08281660008002,80.5920418860051
7,8.5,1.34327270381778,1.08075062438198,80.4195430876373
7.5,8.5,1.34560852324961,1.07875952793049,80.2539249168091
8,8.5,1.34771185803398,1.07684284422587,80.0950232870149
8.5,8.5,1.34961227040503,1.07499925598736,79.942626945649
9,8.5,1.35133481282504,1.07322686714388,79.7964953283425
9.5,8.5,1.35290082145996,1.07152340133587,79.6563713453018
10,8.5,1.35432855291965,1.06988634663592,79.5219904919801
-10,9,-1.02029986463045,-0.417897442831328,-29.2781991573968
-9.5,9,-0.945367632059459,-0.33680352660639,-23.1500802327844
-9,9,-0.85032967968921,-0.23922935460748,-15.7942810968228
-8.5,9,-0.730619342823019,-0.122968603792332,-7.05324878805337
-8,9,-0.58247756084251,0.0126907543492606,3.11556840756877
-7.5,9,-0.404946991156279,0.165432775696271,14.5259177038202
-7,9,-0.202320020891781,0.328563488389723,26.6650777397484
-6.5,9,0.0146025862454866,0.491222734276073,38.7151454915991
-6,9,0.230449915466182,0.641159129176464,49.7650064854345
-5.5,9,0.430216859412252,0.768891087276337,59.1208158677866
-5,9,0.603941194277355,0.870364091318288,66.4987401742172
-4.5,9,0.748152125742427,0.946611773516363,71.9929520285383
-4,9,0.864323092175338,1.00159207884633,75.9104716875414
-3.5,9,0.956416463771671,1.04006515849109,78.6125977934258
-3,9,1.02900544169783,1.06635787828535,80.4242164681044
-2.5,9,1.08628760819765,1.08392292866209,81.6025856455971
-2,9,1.13173609107871,1.0953329227573,82.3381353169025
-1.5,9,1.16807837838571,1.10243631842799,82.7668500518899
-1,9,1.19740174559663,1.10653747060855,82.9840964127737
-0.5,9,1.22128594857645,1.10854995829784,83.0562421995595
0,9,1.24092369076904,1.10911280998834,83.02939194785
0.5,9,1.25721781260688,1.10867392777543,82.9356181723883
1,9,1.2708555605957,1.10754841043632,82.7972947791229
1.5,9,1.2823638771894,1.10595886147966,82.6300775816363
2,9,1.29215008739222,1.10406315920019,82.444948297269
2.5,9,1.3005317375605,1.10197362139269,82.2496187650068
3,9,1.30775850958386,1.09977029124654,82.049499957742
3.5,9,1.31402838429621,1.09751020408016,81.848374666844
4,9,1.31949963505124,1.09523389549284,81.6488676082732
4.5,9,1.32429978963808,1.09297000514901,81.4527762355766
5,9,1.32853237738179,1.09073855688841,81.2613051244915
5.5,9,1.33228204826525,1.08855331200506,81.0752331188844
6,9,1.33561848718597,1.08642346866707,80.8950332458287
6.5,9,1.33859943000083,1.08435489659736,80.7209592125674
7,9,1.34127300497761,1.0823510390281,80.5531080924488
7.5,9,1.34367956382035,1.08041357477939,80.3914659319556
8,9,1.34585312363708,1.07854290625983,80.2359410312005
8.5,9,1.34782251021967,1.07673852035766,80.0863882767558
9,9,1.34961227040503,1.07499925598736,79.942626945649
9.5,9,1.35124340469723,1.07332350272889,79.8044537233998
10,9,1.35273395906945,1.07170934835921,79.6716521996286
-10,9.5,-0.940906804791116,-0.332101410909282,-22.7951709066791
-9.5,9.5,-0.85032967968921,-0.23922935460748,-15.7942810968228
-9,9.5,-0.737603510579539,-0.129574953711271,-7.54928556563113
-8.5,9.5,-0.599473769644945,-0.00246652195130307,1.9810146284016
-8,9.5,-0.434833196369244,0.140397003174615,12.6585178238825
-7.5,9.5,-0.246621916614261,0.293848081147333,24.0860634690462
-7,9.5,-0.0430448765691353,0.449167147150836,35.6052668177481
-6.5,9.5,0.163381252687012,0.595856272582498,46.4330401868333
-6,9.5,0.359262644957266,0.72479819042195,55.8984435479596
-5.5,9.5,0.534330097894236,0.830866826427554,63.6341884376243
-5,9.5,0.683513069302562,0.913427494531316,69.6085869148992
-4.5,9.5,0.806465013223264,0.975014417133078,74.0229018921165
-4,9.5,0.905769045026352,1.01953575010393,77.1761968213006
-3.5,9.5,0.985192399614567,1.05096562551806,79.3684445717513
-3,9.5,1.0485681251929,1.07270930533975,80.8544829486087
-2.5,9.5,1.09927110306691,1.08743550596004,81.8326831441182
-2,9.5,1.14006513023638,1.09713549296159,82.4501685829176
-1.5,9.5,1.17312914739766,1.10325608535792,82.8132166557115
-1,9.5,1.20014851371411,1.10683466439512,82.9975825815127
-0.5,9.5,1.22241639756675,1.10861111114828,83.0569657366427
0,9.5,1.24092369076904,1.10911280998834,83.02939194785
0.5,9.5,1.2564316991632,1.10871644966118,82.9418271229402
1,9.5,1.26952832504586,1.10769198867063,82.8134431709089
1.5,9.5,1.2806705242947,1.10623362820798,82.6579083486693
2,9.5,1.29021606015869,1.10448157120828,82.484989278811
2.5,9.5,1.29844717297276,1.10253732949513,82.3016731110282
3,9.5,1.30558824010095,1.10047453379518,82.1129565736229
3.5,9.5,1.31181899859315,1.09834660849438,81.9224036893314
4,9.5,1.31728449642,1.09619225373833,81.7325423159834
4.5,9.5,1.32210262742847,1.09403938656554,81.5451478408172
5,9.5,1.32636987468864,1.09190799263449,81.3614473992918
5.5,9.5,1.33016571853399,1.0898122027743,81.1822677618841
6,9.5,1.3335560434536,1.08776181423398,81.0081430290278
6.5,9.5,1.33659578956381,1.08576341144765,80.8393934608123
7,9.5,1.33933103029509,1.08382119605047,80.6761834426995
7.5,9.5,1.34180061133608,1.08193760445587,80.5185642775386
8,9.5,1.34403745185586,1.08011376925932,80.366505877808
8.5,9.5,1.34606958405668,1.07834986516584,80.219920293945
9,9.5,1.34792098868009,1.07664536906911,80.0786792079295
9.5,9.5,1.34961227040503,1.07499925598736,79.942626945649
10,9.5,1.35116120685361,1.07341014685204,79.8115901481216
-10,10,-0.85032967968921,-0.23922935460748,-15.7942810968228
-9.5,10,-0.743821756339521,-0.13547409129537,-7.99228769890331
-9,10,-0.614486952643173,-0.0159387604219143,0.972249914621686
-8.5,10,-0.461160936387137,0.118122711019795,10.996143945622
-8,10,-0.285832474367684,0.262686596620496,21.7690528406316
-7.5,10,-0.0947432477164377,0.410733810040213,32.7596712391284
-7,10,0.101979942073728,0.553359050592895,43.3019308114498
-6.5,10,0.292647607138471,0.682108250980789,52.7710468177386
-6,10,0.467246166456528,0.791315398677637,60.75619020737
-5.5,10,0.619696685568555,0.879073515414469,67.1289213204745
-5,10,0.748152125742427,0.946611773516363,71.9929520285383
-4.5,10,0.853864331140482,0.996914575773042,75.5792731993789
-4,10,0.939702965516032,1.03347187410719,78.1529029371175
-3.5,10,1.00901422983314,1.05952556839722,79.9575531502605
-3,10,1.06497188373325,1.0777613771067,81.1936667969318
-2.5,10,1.11030406152629,1.09026698588553,82.0161063702594
-2,10,1.14723595185582,1.09860766164999,82.540329524912
-1.5,10,1.1775318388239,1.10393395550535,82.850736596624
-1,10,1.20257066743723,1.1070832743424,83.0084125567285
-0.5,10,1.22342392352953,1.10866281517807,83.0573896824571
0,10,1.24092369076904,1.10911280998834,83.02939194785
0.5,10,1.25571786460667,1.10875307932183,82.9473087263916
1,10,1.26831328400166,1.10781668162681,82.8276939153122
1.5,10,1.27910877167431,1.10647403201798,82.6825495167722
2,10,1.28842020835453,1.10485014658039,82.5205955857362
2.5,10,1.2964994998772,1.10303698522338,82.3481755117373
3,10,1.30354893214104,1.10110231562006,82.1699034776101
3.5,10,1.30973206700976,1.09909610843527,81.9891296372653
4,10,1.31518204911896,1.09705517636929,81.8082760890069
4.5,10,1.32000797261096,1.09500655871125,81.6290808834499
5,10,1.32429978963808,1.09297000514901,81.4527762355766
5.5,10,1.32813211802949,1.09095980911595,81.280219396413
6,10,1.33156721363927,1.08898616857966,81.1119892612381
6.5,10,1.33465730527759,1.08705620141997,80.9484580307666
7,10,1.33744644036707,1.0851747068021,80.7898446015727
7.5,10,1.33997195277344,1.08334473865798,80.6362544990038
8,10,1.34226563710905,1.08156803938858,80.4877098438009
8.5,10,1.34435469363353,1.07984536901526,80.3441718999554
9,10,1.34626249281055,1.07817675572858,80.2055580736303
9.5,10,1.34800919727178,1.07656168705834,80.0717547433352
10,10,1.34961227040503,1.07499925598736,79.942626945649
