"w_MBW","w_CO2","dCH4","dMBW","dCO2","in_region"
2.81,-0.0208,-0.00219477519941435,0.331833535148953,0.332807444745949,TRUE
2.79,-0.0206,-0.00851423170639794,0.328448018058966,0.180154040313579,TRUE
2.77,-0.0204,-0.0149236096981432,0.325000646033338,0.0253126325302724,TRUE
2.775,-0.0204,-0.00604186863808725,0.334732287884147,0.912529007795181,TRUE
2.755,-0.0202,-0.0124675273420258,0.331303815825567,0.762085750314228,TRUE
2.76,-0.0202,-0.00354290948968967,0.341063946695332,1.65262636918868,TRUE
2.735,-0.02,-0.0189847422715351,0.327811942317525,0.609453517204726,TRUE
2.74,-0.02,-0.00998456669207241,0.337654597259393,1.50665700151242,TRUE
2.745,-0.02,-0.00101736500642174,0.347442325444903,2.40043798805395,TRUE
2.715,-0.0198,-0.0255946180569199,0.324255449453068,0.454604485702088,TRUE
2.72,-0.0198,-0.0165182841686751,0.334181481886534,1.35852552104207,TRUE
2.725,-0.0198,-0.00747473205126148,0.3440522991764,2.25901666719946,TRUE
2.695,-0.0196,-0.0322982410055659,0.320633107898723,0.297511195908346,TRUE
2.7,-0.0196,-0.0231451649253237,0.330643365887673,1.20820364432395,TRUE
2.705,-0.0196,-0.0140246524542219,0.340598134566889,2.11546009849577,TRUE
2.71,-0.0196,-0.00493804697833171,0.350496171286774,3.01914913174445,TRUE
2.675,-0.0194,-0.0390966763177443,0.316943677946515,0.138146614626501,TRUE
2.68,-0.0194,-0.0298662925182591,0.327039002965988,1.05566341796427,TRUE
2.685,-0.0194,-0.0206682268370186,0.33707857980803,1.96973948489991,TRUE
2.69,-0.0194,-0.0115038639675184,0.347061125809505,2.88023976764225,TRUE
2.695,-0.0194,-0.00237455516116722,0.356985402433662,3.78703262708094,TRUE
2.66,-0.0192,-0.0366827281823564,0.323367136300292,0.900877281498585,TRUE
2.665,-0.0192,-0.0274065351987039,0.333492371305117,1.82182632358232,TRUE
2.67,-0.0192,-0.0181638133826336,0.343560291710938,2.73919255876381,TRUE
2.675,-0.0192,-0.00895595592235516,0.353569618678609,3.65284069347528,TRUE
2.64,-0.019,-0.0435955077832931,0.319626499741476,0.743818134350399,TRUE
2.645,-0.019,-0.0342406339544906,0.329838234793242,1.67169246772706,TRUE
2.65,-0.019,-0.0249189708315512,0.339992387754943,2.59597839256842,TRUE
2.655,-0.019,-0.0156319547718712,0.350087638159472,3.51653685712812,TRUE
2.66,-0.019,-0.00638098680953479,0.360122712126076,4.43323242403283,TRUE
2.62,-0.0188,-0.0506056385876635,0.315815819128713,0.584459407034279,TRUE
2.625,-0.0188,-0.0411715527946267,0.326114886570017,1.51931019242614,TRUE
2.63,-0.0188,-0.0317703870269061,0.336356121894289,2.45056847234174,TRUE
2.635,-0.0188,-0.0224036220647086,0.346538161646768,3.3780913310439,TRUE
2.64,-0.0188,-0.0130727027593361,0.356659690034522,4.30173954043023,TRUE
2.645,-0.0188,-0.00377903730411726,0.366719439311514,5.22137762607878,TRUE
2.6,-0.0186,-0.0577140958453431,0.311933813732202,0.422775136749925,TRUE
2.605,-0.0186,-0.048200291357405,0.322321034851717,1.36465226482451,TRUE
2.61,-0.0186,-0.0387190845499907,0.33265019254129,2.30293438192381,TRUE
2.615,-0.0186,-0.0292720018997004,0.34291987896498,3.23747460047341,TRUE
2.62,-0.0186,-0.0198605333594962,0.353128735034429,4.1681297939641,TRUE
2.625,-0.0186,-0.0104861315752511,0.363275450836281,5.09476066751023,TRUE
2.63,-0.0186,-0.001150211174702,0.373358765976814,6.0172318211788,TRUE
2.58,-0.0184,-0.0649218191786541,0.307979197829448,0.258740047512988,TRUE
2.585,-0.0184,-0.0553278157106654,0.318455381259842,1.20769201866717,TRUE
2.59,-0.0184,-0.0457660544250342,0.328873289965669,2.15304815469611,TRUE
2.595,-0.0184,-0.0362381087868259,0.339231470302885,3.09465748637629,TRUE
2.6,-0.0184,-0.0267455151559225,0.349528518469577,4.03237287901251,TRUE
2.605,-0.0184,-0.0172897719459089,0.359763080978796,4.96605110777546,TRUE
2.61,-0.0184,-0.0078723388582965,0.369933855044833,5.89555292551287,TRUE
2.56,-0.0182,-0.0722297087733252,0.303950682422064,0.0923296349567973,TRUE
2.565,-0.0182,-0.0625550546364949,0.314516622445212,1.048403433395,TRUE
2.57,-0.0182,-0.0529122524983434,0.325024097826819,2.00088234698283,TRUE
2.575,-0.0182,-0.0433029241212666,0.335471607655009,2.94961121315347,TRUE
2.58,-0.0182,-0.033728653596631,0.345857701961762,3.89443877721476,TRUE
2.585,-0.0182,-0.0241909864425759,0.356180982244335,4.8352177727454,TRUE
2.59,-0.0182,-0.014691428780138,0.366440101896291,5.77180499415979,TRUE
2.595,-0.0182,-0.00523144658756646,0.37663376654948,6.70406136147647,TRUE
2.545,-0.018,-0.0698828957142702,0.3105034518568,0.886761217927125,TRUE
2.55,-0.018,-0.0601585956171685,0.321101294847731,1.84641011601558,TRUE
2.555,-0.018,-0.0504673924588067,0.331638956401599,2.80230748080913,TRUE
2.56,-0.018,-0.0408109194041921,0.342114938897858,3.75429782385808,TRUE
2.565,-0.018,-0.031190770432989,0.352527797340298,4.70222972340298,TRUE
2.57,-0.018,-0.0216084994540317,0.362876139836058,5.6459559019769,TRUE
2.575,-0.018,-0.0120656195012051,0.373158627981554,6.58533329588807,TRUE
2.58,-0.018,-0.0025636020104125,0.383373977156865,7.52022311663752,TRUE
2.525,-0.0178,-0.077312181197683,0.306414561662592,0.722740899261153,TRUE
2.53,-0.0178,-0.0675059576036036,0.317103556638019,1.68960530260541,TRUE
2.535,-0.0178,-0.0577324175876251,0.327732177034543,2.65271854169572,TRUE
2.54,-0.0178,-0.0479932447461552,0.33829887605962,3.6119207787136,TRUE
2.545,-0.0178,-0.0382900828957274,0.348802160710994,4.56705632080023,TRUE
2.55,-0.0178,-0.0286245351221974,0.359240592307157,5.51797370299548,TRUE
2.555,-0.0178,-0.0189981629145872,0.369612786920506,6.46452576272349,TRUE
2.56,-0.0178,-0.00941248538335886,0.379917415714751,7.40656970587417,TRUE
2.505,-0.0176,-0.0848437036820244,0.302248644829718,0.556318916008411,TRUE
2.51,-0.0176,-0.0749551650194623,0.313029557673405,1.53044251865275,TRUE
2.515,-0.0176,-0.0650988583920395,0.323749927036816,2.50081728198837,TRUE
2.52,-0.0176,-0.0552765191987191,0.334408155403853,3.46727890147843,TRUE
2.525,-0.0176,-0.0454898424845926,0.345002700219538,4.42966729548802,TRUE
2.53,-0.0176,-0.0357404819209143,0.355532074475545,5.38782669387223,TRUE
2.535,-0.0176,-0.0260300488731104,0.365994847194087,6.34160571776852,TRUE
2.54,-0.0176,-0.0163601115566775,0.376389643811676,7.29085745063382,TRUE
2.545,-0.0176,-0.00673219428060758,0.386715146464535,8.23543950059311,TRUE
2.485,-0.0174,-0.0924782015586899,0.298004397371125,0.387472716972416,TRUE
2.49,-0.0174,-0.0825069927186554,0.308877973439122,1.36889723962079,TRUE
2.495,-0.0174,-0.0725675245043856,0.319690862923009,2.34657730802699,TRUE
2.5,-0.0174,-0.062661585499449,0.330441416000695,3.32034403197809,TRUE
2.505,-0.0174,-0.0527909233832671,0.341128038984678,4.29003282158428,TRUE
2.51,-0.0174,-0.0429572438379487,0.351749194966498,5.25548348184478,TRUE
2.515,-0.0174,-0.0331622095465139,0.362303404355038,6.21654029806416,TRUE
2.52,-0.0174,-0.0234074392825418,0.372789245310158,7.17305211215203,TRUE
2.525,-0.0174,-0.013694507090976,0.383205354073416,8.1248723898672,TRUE
2.53,-0.0174,-0.00402494155954788,0.393550425197947,9.07185927909415,TRUE
2.465,-0.0172,-0.100216354254749,0.293680520765903,0.216180864856197,TRUE
2.47,-0.0172,-0.0901621591844549,0.304647482744569,1.20494590207799,TRUE
2.475,-0.0172,-0.0801391717419485,0.315553642448489,2.18997303765135,TRUE
2.48,-0.0172,-0.0701492350855757,0.32639729613768,3.17108867526837,TRUE
2.485,-0.0172,-0.0601941509463791,0.337176797380412,4.1481235956359,TRUE
2.49,-0.0172,-0.0502756784575336,0.347890557760619,5.12091305736184,TRUE
2.495,-0.0172,-0.0403955330786521,0.358537047474511,6.08929688832836,TRUE
2.5,-0.0172,-0.0305553856151214,0.369114795817819,7.05311956757735,TRUE
2.505,-0.0172,-0.02075686133234,0.379622391565385,8.01223029775902,TRUE
2.51,-0.0172,-0.0110015391643881,0.390058483245172,8.9664830682298,TRUE
2.515,-0.0172,-0.00129095101639477,0.400421779308981,9.91573670890796,TRUE
2.445,-0.017,-0.108058777256316,0.289275724560257,0.0424231451736349,TRUE
2.45,-0.017,-0.097921321649854,0.300336770216491,1.03856600640658,TRUE
2.455,-0.017,-0.0878144973266888,0.311336926994689,2.03097979664451,TRUE
2.46,-0.017,-0.0777402034151383,0.322274435597321,3.01948609177255,TRUE
2.465,-0.017,-0.0677002971238296,0.333147595206269,4.00391092042545,TRUE
2.47,-0.017,-0.0576965924893497,0.343954764257468,4.98408487155354,TRUE
2.475,-0.017,-0.0477308592223197,0.35469436109993,5.9598431921016,TRUE
2.48,-0.017,-0.0378048216521846,0.365364864540541,6.93102587481731,TRUE
2.485,-0.017,-0.0279201577707251,0.37596481427631,7.8974777362318,TRUE
2.49,-0.017,-0.0180784983739422,0.386492811216087,8.85904848489081,TRUE
2.495,-0.017,-0.00828142630165717,0.396947517694087,9.81559277994218,TRUE
2.43,-0.0168,-0.105785071000325,0.295944528977699,0.869736224747675,TRUE
2.435,-0.0168,-0.0955941348864883,0.30703938413784,1.86957392038063,TRUE
2.44,-0.0168,-0.08543516506919,0.318071478115759,2.86551039256987,TRUE
2.445,-0.0168,-0.0753100756660984,0.329039054036064,3.8573667938596,TRUE
2.45,-0.0168,-0.0652207370787699,0.339940415514845,4.8449689186975,TRUE
2.455,-0.0168,-0.0551689747559814,0.350773927385449,5.82814730778521,TRUE
2.46,-0.0168,-0.0451565680595526,0.361538016304995,6.80673734216334,TRUE
2.465,-0.0168,-0.0351852492327967,0.372231171243265,7.7805793270662,TRUE
2.47,-0.0168,-0.0252567024713699,0.382851943855956,8.74951856561661,TRUE
2.475,-0.0168,-0.0153725630959862,0.393398948744616,9.71340542246022,TRUE
2.48,-0.0168,-0.00553441682609641,0.403870863605874,10.6720953774732,TRUE
2.41,-0.0166,-0.113753926459397,0.291469463518142,0.69843651423803,TRUE
2.415,-0.0166,-0.103478649237744,0.302659690408273,1.70573286075612,TRUE
2.42,-0.0166,-0.093234728634299,0.313787074029917,2.70913663994006,TRUE
2.425,-0.0166,-0.0830241371092242,0.324849799752799,3.70846400306538,TRUE
2.43,-0.0166,-0.0728488028965495,0.335846114671623,4.70353582382653,TRUE
2.435,-0.0166,-0.062710608680085,0.346774328403161,5.69417780973983,TRUE
2.44,-0.0166,-0.0526113903756581,0.357632813758889,6.68022060287624,TRUE
2.445,-0.0166,-0.0425529360199648,0.36842000729473,7.66149986994908,TRUE
2.45,-0.0166,-0.032536984765953,0.379134409739884,8.63785638181851,TRUE
2.455,-0.0166,-0.0225652259843124,0.389774586307015,9.60913608250615,TRUE
2.46,-0.0166,-0.0126392984702853,0.400339166886435,10.5751901478479,TRUE
2.465,-0.0166,-0.00276078975470127,0.410826846127192,11.5358750339414,TRUE
2.39,-0.0164,-0.121828330058782,0.286910292764775,0.524648235567092,TRUE
2.395,-0.0164,-0.111468530950357,0.298196534247121,1.53943529846265,TRUE
2.4,-0.0164,-0.101139431365768,0.309419883120334,2.55034095324761,TRUE
2.405,-0.0164,-0.090843063539258,0.320578465277229,3.55717622380437,TRUE
2.41,-0.0164,-0.080581415007183,0.331670469561935,4.55975693561175,TRUE
2.415,-0.0164,-0.0703564271916525,0.342694148643084,5.55790383459793,TRUE
2.42,-0.0164,-0.060169994094365,0.353647819757195,6.55144269490845,TRUE
2.425,-0.0164,-0.0500239611011292,0.364529865323741,7.54020441560347,TRUE
2.43,-0.0164,-0.0399201238971385,0.375338733433817,8.52402510633516,TRUE
2.435,-0.0164,-0.029860227492702,0.386072938214659,9.5027461620926,TRUE
2.44,-0.0164,-0.0198459653587712,0.39673106007264,10.4762143271348,TRUE
2.445,-0.0164,-0.00987897867124184,0.40731174581769,11.4442817482664,TRUE
2.37,-0.0162,-0.130008640896274,0.2822657533562,0.348354276852364,TRUE
2.375,-0.0162,-0.119564190697602,0.293648619166836,1.37066126063239,TRUE
2.38,-0.0162,-0.109149733633323,0.3049685776565,2.38910062022862,TRUE
2.385,-0.0162,-0.0987673631372672,0.316223693497286,3.40347812529529,TRUE
2.39,-0.0162,-0.0884191275163634,0.32741209552826,4.41360442463858,TRUE
2.395,-0.0162,-0.0781070284369685,0.338531977709776,5.41929517293224,TRUE
2.4,-0.0162,-0.0678330195253174,0.349581599942468,6.42037114592585,TRUE
2.405,-0.0162,-0.0575990050827725,0.360559288752356,7.41665834414536,TRUE
2.41,-0.0162,-0.047406838916146,0.371463437843851,8.40798808512453,TRUE
2.415,-0.0162,-0.0372583232829256,0.382292508522936,9.39419708424718,TRUE
2.42,-0.0162,-0.0271552079508877,0.393045029993073,10.3751275243137,TRUE
2.425,-0.0162,-0.017099189371171,0.403719599526844,11.3506271139818,TRUE
2.43,-0.0162,-0.00709190996353723,0.414314882516569,12.3205491352661,TRUE
2.35,-0.016,-0.138295129186236,0.277534603127549,0.169539182803846,TRUE
2.355,-0.016,-0.127765953394851,0.289014667121497,1.19939224386212,TRUE
2.36,-0.016,-0.11726601315249,0.300431845651126,2.22539421371832,TRUE
2.365,-0.016,-0.106797464507378,0.3117841404052,3.24734548051513,TRUE
2.37,-0.016,-0.0963624179993101,0.323069618440634,4.26505138717455,TRUE
2.375,-0.016,-0.0859629370434578,0.33428641322319,5.27832236640766,TRUE
2.38,-0.016,-0.0756010364322523,0.345432725527208,6.28697406378365,TRUE
2.385,-0.016,-0.065278680956244,0.356506824195674,7.29082744884481,TRUE
2.39,-0.016,-0.054997784144404,0.36750704676235,8.28970891429211,TRUE
2.395,-0.016,-0.0447602071238968,0.378431799938167,9.28345036330986,TRUE
2.4,-0.016,-0.0345677575989287,0.389279559964412,10.2718892851363,TRUE
2.405,-0.016,-0.0244221889478713,0.400048872835715,11.2548688190258,TRUE
2.41,-0.016,-0.0143251994374921,0.410738354396111,12.2322378067806,TRUE
2.415,-0.016,-0.00427843155272286,0.42134669031184,13.2038508340696,TRUE
2.335,-0.0158,-0.136074052132912,0.284293422092239,1.02561134258651,TRUE
2.34,-0.0158,-0.125488559006547,0.295808394329222,2.05920171382926,TRUE
2.345,-0.0158,-0.114933710791903,0.307258478448707,3.08875528202315,TRUE
2.35,-0.0158,-0.104411681713243,0.318641677928822,4.11407195450782,TRUE
2.355,-0.0158,-0.093924598433275,0.329956063931012,5.13495681052591,TRUE
2.36,-0.0158,-0.0834745384511031,0.341199776285869,6.15122023259289,TRUE
2.365,-0.0158,-0.0730635286233788,0.352371024333367,7.1626780254546,TRUE
2.37,-0.0158,-0.0626935438093314,0.363468087619139,8.16915152264376,TRUE
2.375,-0.0158,-0.0523665056398979,0.374489316448898,9.17046768069267,TRUE
2.38,-0.0158,-0.0420842814107477,0.385433132303528,10.166459161097,TRUE
2.385,-0.0158,-0.0318486830985126,0.3962980281178,11.1569644001724,TRUE
2.39,-0.0158,-0.0216614664991744,0.407082568426037,12.141827666977,TRUE
2.395,-0.0158,-0.0115243304871322,0.417785389378417,13.1208991095151,TRUE
2.4,-0.0158,-0.00143891639312627,0.4284051986319,14.0940347894638,TRUE
2.315,-0.0156,-0.144488621913585,0.279483653892455,0.849303382738354,TRUE
2.32,-0.0156,-0.133817565465735,0.291096953817209,1.89050463555676,TRUE
2.325,-0.0156,-0.123176353579362,0.302645400102115,2.92768586332493,TRUE
2.33,-0.0156,-0.112567225598948,0.314126930833758,3.96064140790782,TRUE
2.335,-0.0156,-0.101992372922739,0.325539553039248,4.98917086304938,TRUE
2.34,-0.0156,-0.0914539372912195,0.336881343763754,6.01307921449874,TRUE
2.345,-0.0156,-0.0809540092030446,0.348150450996367,7.03217696725721,TRUE
2.35,-0.0156,-0.0704946264593333,0.359345094445795,8.04628025994166,TRUE
2.355,-0.0156,-0.0600777728367838,0.37046356616792,9.05521096630711,TRUE
2.36,-0.0156,-0.049705376889563,0.381504231047655,10.0587967840143,TRUE
2.365,-0.0156,-0.0393793108794828,0.392465527138053,11.0568713107725,TRUE
2.37,-0.0156,-0.0291013898335054,0.403345965859993,12.0492741080297,TRUE
2.375,-0.0156,-0.0188733707272139,0.414144132066154,13.035850752419,TRUE
2.38,-0.0156,-0.00869695179250661,0.424858683973344,14.0164528752057,TRUE
2.295,-0.0154,-0.153009693197106,0.274584162196553,0.670455060592169,TRUE
2.3,-0.0154,-0.142253125612413,0.286296281056542,1.71928616175447,TRUE
2.305,-0.0154,-0.131525546613097,0.297943621662329,2.76411702576008,TRUE
2.31,-0.0154,-0.120829262078199,0.309524054883929,3.80473629923475,TRUE
2.315,-0.0154,-0.110166529613482,0.321035521767318,4.840937958168,TRUE
2.32,-0.0154,-0.0995395567247405,0.332476034709539,5.87252145726814,TRUE
2.325,-0.0154,-0.0889504991228003,0.343843678475904,6.89929186596372,TRUE
2.33,-0.0154,-0.0784014591614322,0.355136611060664,7.92105999102752,TRUE
2.335,-0.0154,-0.0678944844088407,0.366353064393042,8.93764248585137,TRUE
2.34,-0.0154,-0.0574315663529199,0.377491344891025,9.94886194644495,TRUE
2.345,-0.0154,-0.0470146392399582,0.388549833865792,10.954546994279,TRUE
2.35,-0.0154,-0.0366455790459885,0.399526987780104,11.9545323461379,TRUE
2.355,-0.0154,-0.02632620257954,0.4104213383644,12.9486588711875,TRUE
2.36,-0.0154,-0.016058266714128,0.421231492594711,13.9367736355015,TRUE
2.365,-0.0154,-0.00584346774839958,0.431956132536834,14.918729934326,TRUE
2.275,-0.0152,-0.161637185273431,0.269593780795109,0.489055086645657,TRUE
2.28,-0.0152,-0.150795224783008,0.281405163945382,1.54553128138056,TRUE
2.285,-0.0152,-0.139981339310317,0.29315188727408,2.59803017086188,TRUE
2.29,-0.0152,-0.129197902655864,0.304831752601602,3.64633457718862,TRUE
2.295,-0.0152,-0.118447240083158,0.316442633133151,4.69023272644293,TRUE
2.3,-0.0152,-0.107731626370996,0.327982474737508,5.72951840776181,TRUE
2.305,-0.0152,-0.0970532840016748,0.339449297061555,6.76399111857434,TRUE
2.31,-0.0152,-0.0864143814866465,0.350841194481739,7.79345619596044,TRUE
2.315,-0.0152,-0.0758170318305984,0.362156336894211,8.81772493413783,TRUE
2.32,-0.0152,-0.0652632911343358,0.37339297034598,9.83661468814003,TRUE
2.325,-0.0152,-0.0547551573363753,0.384549417509873,10.8499489637932,TRUE
2.33,-0.0152,-0.0442945690926316,0.395624078006605,11.8575574941473,TRUE
2.335,-0.0152,-0.0338834047930702,0.406615428577719,12.8592763025638,TRUE
2.34,-0.0152,-0.0235234817137819,0.417522023113538,13.8549477527001,TRUE
2.345,-0.0152,-0.0132165553024735,0.428342492540653,14.8444205856716,TRUE
2.35,-0.0152,-0.00296431859496382,0.439075544573839,15.8275499447081,TRUE
2.255,-0.015,-0.170370899471686,0.264511382078079,0.305094334342502,TRUE
2.26,-0.015,-0.159443733839957,0.276422425710836,1.36922693287427,TRUE
2.265,-0.015,-0.148543670103629,0.288268973187642,2.42940843809693,TRUE
2.27,-0.015,-0.137673151337672,0.300048755442934,3.48541571915498,TRUE
2.275,-0.015,-0.126834571885636,0.311759575973015,4.53703112052989,TRUE
2.28,-0.015,-0.116030275284886,0.323399312224872,5.58404263133538,TRUE
2.285,-0.015,-0.105262552332001,0.334965916814239,6.62624404028869,TRUE
2.29,-0.015,-0.0945336392901422,0.346457418573932,7.66343507629382,TRUE
2.295,-0.015,-0.0838457162396973,0.35787192343403,8.69542153462268,TRUE
2.3,-0.015,-0.0732009055728547,0.369207615136084,9.7220153887391,TRUE
2.305,-0.015,-0.0626012706322309,0.38046275578411,10.7430348878615,TRUE
2.31,-0.015,-0.0520488144931168,0.391635686235616,11.7583046404113,TRUE
2.315,-0.015,-0.0415454788884287,0.402724826336376,12.7676556835386,TRUE
2.32,-0.015,-0.0310931432748946,0.413728675003181,13.7709255389648,TRUE
2.325,-0.015,-0.0206936240385852,0.424645810159117,14.7679582554224,TRUE
2.33,-0.015,-0.0103486738374569,0.435474888526349,15.7586044380086,TRUE
2.335,-0.015,-5.99810781233596e-05,0.446214645281709,16.7427212648094,TRUE
2.235,-0.0148,-0.179210512224776,0.259335881746477,0.118565993389983,TRUE
2.24,-0.0148,-0.168198402289409,0.271346929513058,1.19036215246926,TRUE
2.245,-0.0148,-0.157212359619627,0.283293692251194,2.25823684784898,TRUE
2.25,-0.0148,-0.146254897877042,0.295173828174896,3.32196086856214,TRUE
2.255,-0.0148,-0.135328481872944,0.306985069199805,4.38131054664693,TRUE
2.26,-0.0148,-0.124435525360357,0.318725222448645,5.43606793718494,TRUE
2.265,-0.0148,-0.113578388970405,0.330392171579333,6.48602098352408,TRUE
2.27,-0.0148,-0.102759378295208,0.341983877936537,7.53096366759404,TRUE
2.275,-0.0148,-0.0919807421188879,0.353498381528076,8.57069614528036,TRUE
2.28,-0.0148,-0.0812446707976638,0.364933801828203,9.6050248668829,TRUE
2.285,-0.0148,-0.0705532947894316,0.376288338410417,10.6337626827376,TRUE
2.29,-0.0148,-0.0599086833325927,0.387560271412987,11.6567289341388,TRUE
2.295,-0.0148,-0.0493128432734126,0.3987479618409,12.6737495297448,TRUE
2.3,-0.0148,-0.0387677180406027,0.409849851708438,13.6846570076999,TRUE
2.305,-0.0148,-0.0282751867653464,0.420864464027008,14.6892905837522,TRUE
2.31,-0.0148,-0.0178370635444891,0.431790402643294,15.6874961856861,TRUE
2.315,-0.0148,-0.00745509684421685,0.442626351933105,16.6791264744267,TRUE
2.22,-0.0146,-0.177058851263114,0.266177583281138,1.00892822720228,TRUE
2.225,-0.0146,-0.165987103711716,0.278224898638688,2.08450244946046,TRUE
2.23,-0.0146,-0.154942910866911,0.290205773490817,3.15595297762275,TRUE
2.235,-0.0146,-0.143928809353722,0.302117866302406,4.22305000171212,TRUE
2.24,-0.0146,-0.132947284562585,0.313958911965475,5.28556950961132,TRUE
2.245,-0.0146,-0.122000768450365,0.325726723244094,6.34329346306882,TRUE
2.25,-0.0146,-0.111091637492385,0.33741919203578,7.39600995827361,TRUE
2.255,-0.0146,-0.100222210787419,0.349034290450588,8.44351337093975,TRUE
2.26,-0.0146,-0.0893947483169591,0.360570071709759,9.48560448590556,TRUE
2.265,-0.0146,-0.0786114493594252,0.372024670866439,10.5220906113096,TRUE
2.27,-0.0146,-0.0678744510593604,0.383396305351561,11.5527856774655,TRUE
2.275,-0.0146,-0.0571858271510866,0.394683275348574,12.5775103206081,TRUE
2.28,-0.0146,-0.046547586835693,0.405883964001208,13.5960919517402,TRUE
2.285,-0.0146,-0.0359616738097343,0.416996837458927,14.6083648108507,TRUE
2.29,-0.0146,-0.0254299654434393,0.428020444765223,15.6141700068274,TRUE
2.295,-0.0146,-0.0149542721058263,0.438953417594218,16.6133555434228,TRUE
2.3,-0.0146,-0.00453633663362816,0.449794469841453,17.6057763316724,TRUE
2.2,-0.0144,-0.186024566385883,0.260913344779191,0.824918852314412,TRUE
2.205,-0.0144,-0.174867466367214,0.273061492812649,1.90819447409351,TRUE
2.21,-0.0144,-0.163736830695288,0.285143436864907,2.98737695527872,TRUE
2.215,-0.0144,-0.152635269105564,0.297156760087465,4.06223021603138,TRUE
2.22,-0.0144,-0.141565340005006,0.309099123236675,5.13252404514032,TRUE
2.225,-0.0144,-0.130529548131301,0.320968266242437,6.19803428735823,TRUE
2.23,-0.0144,-0.119530342367491,0.332762009586331,7.25854301477947,TRUE
2.235,-0.0144,-0.108570113714416,0.344478255490145,8.31383868217087,TRUE
2.24,-0.0144,-0.0976511934225878,0.356114988916468,9.3637162662382,TRUE
2.245,-0.0144,-0.0867758512845207,0.367670278383696,10.4079773888705,TRUE
2.25,-0.0144,-0.0759462940878385,0.379142276598451,11.4464304244673,TRUE
2.255,-0.0144,-0.0651646642288705,0.39052922090901,12.4788905915101,TRUE
2.26,-0.0144,-0.0544330384858206,0.401829433583914,13.5051800285974,TRUE
2.265,-0.0144,-0.0437534269500367,0.413041321920455,14.5251278552109,TRUE
2.27,-0.0144,-0.0331277721133299,0.424163378188185,15.5385702175323,TRUE
2.275,-0.0144,-0.0225579481088083,0.435194179413077,16.5453503196719,TRUE
2.28,-0.0144,-0.012045760102178,0.446132387008291,17.5453184407141,TRUE
2.285,-0.0144,-0.0015929438300546,0.456976746257875,18.5383319380184,TRUE
2.18,-0.0142,-0.195094890553004,0.255553226899335,0.638330292683956,TRUE
2.185,-0.0142,-0.183852872511714,0.267802426719696,1.7293044921142,TRUE
2.19,-0.0142,-0.172636162386154,0.279985711644637,2.81621982011968,TRUE
2.195,-0.0142,-0.161447444261575,0.292100587663453,3.89883380136611,TRUE
2.2,-0.0142,-0.150289350890142,0.304144639499298,4.97690989538927,TRUE
2.205,-0.0142,-0.139164461201807,0.316115532308875,6.05021769582327,TRUE
2.21,-0.0142,-0.128075297974918,0.328011013184454,7.11853311313982,TRUE
2.215,-0.0142,-0.117024325669367,0.339828912458865,8.18163854078024,TRUE
2.22,-0.0142,-0.106013948424366,0.351567144814895,9.23932300463408,TRUE
2.225,-0.0142,-0.0950465082221752,0.363223710201273,10.2913822958859,TRUE
2.23,-0.0142,-0.0841242832184487,0.374796694558103,11.337619087317,TRUE
2.235,-0.0142,-0.0732494862391809,0.386284270355227,12.3778430332065,TRUE
2.24,-0.0142,-0.0624242634435697,0.397684696947682,13.4118708530436,TRUE
2.245,-0.0142,-0.0516506931515113,0.408996320752901,14.4395263993098,TRUE
2.25,-0.0142,-0.0409307848338374,0.420217575254889,15.4606407096469,TRUE
2.255,-0.0142,-0.0302664782628589,0.431346980841034,16.4750520437749,TRUE
2.26,-0.0142,-0.0196596428202531,0.442383144477652,17.4826059055646,TRUE
2.265,-0.0142,-0.00911207695885442,0.453324759230748,18.4831550507153,TRUE
2.16,-0.014,-0.204269016645277,0.250096303176331,0.449161547860019,TRUE
2.165,-0.014,-0.192942600736908,0.262446709214768,1.54782657464142,TRUE
2.17,-0.014,-0.181640268350454,0.274731544378089,2.6424708579829,TRUE
2.175,-0.014,-0.170364779094416,0.286948235665241,3.73284540415671,TRUE
2.18,-0.014,-0.159118841336121,0.299094289882556,4.8187072155201,TRUE
2.185,-0.014,-0.147905109557595,0.311167295481926,5.89981950221286,TRUE
2.19,-0.014,-0.136726181875385,0.323164924194079,6.97595187683139,TRUE
2.195,-0.014,-0.125584597727603,0.33508493245732,8.04688053193192,TRUE
2.2,-0.014,-0.114482835730674,0.346925162642906,9.11238840028658,TRUE
2.205,-0.014,-0.10342331170758,0.358683544078987,10.1722652978861,TRUE
2.21,-0.014,-0.0924083768885606,0.370358093875826,11.2263080497572,TRUE
2.215,-0.014,-0.0814403162845813,0.381946917555681,12.2743205987225,TRUE
2.22,-0.014,-0.0705213472331702,0.393448209491401,13.3161140972987,TRUE
2.225,-0.014,-0.05965361811553,0.404860253158393,14.3515069829865,TRUE
2.23,-0.014,-0.0488392072432231,0.41618142120521,15.3803250372624,TRUE
2.235,-0.014,-0.0380801219121493,0.427410175348454,16.4024014286325,TRUE
2.24,-0.014,-0.027378297620922,0.438545066098242,17.4175767401594,TRUE
2.245,-0.014,-0.0167355974502718,0.4495847323208,18.4256989819156,TRUE
2.25,-0.014,-0.00615381159960462,0.460527900645185,19.4266235888554,TRUE
2.14,-0.0138,-0.213545980212647,0.244541713516628,0.257414520198752,TRUE
2.145,-0.0138,-0.202135775981367,0.256993411708025,1.36375745883306,TRUE
2.15,-0.0138,-0.190748361075152,0.269379940371507,2.4661217838821,TRUE
2.155,-0.0138,-0.179386571724365,0.281698645715593,3.56425186361785,TRUE
2.16,-0.0138,-0.168053193113957,0.293946954767143,4.65789811806276,TRUE
2.165,-0.0138,-0.156750956577683,0.306122377355674,5.74681724374206,TRUE
2.17,-0.0138,-0.145482536960296,0.318222507885532,6.83077242088224,TRUE
2.175,-0.0138,-0.134250550151509,0.330245026895939,7.90953350287244,TRUE
2.18,-0.0138,-0.12305755079471,0.342187702409754,8.98287718787749,TRUE
2.185,-0.0138,-0.111906030172615,0.354048391072673,10.0505871725725,TRUE
2.19,-0.0138,-0.100798414271261,0.365825039085327,11.1124542880365,TRUE
2.195,-0.0138,-0.0897370620229755,0.377515682931553,12.1682766179201,TRUE
2.2,-0.0138,-0.0787242637281912,0.38911844990678,13.217859599064,TRUE
2.205,-0.0138,-0.0677622396553289,0.40063155845114,14.2610161048101,TRUE
2.21,-0.0138,-0.0568531388172077,0.412053318292541,15.2975665113113,TRUE
2.215,-0.0138,-0.0459990379218757,0.423382130405474,16.3273387471958,TRUE
2.22,-0.0138,-0.0352019404951032,0.434616486791838,17.3501683269963,TRUE
2.225,-0.0138,-0.0244637761712345,0.445754970090516,18.3658983688043,TRUE
2.23,-0.0138,-0.0137864001485496,0.456796253022859,19.3743795966495,TRUE
2.235,-0.0138,-0.00317159280485636,0.467739097681501,20.375470328142,TRUE
2.12,-0.0136,-0.222924652160932,0.238888670132244,0.0630941855284754,TRUE
2.125,-0.0136,-0.211431362197186,0.251441674026242,1.17709671641481,TRUE
2.13,-0.0136,-0.199959495781774,0.263929969470153,2.28716690784304,TRUE
2.135,-0.0136,-0.188511966781221,0.276350820118014,3.39304237436092,TRUE
2.14,-0.0136,-0.177091638323861,0.288701571383112,4.49446683183621,TRUE
2.145,-0.0136,-0.165701319825685,0.300979652576302,5.59119033586064,TRUE
2.15,-0.0136,-0.154343764188015,0.313182578824935,6.68296950207491,TRUE
2.155,-0.0136,-0.143021665171337,0.325307952771989,7.76956770818809,TRUE
2.16,-0.0136,-0.131737654948815,0.337353466055942,8.8507552775474,TRUE
2.165,-0.0136,-0.120494301842141,0.349316900572776,9.92630964419444,TRUE
2.17,-0.0136,-0.109294108241563,0.361196129522371,10.9960154994197,TRUE
2.175,-0.0136,-0.0981395087110958,0.372989118242365,12.0596649199067,TRUE
2.18,-0.0136,-0.0870328682791565,0.384693924833293,13.1170574776252,TRUE
2.185,-0.0136,-0.0759764809140763,0.396308700579565,14.1680003317046,TRUE
2.19,-0.0136,-0.0649725681832636,0.407831690171461,15.2123083025774,TRUE
2.195,-0.0136,-0.0540232780940467,0.419261231733956,16.2498039287516,TRUE
2.2,-0.0136,-0.0431306841136059,0.430595756668743,17.2803175066178,TRUE
2.205,-0.0136,-0.032296784364809,0.441833789316267,18.3036871137533,TRUE
2.21,-0.0136,-0.0215235009941434,0.452973946445091,19.319758616232,TRUE
2.215,-0.0136,-0.0108126797074799,0.464014936576233,20.3283856604877,TRUE
2.22,-0.0136,-0.000166089468894973,0.474955559150445,21.3294296503191,TRUE
2.105,-0.0134,-0.220828155039031,0.245790710478106,0.987846924878326,TRUE
2.11,-0.0134,-0.209272563089319,0.258380772053287,2.10560330415346,TRUE
2.115,-0.0134,-0.197739948053409,0.270903827773073,3.21920865312444,TRUE
2.12,-0.0134,-0.186233252042379,0.283357139639789,4.32839986562521,TRUE
2.125,-0.0134,-0.174755363706347,0.295738054578411,5.43292023237786,TRUE
2.13,-0.0134,-0.163309115260696,0.308044006510281,6.53251967505501,TRUE
2.135,-0.0134,-0.151897279692666,0.320272518199387,7.62695496147356,TRUE
2.14,-0.0134,-0.140522568152424,0.332421202871271,8.71598990173334,TRUE
2.145,-0.0134,-0.129187627531745,0.344487765605715,9.79939552520482,TRUE
2.15,-0.0134,-0.117895038232662,0.356470004505117,10.876950238346,TRUE
2.155,-0.0134,-0.106647312127502,0.368365811641463,11.9484399634138,TRUE
2.16,-0.0134,-0.0954468907109179,0.380173173785522,13.0136582582099,TRUE
2.165,-0.0134,-0.0842961434437111,0.391890172922744,14.0724064170751,TRUE
2.17,-0.0134,-0.0731973662874859,0.40351498656096,15.1244935534121,TRUE
2.175,-0.0134,-0.0621527804283921,0.415045887835725,16.1697366640861,TRUE
2.18,-0.0134,-0.0511645311875581,0.426481245419688,17.2079606761083,TRUE
2.185,-0.0134,-0.0402346871151231,0.437819523242947,18.2389984760667,TRUE
2.19,-0.0134,-0.0293652392642033,0.449059280031787,19.2626909228149,TRUE
2.195,-0.0134,-0.0185581006405206,0.460199168673659,20.2788868439787,TRUE
2.2,-0.0134,-0.00781510582292664,0.471237935416585,21.2874430168814,TRUE
2.085,-0.0132,-0.230324774615661,0.240039816110303,0.796013840699797,TRUE
2.09,-0.0132,-0.218686281720082,0.25273156523162,1.92143098345846,TRUE
2.095,-0.0132,-0.207069331161169,0.265356810308032,3.04274510912753,TRUE
2.1,-0.0132,-0.195476944975619,0.27791272817895,4.15968617620692,TRUE
2.105,-0.0132,-0.183912092111015,0.290396581553668,5.27199059061179,TRUE
2.11,-0.0132,-0.172377685273703,0.302805721248119,6.37940145409267,TRUE
2.115,-0.0132,-0.160876577961012,0.31513758818651,7.48166879322886,TRUE
2.12,-0.0132,-0.149411561682538,0.327389715167509,8.57854976876522,TRUE
2.125,-0.0132,-0.137985363374218,0.339559728395695,9.66980886515556,TRUE
2.13,-0.0132,-0.126600643008049,0.351645348779932,10.7552180602616,TRUE
2.135,-0.0132,-0.115259991399345,0.363644393001269,11.8345569752434,TRUE
2.14,-0.0132,-0.103965928212577,0.375554774353834,12.9076130047552,TRUE
2.145,-0.0132,-0.0927209001659416,0.387374503363032,13.974181427646,TRUE
2.15,-0.0132,-0.0815272794340155,0.399101688186099,15.0340654984266,TRUE
2.155,-0.0132,-0.0703873622470269,0.410734534800803,16.0870765198455,TRUE
2.16,-0.0132,-0.0593033676845506,0.422271346988706,17.1330338969736,TRUE
2.165,-0.0132,-0.0482774366606923,0.433710526120036,18.1717651732612,TRUE
2.17,-0.0132,-0.0373116310972217,0.445050570747664,19.2031060490825,TRUE
2.175,-0.0132,-0.0264079332804349,0.456290076018232,20.2269003833342,TRUE
2.18,-0.0132,-0.0155682453970222,0.467427732908802,21.2430001786999,TRUE
2.185,-0.0132,-0.00479438924365749,0.478462327297795,22.251265551229,TRUE
2.065,-0.013,-0.239919658347799,0.234188373138485,0.601606573845449,TRUE
2.07,-0.013,-0.228199191290586,0.24698164923289,1.7346530670536,TRUE
2.075,-0.013,-0.21649875629443,0.259708988406928,2.86364901747958,TRUE
2.08,-0.013,-0.204821456157514,0.272367480639881,3.98831734024206,TRUE
2.085,-0.013,-0.193170341089317,0.284954302641933,5.10838744116294,TRUE
2.09,-0.013,-0.181548405373284,0.29746672026236,6.22359548017344,TRUE
2.095,-0.013,-0.169958584217542,0.309902090654962,7.33368461474311,TRUE
2.1,-0.013,-0.158403750799049,0.322257864199939,8.43840522305363,TRUE
2.105,-0.013,-0.146886713505525,0.334531586182496,9.53751510673934,TRUE
2.11,-0.013,-0.135410213378583,0.346720898229467,10.6307796731043,TRUE
2.115,-0.013,-0.123976921760477,0.358823539506288,11.7179720968208,TRUE
2.12,-0.013,-0.112589438145968,0.370837347677532,12.798873461197,TRUE
2.125,-0.013,-0.101250288239876,0.382760259635152,13.8732728791866,TRUE
2.13,-0.013,-0.0899619222200253,0.394590311999367,14.940967594392,TRUE
2.135,-0.013,-0.0787267132044081,0.406325641397933,16.0017630623863,TRUE
2.14,-0.013,-0.0675469559206438,0.417964484530211,17.0554730127486,TRUE
2.145,-0.013,-0.0564248655749729,0.429505178023123,18.1019194922742,TRUE
2.15,-0.013,-0.0453625769173894,0.440946158086622,19.1409328898757,TRUE
2.155,-0.013,-0.0343621434988086,0.452285959976829,20.1723519437502,TRUE
2.16,-0.013,-0.0234255371155627,0.463523217275449,21.1960237314299,TRUE
2.165,-0.013,-0.0125546474359574,0.474656660994425,22.2118036433845,TRUE
2.17,-0.013,-0.00175128180315298,0.485685118515094,23.2195553408695,TRUE
2.045,-0.0128,-0.249611053979838,0.228235857534365,0.404637762748583,TRUE
2.05,-0.0128,-0.237809645233568,0.241130413958364,1.54527596264333,TRUE
2.055,-0.0128,-0.226026681059652,0.253959668325507,2.6819206950016,TRUE
2.06,-0.0128,-0.214265345735763,0.266720622122312,3.81428772947163,TRUE
2.065,-0.0128,-0.202528771588033,0.279410364332316,4.94209936183406,TRUE
2.07,-0.0128,-0.190820035461753,0.292026074024219,6.06508469302667,TRUE
2.075,-0.0128,-0.179142155383509,0.304565022689717,7.18297988765133,TRUE
2.08,-0.0128,-0.167498087420844,0.317024576329681,8.29552841163547,TRUE
2.085,-0.0128,-0.155890722744477,0.329402197288525,9.40248124882267,TRUE
2.09,-0.0128,-0.144322884897108,0.341695445837625,10.5035970963603,TRUE
2.095,-0.0128,-0.132797327271811,0.353901981509773,11.5986425388538,TRUE
2.1,-0.0128,-0.121316730801999,0.366019564187625,12.6873922013434,TRUE
2.105,-0.0128,-0.109883701864011,0.378046054950053,13.7696288812542,TRUE
2.11,-0.0128,-0.0985007703924239,0.3899794166812,14.8451436595446,TRUE
2.115,-0.0128,-0.0871703882072519,0.401817714447898,15.9137359913713,TRUE
2.12,-0.0128,-0.0758949275513938,0.413559115651811,16.9752137766503,TRUE
2.125,-0.0128,-0.0646766798358185,0.425201889963451,18.0293934109727,TRUE
2.13,-0.0128,-0.0535178545892508,0.436744409045736,19.0760998173917,TRUE
2.135,-0.0128,-0.042420578608378,0.448185146075436,20.1151664596589,TRUE
2.14,-0.0128,-0.0313868953039601,0.459522675071213,21.1464353375384,TRUE
2.145,-0.0128,-0.0204187642375841,0.470755670037511,22.1697569648762,TRUE
2.15,-0.0128,-0.00951806084330123,0.481882903933786,23.1849903311394,TRUE
2.025,-0.0126,-0.259397012796576,0.22218184574704,0.205123748854127,TRUE
2.03,-0.0126,-0.247515803900613,0.235177345690063,1.35330954074913,TRUE
2.035,-0.0126,-0.235651373483653,0.24810824857243,2.49756367772828,TRUE
2.04,-0.0126,-0.22380698789181,0.260971465830241,3.63759468857542,TRUE
2.045,-0.0126,-0.211985862301829,0.273763997058838,4.77311765514126,TRUE
2.05,-0.0126,-0.200191156993191,0.28648293278951,5.90385450761935,TRUE
2.055,-0.0126,-0.188425973814679,0.299125457008454,7.0295342987796,TRUE
2.06,-0.0126,-0.176693352852251,0.311688849416071,8.14989345677562,TRUE
2.065,-0.0126,-0.164996269303979,0.324170487425901,9.26467601624861,TRUE
2.07,-0.0126,-0.153337630566759,0.336567847903616,10.3736338275526,TRUE
2.075,-0.0126,-0.141720273538394,0.348878508647657,11.4765267440274,TRUE
2.08,-0.0126,-0.130146962137631,0.361100149614149,12.5731227873436,TRUE
2.085,-0.0126,-0.118620385043676,0.373230553889765,13.6631982910381,TRUE
2.09,-0.0126,-0.107143153655751,0.385267608417126,14.7465380224466,TRUE
2.095,-0.0126,-0.0957178002722528,0.39720930447829,15.822935283328,TRUE
2.1,-0.0126,-0.0843467764881844,0.409053737942635,16.8921919895524,TRUE
2.105,-0.0126,-0.0730324518086297,0.420799109286268,17.9541187303013,TRUE
2.11,-0.0126,-0.0617771124752581,0.432443723390699,19.0085348072954,TRUE
2.115,-0.0126,-0.0505829605020176,0.44398598912922,20.05526825463,TRUE
2.12,-0.0126,-0.0394521129155075,0.455424418749891,21.0941558398547,TRUE
2.125,-0.0126,-0.0283866011948374,0.466757627064544,22.1250430469843,TRUE
2.13,-0.0126,-0.017388370905194,0.477984330453589,23.1477840421725,TRUE
2.135,-0.0126,-0.0064592815187845,0.48910334569673,24.1622416228193,TRUE
2.005,-0.0124,-0.269275383099754,0.216026021533512,0.00308474974234807,TRUE
2.01,-0.0124,-0.257315627898716,0.229122033925301,1.15876731086436,TRUE
2.015,-0.0124,-0.245370905226103,0.242154226735035,2.31058489927631,TRUE
2.02,-0.0124,-0.233444563944937,0.255119419876632,3.45823871496558,TRUE
2.025,-0.0124,-0.221539902684294,0.268014521972325,4.60143652877564,TRUE
2.03,-0.0124,-0.209660165906399,0.280836533326569,5.73989299456437,TRUE
2.035,-0.0124,-0.197808540170773,0.293582548634965,6.87332993981339,TRUE
2.04,-0.0124,-0.185988150603103,0.30624975942562,8.00147663424571,TRUE
2.045,-0.0124,-0.174202057575381,0.318835456231639,9.12407003611554,TRUE
2.05,-0.0124,-0.162453253602733,0.331337030494694,10.2408550159481,TRUE
2.055,-0.0124,-0.150744660461219,0.343751976200801,11.3515845576106,TRUE
2.06,-0.0124,-0.139079126529793,0.356077891250543,12.4560199366989,TRUE
2.065,-0.0124,-0.127459424358534,0.368312478567143,13.5539308763272,TRUE
2.07,-0.0124,-0.115888248464155,0.380453546946738,14.6450956804999,TRUE
2.075,-0.0124,-0.104368213352848,0.392499011656219,15.7293013453384,TRUE
2.08,-0.0124,-0.092901851769468,0.404446894784875,16.8063436485203,TRUE
2.085,-0.0124,-0.0814916131711543,0.416295325356922,17.8760272173692,TRUE
2.09,-0.0124,-0.0701398624226298,0.428042539212703,18.9381655761046,TRUE
2.095,-0.0124,-0.0588488787095319,0.439686878667056,19.9925811728347,TRUE
2.1,-0.0124,-0.0476208546653994,0.451226791953924,21.0391053869309,TRUE
2.105,-0.0124,-0.0364578957071986,0.462660832466788,22.0775785174837,TRUE
2.11,-0.0124,-0.0253620195736545,0.473987657804953,23.1078497535827,TRUE
2.115,-0.0124,-0.0143351560600214,0.485206028636065,24.1297771272117,TRUE
2.12,-0.0124,-0.00337914694243526,0.496314807385552,25.1432274495812,TRUE
1.99,-0.0122,-0.267206871717555,0.222964178311856,0.961666596362555,TRUE
1.995,-0.0122,-0.255183145055989,0.236097206424675,2.12099486917301,TRUE
2,-0.0122,-0.243176055694189,0.249163994225714,3.27622363969814,TRUE
2.005,-0.0122,-0.231188986171351,0.262161357866978,4.42705327829034,TRUE
2.01,-0.0122,-0.219225265745515,0.27508620581498,5.57319106380635,TRUE
2.015,-0.0122,-0.207288166448647,0.287935541758495,6.71435149124116,TRUE
2.02,-0.0122,-0.19538089934943,0.300706467241035,7.85025655682122,TRUE
2.025,-0.0122,-0.183506611031179,0.313396184016062,8.98063602016006,TRUE
2.03,-0.0122,-0.171668380291039,0.326001996124315,10.1052276431993,TRUE
2.035,-0.0122,-0.159869215065522,0.338521311693889,11.2237774057671,TRUE
2.04,-0.0122,-0.148112049586203,0.350951644464912,12.3360396976983,TRUE
2.045,-0.0122,-0.13639974176833,0.363290615041806,13.4417774875625,TRUE
2.05,-0.0122,-0.124735070833899,0.375535951877267,14.5407624681513,TRUE
2.055,-0.0122,-0.113120735169715,0.387685491993102,15.6327751789725,TRUE
2.06,-0.0122,-0.101559350419894,0.399737181444016,16.7176051060899,TRUE
2.065,-0.0122,-0.0900534478112634,0.411689075531373,17.7950507597303,TRUE
2.07,-0.0122,-0.0786054727091721,0.423539338774714,18.8649197301673,TRUE
2.075,-0.0122,-0.0672177834003214,0.435286244649586,19.9270287224536,TRUE
2.08,-0.0122,-0.0558926500984115,0.446928175100859,20.9812035706509,TRUE
2.085,-0.0122,-0.0446322541675895,0.458463619841322,22.0272792322609,TRUE
2.09,-0.0122,-0.0334386875580366,0.469891175445751,23.0650997636138,TRUE
2.095,-0.0122,-0.022313952447323,0.481209544251151,24.0945182770219,TRUE
2.1,-0.0122,-0.0112599610806401,0.492417533074129,25.1153968805406,TRUE
2.105,-0.0122,-0.000278535802459504,0.503514051756654,26.1276066012181,TRUE
1.97,-0.012,-0.277187077707617,0.216703595653607,0.762028707079562,TRUE
1.975,-0.012,-0.26508575265077,0.229936904313228,1.92880785015209,TRUE
1.98,-0.012,-0.252999239055386,0.24310480774621,3.09155680859694,TRUE
1.985,-0.012,-0.240931003672759,0.256204028236714,4.24996847119439,TRUE
1.99,-0.012,-0.228884461022392,0.269231380891926,5.40374265085802,TRUE
1.995,-0.012,-0.216862969231621,0.282183776757582,6.55258640993718,TRUE
2,-0.012,-0.20486982608547,0.295058225650644,7.6962143624504,TRUE
2.005,-0.012,-0.192908265295027,0.307851838706506,8.83434895278878,TRUE
2.01,-0.012,-0.180981452991385,0.32056183063943,9.96672071055203,TRUE
2.015,-0.012,-0.169092484450944,0.333185521716317,11.0930684812953,TRUE
2.02,-0.012,-0.157244381056671,0.345720339445168,12.2131396330847,TRUE
2.025,-0.012,-0.145440087498693,0.358163819980825,13.3266902388656,TRUE
2.03,-0.012,-0.133682469216424,0.3705136092518,14.4334852347609,TRUE
2.035,-0.012,-0.121974310083268,0.382767463813058,15.5332985545175,TRUE
2.04,-0.012,-0.110318310333817,0.394923251430714,16.6259132404167,TRUE
2.045,-0.012,-0.098717084732441,0.406978951405495,17.7111215310567,TRUE
2.05,-0.012,-0.0871731609810945,0.418932654642776,18.788724926501,TRUE
2.055,-0.012,-0.0756889783632444,0.430782563477727,19.8585342313655,TRUE
2.06,-0.012,-0.0642668866199174,0.44252699126487,20.9203695764899,TRUE
2.065,-0.012,-0.0529091450530255,0.454164361741943,21.9740604199033,TRUE
2.07,-0.012,-0.0416179218503612,0.465693208178521,23.0194455278531,TRUE
2.075,-0.012,-0.030395293625967,0.477112172320297,24.056372936718,TRUE
2.08,-0.012,-0.0192432451689391,0.488420003140311,25.0846998966669,TRUE
2.085,-0.012,-0.00816366939315856,0.499615555408694,26.1042927979687,TRUE
1.95,-0.0118,-0.287253570472436,0.210340226953063,0.55987910840187,TRUE
1.955,-0.0118,-0.275076172780186,0.223673157228876,1.73404203333301,TRUE
1.96,-0.0118,-0.262911678053795,0.236941595345382,2.90424926259323,TRUE
1.965,-0.0118,-0.250763637390806,0.250142168432897,4.07018613154633,TRUE
1.97,-0.0118,-0.238635550878292,0.263271596819588,5.23154490476891,TRUE
1.975,-0.0118,-0.226530863210933,0.276326697363616,6.3880251196567,TRUE
1.98,-0.0118,-0.214452959521308,0.289304386495176,7.53933390645943,TRUE
1.985,-0.0118,-0.202405161431665,0.302201682965004,8.68518628421301,TRUE
1.99,-0.0118,-0.190390723335076,0.315015710297412,9.82530543216766,TRUE
1.995,-0.0118,-0.178412828912656,0.327743698947291,10.9594229364316,TRUE
2,-0.0118,-0.166474587892221,0.340382988161919,12.0872790116749,TRUE
2.005,-0.0118,-0.154579033052475,0.352931027549714,13.2086226978535,TRUE
2.01,-0.0118,-0.142729117475618,0.365385378359326,14.3232120320305,TRUE
2.015,-0.0118,-0.130927712049992,0.377743714473665,15.4308141954785,TRUE
2.02,-0.0118,-0.119177603223229,0.390003823124576,16.5312056363555,TRUE
2.025,-0.0118,-0.107481491005242,0.402163605334877,17.6241721683397,TRUE
2.03,-0.0118,-0.0958419872193072,0.414221076095478,18.7095090457046,TRUE
2.035,-0.0118,-0.0842616139984293,0.426174364286122,19.7870210153983,TRUE
2.04,-0.0118,-0.0727428025232674,0.438021712349102,20.8565223467728,TRUE
2.045,-0.0118,-0.0612878919969728,0.449761475725969,21.9178368396735,TRUE
2.05,-0.0118,-0.0498991288514532,0.461392122067859,22.9707978116689,TRUE
2.055,-0.0118,-0.0385786661788266,0.472912230230595,24.015248065254,TRUE
2.06,-0.0118,-0.0273285633811474,0.4843204890661,25.0510398359082,TRUE
2.065,-0.0118,-0.0161507860308605,0.495615696022054,26.0780347219309,TRUE
2.07,-0.0118,-0.00504720593390229,0.506796755561904,27.0961035970142,TRUE
1.93,-0.0116,-0.297403451741005,0.203874144453566,0.355247585608536,TRUE
1.935,-0.0116,-0.285151629939666,0.217305929275684,1.536719710111,TRUE
1.94,-0.0116,-0.272910719236133,0.230674215150119,2.71431591619281,TRUE
1.945,-0.0116,-0.260684355028517,0.243975532891516,3.8877139240462,TRUE
1.95,-0.0116,-0.248476123105799,0.257206506743404,5.05659837691377,TRUE
1.955,-0.0116,-0.236289555038659,0.27036385793573,6.22066120362074,TRUE
1.96,-0.0116,-0.224128123783924,0.283444407945357,7.37960195706353,TRUE
1.965,-0.0116,-0.21199523951288,0.29644508145525,8.53312812804878,TRUE
1.97,-0.0116,-0.199894245672351,0.309362909009646,9.68095543401042,TRUE
1.975,-0.0116,-0.187828415286118,0.322195029363969,10.822808082262,TRUE
1.98,-0.0116,-0.175800947502885,0.334938691529736,11.9584190075715,TRUE
1.985,-0.0116,-0.163814964395732,0.347591256516048,13.0875300839664,TRUE
1.99,-0.0116,-0.151873508016587,0.360150198770646,14.2098923108044,TRUE
1.995,-0.0116,-0.139979537708074,0.372613107324755,15.325265973255,TRUE
2,-0.0116,-0.128135927673736,0.384977686647155,16.4334207774531,TRUE
2.005,-0.0116,-0.116345464806517,0.397241757214003,17.5341359606876,TRUE
2.01,-0.0116,-0.104610846774172,0.409403255801998,18.627200377088,TRUE
2.015,-0.0116,-0.0929346803592129,0.421460235513372,19.712412559362,TRUE
2.02,-0.0116,-0.0813194800499286,0.433410865542121,20.7895807572247,TRUE
2.025,-0.0116,-0.0697676668780894,0.445253430691533,21.8585229532311,TRUE
2.03,-0.0116,-0.0582815674980163,0.456986330653847,22.9190668567972,TRUE
2.035,-0.0116,-0.0468634135008869,0.468608079063352,23.9710498772553,TRUE
2.04,-0.0116,-0.0355153409573807,0.480117302334804,25.0143190768413,TRUE
2.045,-0.0116,-0.0242393901811384,0.491512738299311,26.0487311045562,TRUE
2.05,-0.0116,-0.0130375057048559,0.502793234650253,27.0741521118871,TRUE
2.055,-0.0116,-0.00191153646035558,0.513957747211927,28.0904576513968,TRUE
1.91,-0.0114,-0.307633595788843,0.197305558640503,0.148168402133309,TRUE
1.915,-0.0114,-0.295309123500831,0.21083531893793,1.33686743950151,TRUE
1.92,-0.0114,-0.28299348656837,0.224302655697744,2.5217757328925,TRUE
1.925,-0.0114,-0.270690404452643,0.237704002394183,3.70256333653105,TRUE
1.93,-0.0114,-0.258403548594883,0.251035886007397,4.87890720959355,TRUE
1.935,-0.0114,-0.246136537574684,0.264294930815024,6.05049159827192,TRUE
1.94,-0.0114,-0.233892932482699,0.277477861880146,7.21700839335563,TRUE
1.945,-0.0114,-0.221676232518995,0.290581508230489,8.37815746264627,TRUE
1.95,-0.0114,-0.209489870827009,0.303602805725311,9.53364695765836,TRUE
1.955,-0.0114,-0.197337210571646,0.316538799608,10.6831935941926,TRUE
1.96,-0.0114,-0.18522154126865,0.329386646743938,11.8265229065071,TRUE
1.965,-0.0114,-0.173146075371012,0.342143617544671,12.9633694749402,TRUE
1.97,-0.0114,-0.161113945116791,0.354807097580845,14.0934771269681,TRUE
1.975,-0.0114,-0.149128199641364,0.367374588887706,15.2165991118024,TRUE
1.98,-0.0114,-0.137191802355793,0.379843710968299,16.3324982487548,TRUE
1.985,-0.0114,-0.125307628591759,0.39221220150061,17.4409470497007,TRUE
1.99,-0.0114,-0.113478463512226,0.404477916756103,18.5417278160852,TRUE
1.995,-0.0114,-0.101707000285885,0.41663883173803,19.6346327110109,TRUE
2,-0.0114,-0.0899958385222625,0.428693040048906,20.7194638070364,TRUE
2.005,-0.0114,-0.0783474829633888,0.440638753497293,21.7960331103988,TRUE
2.01,-0.0114,-0.0667643424269201,0.452474301454813,22.8641625624471,TRUE
2.015,-0.0114,-0.0552487289947341,0.464198129974917,23.9236840191415,TRUE
2.02,-0.0114,-0.0438028574401742,0.475808800685512,24.9744392095316,TRUE
2.025,-0.0114,-0.0324288448864364,0.487304989467909,26.0162796741751,TRUE
2.03,-0.0114,-0.0211287106878808,0.498685484934991,27.0490666845041,TRUE
2.035,-0.0114,-0.00990437652551546,0.509949186721675,28.0726711441768,TRUE
1.895,-0.0112,-0.305545423448832,0.204261566126526,1.13451620959791,TRUE
1.9,-0.0112,-0.293156876888125,0.217827043095535,2.32665189628166,TRUE
1.905,-0.0112,-0.280778808879221,0.231327591323666,3.51474985968821,TRUE
1.91,-0.0112,-0.268414976269795,0.244759639489007,4.69847932334486,TRUE
1.915,-0.0112,-0.2560690845931,0.258119713722391,5.87751678718451,TRUE
1.92,-0.0112,-0.243744783203448,0.271404441331687,7.05154640484337,TRUE
1.925,-0.0112,-0.231445660638501,0.284610554210264,8.2202603353095,TRUE
1.93,-0.0112,-0.219175240219398,0.297734891925146,9.38335906829144,TRUE
1.935,-0.0112,-0.206936975898275,0.310774404482096,10.5405517228235,TRUE
1.94,-0.0112,-0.194734248361318,0.323726154766417,11.6915563187611,TRUE
1.945,-0.0112,-0.182570361394019,0.336587320659859,12.8361000209598,TRUE
1.95,-0.0112,-0.170448538513853,0.349355196835551,13.973919356069,TRUE
1.955,-0.0112,-0.158371919874194,0.362027196234249,15.1047604019968,TRUE
1.96,-0.0112,-0.146343559441871,0.37460085122665,16.2283789502309,TRUE
1.965,-0.0112,-0.134366422449439,0.387073814467736,17.3445406413204,TRUE
1.97,-0.0112,-0.122443383121897,0.399443859450339,18.4530210739311,TRUE
1.975,-0.0112,-0.1105772226764,0.411708880766205,19.5536058879976,TRUE
1.98,-0.0112,-0.0987706275922369,0.423866894083878,20.6460908225886,TRUE
1.985,-0.0112,-0.0870261881473268,0.435916035853552,21.7302817491935,TRUE
1.99,-0.0112,-0.0753463972163733,0.447854562749938,22.8059946812186,TRUE
1.995,-0.0112,-0.0637336493248885,0.459680850864789,23.8730557605532,TRUE
2,-0.0112,-0.0521902399523932,0.47139339466143,24.9313012221318,TRUE
2.005,-0.0112,-0.0407183650773155,0.482990805704034,25.9805773374723,TRUE
2.01,-0.0112,-0.0293201209553846,0.494471811174852,27.0207403382176,TRUE
2.015,-0.0112,-0.0179975041226887,0.505835252192875,28.0516563207456,TRUE
2.02,-0.0112,-0.0067524116139917,0.517080081947624,29.0732011329478,TRUE
1.875,-0.011,-0.315857066777856,0.197585059121407,0.92970159172715,TRUE
1.88,-0.011,-0.303397555982404,0.211247648104362,2.12897197547923,TRUE
1.885,-0.011,-0.290946362651629,0.224846454871016,3.32429316271139,TRUE
1.89,-0.011,-0.278507328585761,0.238377808912188,4.51532660176165,TRUE
1.895,-0.011,-0.266084246015963,0.251838137160426,5.70174099401256,TRUE
1.9,-0.011,-0.253680852497686,0.26522396795929,6.88321269150629,TRUE
1.905,-0.011,-0.241300826031243,0.278531934710165,8.05942606846536,TRUE
1.91,-0.011,-0.228947780421801,0.291758779191178,9.23007386600479,TRUE
1.915,-0.011,-0.216625260889406,0.304901354544535,10.3948575094703,TRUE
1.92,-0.011,-0.204336739938283,0.317956627930272,11.5534873979824,TRUE
1.925,-0.011,-0.192085613492993,0.330921682846084,12.705683165916,TRUE
1.93,-0.011,-0.179875197307669,0.343793721114492,13.8511739161813,TRUE
1.935,-0.011,-0.167708723652925,0.356570064540147,14.9896984253165,TRUE
1.94,-0.011,-0.155589338283671,0.369248156241504,16.1210053205285,TRUE
1.945,-0.011,-0.14352009768959,0.381825561662509,17.2448532289483,TRUE
1.95,-0.011,-0.131503966628636,0.394299969271202,18.3610108994873,TRUE
1.955,-0.011,-0.119543815942645,0.406669190953329,19.4692572977903,TRUE
1.96,-0.011,-0.107642420652815,0.418931162110154,20.5693816748902,TRUE
1.965,-0.011,-0.0958024583316748,0.431083941470656,21.6611836102599,TRUE
1.97,-0.011,-0.0840265077470075,0.443125710629128,22.7444730300499,TRUE
1.975,-0.011,-0.0723170477721771,0.455054773320022,23.8190702013744,TRUE
1.98,-0.011,-0.0606764565563166,0.466869554442524,24.8848057035835,TRUE
1.985,-0.011,-0.0491070109470134,0.478568598847883,25.9415203775136,TRUE
1.99,-0.011,-0.0376108861572919,0.490150569903005,26.9890652537675,TRUE
1.995,-0.011,-0.0261901556680425,0.501614247844136,28.0273014611121,TRUE
2,-0.011,-0.0148467913563933,0.51295852793476,29.0561001161218,TRUE
2.005,-0.011,-0.00358266384004583,0.524182418441947,30.0753421952185,TRUE
1.855,-0.0108,-0.326240354617267,0.190806341360359,0.72246388581681,TRUE
1.86,-0.0108,-0.313711955362717,0.204564893098375,1.92876808348137,TRUE
1.865,-0.0108,-0.301189627682669,0.218260896147711,3.13121726353909,TRUE
1.87,-0.0108,-0.288677297656302,0.231890580093823,4.3294650725391,TRUE
1.875,-0.0108,-0.276178843744369,0.245450271776185,5.52317237326505,TRUE
1.88,-0.0108,-0.263698091436106,0.258936399510922,6.71200766323937,TRUE
1.885,-0.0108,-0.251238808123002,0.27234549698487,7.89564746673533,TRUE
1.89,-0.0108,-0.238804698212798,0.285674206814573,9.0737766994886,TRUE
1.895,-0.0108,-0.226399398495544,0.29891928376558,10.2460890054588,TRUE
1.9,-0.0108,-0.214026473771996,0.312077597629143,11.4122870651414,TRUE
1.905,-0.0108,-0.201689412753074,0.32514613575518,12.5720828750853,TRUE
1.91,-0.0108,-0.189391624237509,0.338122005242058,13.7251979984201,TRUE
1.915,-0.0108,-0.177136433573245,0.351002434785388,14.8713637863413,TRUE
1.92,-0.0108,-0.164927079406675,0.363784776189526,16.0103215706432,TRUE
1.925,-0.0108,-0.152766710722198,0.376466505547014,17.141822827521,TRUE
1.93,-0.0108,-0.140658384173213,0.389045224092509,18.2656293129943,TRUE
1.935,-0.0108,-0.128605061704179,0.401518658739075,19.3815131704216,TRUE
1.94,-0.0108,-0.11660960846209,0.413884662305849,20.4892570106871,TRUE
1.945,-0.0108,-0.104674790994402,0.426141213447188,21.5886539657472,TRUE
1.95,-0.0108,-0.0928032757292418,0.438286416294371,22.6795077163153,TRUE
1.955,-0.0108,-0.0809976277326591,0.450318499821723,23.7616324945517,TRUE
1.96,-0.0108,-0.0692603097365676,0.462235816949853,24.8348530626999,TRUE
1.965,-0.0108,-0.0575936814301571,0.474036843399231,25.8990046686781,TRUE
1.97,-0.0108,-0.0459999990066538,0.485720176307903,26.9539329796914,TRUE
1.975,-0.0108,-0.0344814149565587,0.497284532627523,27.9994939949801,TRUE
1.98,-0.0108,-0.0230399780978083,0.508728747312208,29.0355539388568,TRUE
1.985,-0.0108,-0.0116776338327557,0.520051771314881,30.0619891352162,TRUE
1.99,-0.0108,-0.000396224621335172,0.531252669405925,31.078685864725,TRUE
1.835,-0.0106,-0.336691350161176,0.183926118021577,0.512848255428152,TRUE
1.84,-0.0106,-0.324096269810345,0.197779358849304,1.72607702692193,TRUE
1.845,-0.0106,-0.311504930633154,0.211571373152812,2.93555069223509,TRUE
1.85,-0.0106,-0.298921342083233,0.225298290074939,4.14091508336496,TRUE
1.855,-0.0106,-0.286349468158294,0.238956335637834,5.34182319759981,TRUE
1.86,-0.0106,-0.273793221796966,0.252541837226952,6.53793563745319,TRUE
1.865,-0.0106,-0.261256459501278,0.266051227740942,7.72892102375616,TRUE
1.87,-0.0106,-0.248742976199396,0.279481049399852,8.91445638100412,TRUE
1.875,-0.0106,-0.236256500361671,0.292827957205936,10.0942274942149,TRUE
1.88,-0.0106,-0.223800689381469,0.306088722053215,11.2679292367142,TRUE
1.885,-0.0106,-0.211379125230602,0.319260233483791,12.435265868426,TRUE
1.89,-0.0106,-0.198995310397566,0.332339502090665,13.5959513043984,TRUE
1.895,-0.0106,-0.186652664115139,0.345323661568576,14.749709353453,TRUE
1.9,-0.0106,-0.174354518882325,0.358209970415967,15.8962739269879,TRUE
1.905,-0.0106,-0.162104117283991,0.370995813292799,17.035389218111,TRUE
1.91,-0.0106,-0.149904609110054,0.38367870204038,18.1668098514134,TRUE
1.915,-0.0106,-0.137759048774539,0.396256276370762,19.2903010038212,TRUE
1.92,-0.0106,-0.125670393033457,0.40872630423452,20.4056384970823,TRUE
1.925,-0.0106,-0.113641498999025,0.421086681876885,21.5126088625587,TRUE
1.93,-0.0106,-0.101675122446528,0.433335433593258,22.6110093790924,TRUE
1.935,-0.0106,-0.089773916408872,0.445470711196066,23.7006480848099,TRUE
1.94,-0.0106,-0.0779404300527998,0.457490793205694,24.78134376381,TRUE
1.945,-0.0106,-0.0661771078296933,0.469394083778983,25.8529259087535,TRUE
1.95,-0.0106,-0.0544862888929633,0.481179111389316,26.9152346604376,TRUE
1.955,-0.0106,-0.0428702067732014,0.492844527272792,27.9681207254894,TRUE
1.96,-0.0106,-0.0313309893015064,0.504389103655379,29.0114452733597,TRUE
1.965,-0.0106,-0.0198706587707862,0.515811731776133,30.0450798138309,TRUE
1.97,-0.0106,-0.00849113232425568,0.527111419721746,31.0689060562785,TRUE
1.815,-0.0104,-0.347205877473928,0.176945262344295,0.300904850858821,TRUE
1.82,-0.0104,-0.334546455764464,0.19089179108083,1.52094044568923,TRUE
1.825,-0.0104,-0.321888360899791,0.204778505541803,2.73732664600106,TRUE
1.83,-0.0104,-0.309235684562003,0.218601434084743,3.94970147119948,TRUE
1.835,-0.0104,-0.296592475357567,0.232356701374708,5.15771004024126,TRUE
1.84,-0.0104,-0.283962732961244,0.24604053313719,6.36100503349921,TRUE
1.845,-0.0104,-0.271350402483493,0.259649260572079,7.55924712749299,TRUE
1.85,-0.0104,-0.2587593690773,0.273179324419888,8.75210540147717,TRUE
1.855,-0.0104,-0.246193452798772,0.286627278673407,9.93925771504766,TRUE
1.86,-0.0104,-0.233656403734184,0.29998979392992,11.1203910560911,TRUE
1.865,-0.0104,-0.221151897404525,0.313263660380982,12.2952018585685,TRUE
1.87,-0.0104,-0.20868353045683,0.326445790438703,13.4633962897899,TRUE
1.875,-0.0104,-0.196254816649965,0.33953322099925,14.6246905069948,TRUE
1.88,-0.0104,-0.183869183140789,0.352523115346011,15.7788108832089,TRUE
1.885,-0.0104,-0.171529967075003,0.365412764696604,16.9254942025,TRUE
1.89,-0.0104,-0.159240412485331,0.37819958939938,18.0644878248955,TRUE
1.895,-0.0104,-0.147003667498144,0.39088113978665,19.1955498213649,TRUE
1.9,-0.0104,-0.134822781848103,0.403455096693139,20.3184490793927,TRUE
1.905,-0.0104,-0.122700704698946,0.415919271649487,21.4329653797893,TRUE
1.91,-0.0104,-0.1106402827672,0.42827160676172,22.5388894454981,TRUE
1.915,-0.0104,-0.0986442587442676,0.440510174288645,23.6360229632532,TRUE
1.92,-0.0104,-0.0867152700111937,0.452633175930002,24.7241785790341,TRUE
1.925,-0.0104,-0.0748558476392534,0.464638941838996,25.8031798683447,TRUE
1.93,-0.0104,-0.0630684156685499,0.476525929373468,26.8728612824089,TRUE
1.935,-0.0104,-0.0513552906558456,0.488292721600525,27.9330680714416,TRUE
1.94,-0.0104,-0.0397186814820832,0.499938025569807,28.9836561861945,TRUE
1.945,-0.0104,-0.0281606894093224,0.511460670370945,30.0244921590243,TRUE
1.95,-0.0104,-0.0166833083761933,0.522859604990912,31.0554529657543,TRUE
1.955,-0.0104,-0.0052884255204933,0.534133895987065,32.0764258696255,TRUE
1.795,-0.0102,-0.357779521242704,0.169864821629241,0.0866889186837761,TRUE
1.8,-0.0102,-0.345058230625012,0.183903106735638,1.31340494079084,TRUE
1.805,-0.0102,-0.332335769484675,0.197883081140773,2.53658313424613,TRUE
1.81,-0.0102,-0.319616310334895,0.21180067228233,3.75585372341422,TRUE
1.815,-0.0102,-0.306903985216499,0.225651903126889,4.97085395103958,TRUE
1.82,-0.0102,-0.294202879586933,0.239432897198777,6.18122856249887,TRUE
1.825,-0.0102,-0.281517026429593,0.253139883265882,7.38663026268683,TRUE
1.83,-0.0102,-0.26885040060082,0.266769199672348,8.58672014442009,TRUE
1.835,-0.0102,-0.256206913430221,0.28031729831014,9.7811680874158,TRUE
1.84,-0.0102,-0.243590407588326,0.293780748223445,10.9696531270715,TRUE
1.845,-0.0102,-0.23100465223385,0.307156238841943,12.1518637924497,TRUE
1.85,-0.0102,-0.218453338451097,0.320440582840871,13.3274984130367,TRUE
1.855,-0.0102,-0.205940074986245,0.333630718627814,14.4962653940172,TRUE
1.86,-0.0102,-0.19346838428955,0.346723712457891,15.6578834599684,TRUE
1.865,-0.0102,-0.181041698868734,0.359716760180863,16.8120818670318,TRUE
1.87,-0.0102,-0.168663357957134,0.372607188625304,17.9586005837805,TRUE
1.875,-0.0102,-0.156336604498516,0.385392456626595,19.0971904411362,TRUE
1.88,-0.0102,-0.144064582448895,0.398070155706918,20.2276132518304,TRUE
1.885,-0.0102,-0.131850334394115,0.410638010416824,21.3496419000304,TRUE
1.89,-0.0102,-0.119696799480524,0.42309387834916,22.4630604018671,TRUE
1.895,-0.0102,-0.107606811654686,0.435435749837237,23.5676639377114,TRUE
1.9,-0.0102,-0.0955830982067787,0.447661747350129,24.6632588571416,TRUE
1.905,-0.0102,-0.0836282786111561,0.459770124598824,25.7496626576297,TRUE
1.91,-0.0102,-0.0717448636564412,0.471759265367675,26.8267039380536,TRUE
1.915,-0.0102,-0.0599352548565201,0.483627682086242,27.8942223282069,TRUE
1.92,-0.0102,-0.0482017441329546,0.495374014157032,28.9520683955297,TRUE
1.925,-0.0102,-0.0365465137584993,0.506997026055062,30.0001035303347,TRUE
1.93,-0.0102,-0.0249716365507759,0.518495605215385,31.0381998108299,TRUE
1.935,-0.0102,-0.0134790763045399,0.529868759724877,32.066239849274,TRUE
1.94,-0.0102,-0.00207068845053159,0.541115615834611,33.0841166206056,TRUE
1.78,-0.01,-0.355627073040442,0.176814399895318,1.10352218882179,TRUE
1.785,-0.01,-0.342842768817336,0.190886062146884,2.3333631120899,TRUE
1.79,-0.01,-0.330058966563642,0.204896836217927,3.55940612919284,TRUE
1.795,-0.01,-0.317279880324095,0.218842643247307,4.781280624616,TRUE
1.8,-0.01,-0.304509680134552,0.232719504219142,5.9986234110651,TRUE
1.805,-0.01,-0.291752485871131,0.246523544927715,7.21107920897995,TRUE
1.81,-0.01,-0.279012361334233,0.260251000584652,8.41830109728899,TRUE
1.815,-0.01,-0.266293308584517,0.273898220059048,9.61995093434893,TRUE
1.82,-0.01,-0.253599262546201,0.28746166974334,10.8156997481967,TRUE
1.825,-0.01,-0.240934085891262,0.300937937039818,12.0052280954172,TRUE
1.83,-0.01,-0.228301564216353,0.314323733464702,13.1882263881083,TRUE
1.835,-0.01,-0.215705401522381,0.327615897368756,14.3643951886025,TRUE
1.84,-0.01,-0.203149216004913,0.340811396275305,15.5334454717728,TRUE
1.845,-0.01,-0.190636536161743,0.353907328838452,16.6950988549191,TRUE
1.85,-0.01,-0.178170797222174,0.366900926426015,17.8490877953907,TRUE
1.855,-0.01,-0.165755337900835,0.379789554333424,18.9951557562539,TRUE
1.86,-0.01,-0.153393397477146,0.392570712636362,20.1330573404575,TRUE
1.865,-0.01,-0.141088113199944,0.405242036691396,21.2625583940841,TRUE
1.87,-0.01,-0.128842518015216,0.417801297295187,22.3834360794033,TRUE
1.875,-0.01,-0.116659538613405,0.430246400514056,23.495478918555,TRUE
1.88,-0.01,-0.104541993791409,0.442575387196756,24.5984868087993,TRUE
1.885,-0.01,-0.0924925931230935,0.454786432184257,25.6922710103618,TRUE
1.89,-0.01,-0.0805139359309428,0.466877843231141,26.7766541079852,TRUE
1.895,-0.01,-0.0686085105504299,0.478848059653916,27.8514699473751,TRUE
1.9,-0.01,-0.0567786938776997,0.490695650722048,28.9165635477813,TRUE
1.905,-0.01,-0.0450267511903007,0.502419313808017,29.9717909920143,TRUE
1.91,-0.01,-0.0333548362299561,0.514017872312922,31.017019295229,TRUE
1.915,-0.01,-0.0217649915357032,0.525490273384427,32.052126253845,TRUE
1.92,-0.01,-0.0102591490152261,0.536835585443853,33.0770002759845,TRUE
1.76,-0.0098,-0.366248224247818,0.169626947291197,0.89134904136941,TRUE
1.765,-0.0098,-0.353404733598042,0.183788590953767,2.12771460063485,TRUE
1.77,-0.0098,-0.340559162691144,0.197890934953054,3.3603979195475,TRUE
1.775,-0.0098,-0.327715805880315,0.211929798696572,4.58902055896974,TRUE
1.78,-0.0098,-0.314878916314894,0.225901100505254,5.81321141732765,TRUE
1.785,-0.0098,-0.302052699528148,0.239800862864063,7.0326072331735,TRUE
1.79,-0.0098,-0.289241307256059,0.25362521731111,8.24685305877895,TRUE
1.795,-0.0098,-0.276448831505702,0.26737040895455,9.45560270358727,TRUE
1.8,-0.0098,-0.263679298889967,0.281032800608821,10.6585191465429,TRUE
1.805,-0.0098,-0.250936665243587,0.294608876543866,11.8552749164981,TRUE
1.81,-0.0098,-0.238224810533616,0.308095245843216,13.0455524400851,TRUE
1.815,-0.0098,-0.225547534075606,0.321488645368821,14.2290443566191,TRUE
1.82,-0.0098,-0.212908550064824,0.334785942332666,15.4054537997843,TRUE
1.825,-0.0098,-0.200311483429999,0.347984136477086,16.5744946460241,TRUE
1.83,-0.0098,-0.187759866015222,0.361080361867655,17.7358917297283,TRUE
1.835,-0.0098,-0.175257133093759,0.374071888304264,18.8893810254714,TRUE
1.84,-0.0098,-0.162806620215821,0.3869561223577,20.0347097977071,TRUE
1.845,-0.0098,-0.150411560390563,0.399730608040599,21.1716367184728,TRUE
1.85,-0.0098,-0.138075081600976,0.412393027123069,22.2999319537867,TRUE
1.855,-0.0098,-0.125800204648745,0.424941199104605,23.4193772195501,TRUE
1.86,-0.0098,-0.113589841324707,0.437373080855064,24.5297658078759,TRUE
1.865,-0.0098,-0.101446792899138,0.449686765938519,25.630902584869,TRUE
1.87,-0.0098,-0.0893737489248517,0.461880483634701,26.7226039609727,TRUE
1.875,-0.0098,-0.0773732863448997,0.473952597673508,27.8046978350783,TRUE
1.88,-0.0098,-0.0654478688956487,0.485901604698666,28.8770235136569,TRUE
1.885,-0.0098,-0.0535998467950282,0.497726132477148,29.9394316062337,TRUE
1.89,-0.0098,-0.0418314567049531,0.509424937871288,30.9917838985682,TRUE
1.895,-0.0098,-0.0301448219561647,0.520996904590815,32.0339532049375,TRUE
1.9,-0.0098,-0.0185419530231752,0.532441040742117,33.0658232009473,TRUE
1.905,-0.0098,-0.00702474823647203,0.543756476192086,34.0872882383043,TRUE
1.74,-0.0096,-0.376916690528977,0.162342213342726,0.676947607683053,TRUE
1.745,-0.0096,-0.364016802727768,0.176591995538653,1.91969079232494,TRUE
1.75,-0.0096,-0.351112171859137,0.190784160776784,3.15887339426337,TRUE
1.755,-0.0096,-0.338207170616416,0.204914427068356,4.3941092028707,TRUE
1.76,-0.0096,-0.325306133528002,0.218978610177784,5.62501923760567,TRUE
1.765,-0.0096,-0.312413350283591,0.232972629164911,6.85123227398871,TRUE
1.77,-0.0096,-0.299533059286489,0.246892511562868,8.07238534046949,TRUE
1.775,-0.0096,-0.286669441452016,0.260734398179421,9.28812418489605,TRUE
1.78,-0.0096,-0.273826614270257,0.274494547511976,10.4981037094888,TRUE
1.785,-0.0096,-0.261008626149577,0.288169339768623,11.7019883734085,TRUE
1.79,-0.0096,-0.248219451055399,0.301755280489893,12.8994525622059,TRUE
1.795,-0.0096,-0.235462983456873,0.315249003768027,14.0901809236224,TRUE
1.8,-0.0096,-0.222743033592056,0.328647275062769,15.2738686694065,TRUE
1.805,-0.0096,-0.210063323060307,0.341946993614738,16.4502218429888,TRUE
1.81,-0.0096,-0.197427480748619,0.355145194459457,17.6189575530383,TRUE
1.815,-0.0096,-0.184839039096782,0.368239050046966,18.7798041730919,TRUE
1.82,-0.0096,-0.172301430704295,0.381225871473784,19.9325015076107,TRUE
1.825,-0.0096,-0.159817985280239,0.394103109335631,21.0768009249728,TRUE
1.83,-0.0096,-0.147391926935521,0.406868354210866,22.2124654580514,TRUE
1.835,-0.0096,-0.135026371815247,0.419519336786014,23.3392698731653,TRUE
1.84,-0.0096,-0.122724326067467,0.432053927636017,24.457000708304,TRUE
1.845,-0.0096,-0.110488684142972,0.444470136672993,25.5654562816463,TRUE
1.85,-0.0096,-0.0983222274195609,0.456766112278246,26.6644466714843,TRUE
1.855,-0.0096,-0.0862276231428458,0.468940140133172,27.753793668756,TRUE
1.86,-0.0096,-0.074207423674589,0.480990641765343,28.8333307034603,TRUE
1.865,-0.0096,-0.0622640660385051,0.492916172826672,29.9029027462918,TRUE
1.87,-0.0096,-0.0503998717525598,0.504715421120977,30.9623661868866,TRUE
1.875,-0.0096,-0.0386170469359973,0.516387204398565,32.0115886901074,TRUE
1.88,-0.0096,-0.026917682678669,0.527930467935636,33.0504490318242,TRUE
1.885,-0.0096,-0.0153037556596523,0.539344281916378,34.0788369156706,TRUE
1.89,-0.0096,-0.0037771290017097,0.550627838635562,35.0966527722564,TRUE
1.72,-0.0094,-0.387627246841742,0.154961854659039,0.460385318949549,TRUE
1.725,-0.0094,-0.374673882385938,0.169297794346767,1.70935013969861,TRUE
1.73,-0.0094,-0.361713033444806,0.183577894453774,2.95488203406222,TRUE
1.735,-0.0094,-0.348749148804031,0.197797772181247,4.1965870903191,TRUE
1.74,-0.0094,-0.335786642359395,0.211953141086549,5.4340785020117,TRUE
1.745,-0.0094,-0.322829886182442,0.226039816922194,6.6669771176322,TRUE
1.75,-0.0094,-0.309883203806058,0.240053723108553,7.89491196114263,TRUE
1.755,-0.0094,-0.29695086375155,0.253990895826668,9.11752072191302,TRUE
1.76,-0.0094,-0.284037073316958,0.26784748871988,10.3344502128585,TRUE
1.765,-0.0094,-0.271145972644536,0.28161977719533,11.5453567957522,TRUE
1.77,-0.0094,-0.25828162908336,0.29530416231868,12.7499067728891,TRUE
1.775,-0.0094,-0.24544803186109,0.308897174297708,13.9477767444718,TRUE
1.78,-0.0094,-0.232649087076867,0.322395475552682,15.1386539312872,TRUE
1.785,-0.0094,-0.219888613025347,0.335795863373586,16.3222364624319,TRUE
1.79,-0.0094,-0.207170335859795,0.349095272166415,17.4982336280323,TRUE
1.795,-0.0094,-0.194497885600262,0.362290775292701,18.6663660970823,TRUE
1.8,-0.0094,-0.181874792490836,0.375379586508382,19.826366100695,TRUE
1.805,-0.0094,-0.169304483708092,0.388359061009893,20.9779775812268,TRUE
1.81,-0.0094,-0.156790280421034,0.401226696097035,22.1209563078846,TRUE
1.815,-0.0094,-0.144335395201058,0.413980131463631,23.2550699595678,TRUE
1.82,-0.0094,-0.131942929778802,0.42661714912846,24.3800981758299,TRUE
1.825,-0.0094,-0.119615873143171,0.439135673020101,25.4958325769602,TRUE
1.83,-0.0094,-0.107357099976387,0.451533768230457,26.6020767542954,TRUE
1.835,-0.0094,-0.0951693694175139,0.463809639952674,27.6986462319638,TRUE
1.84,-0.0094,-0.0830553241457377,0.475961632119916,28.7853684013462,TRUE
1.845,-0.0094,-0.0710174897734935,0.487988225762162,29.8620824296092,TRUE
1.85,-0.0094,-0.0590582745385995,0.49988803709865,30.9286391437219,TRUE
1.855,-0.0094,-0.0471799692836285,0.511659815384004,31.984900891414,TRUE
1.86,-0.0094,-0.0353847477100372,0.523302440526286,33.0307413805668,TRUE
1.865,-0.0094,-0.0236746668939165,0.534814920495342,34.0660454985517,TRUE
1.87,-0.0094,-0.0120516680497085,0.546196388539811,35.0907091130431,TRUE
1.875,-0.0094,-0.000517577527833496,0.557446100231057,36.1046388558373,TRUE
1.7,-0.0092,-0.398374441679185,0.147487723939096,0.241734972551191,TRUE
1.705,-0.0092,-0.38537065031159,0.161907700607896,1.49675642586087,TRUE
1.71,-0.0092,-0.372356556774386,0.176273709938641,2.74847859626879,TRUE
1.715,-0.0092,-0.359336683413109,0.19058126917164,3.9964999603313,TRUE
1.72,-0.0092,-0.346315521195593,0.204825990261978,5.24042595723178,TRUE
1.725,-0.0092,-0.333297522519192,0.219003586019421,6.47986956240552,TRUE
1.73,-0.0092,-0.320287094230547,0.233109875881243,7.71445183202449,TRUE
1.735,-0.0092,-0.307288590881022,0.247140791302774,8.94380241679671,TRUE
1.74,-0.0092,-0.294306308239126,0.261092380752884,10.1675600437343,TRUE
1.745,-0.0092,-0.281344477079394,0.274960814303975,11.385372964745,TRUE
1.75,-0.0092,-0.268407257265197,0.288742387808508,12.5968993711088,TRUE
1.755,-0.0092,-0.255498732140986,0.302433526656412,13.8018077731021,TRUE
1.76,-0.0092,-0.242622903247389,0.31603078911013,14.999777344236,TRUE
1.765,-0.0092,-0.229783685370489,0.32953086921629,16.1904982297774,TRUE
1.77,-0.0092,-0.216984901934547,0.342930599295257,17.3736718194119,TRUE
1.775,-0.0092,-0.204230280745362,0.35622695201188,18.5490109840983,TRUE
1.78,-0.0092,-0.191523450089393,0.36941704203282,19.7162402773462,TRUE
1.785,-0.0092,-0.178867935191839,0.382498127277708,20.8750961013163,TRUE
1.79,-0.0092,-0.166267155034846,0.395467609773183,22.0253268383103,TRUE
1.795,-0.0092,-0.153724419535274,0.408323036120457,23.1666929483635,TRUE
1.8,-0.0092,-0.141242927079592,0.421062097588573,24.2989670337957,TRUE
1.805,-0.0092,-0.128825762411842,0.433682629846863,25.421933871703,TRUE
1.81,-0.0092,-0.11647589486905,0.446182612351296,26.5353904154911,TRUE
1.815,-0.0092,-0.104196176957006,0.458560167400428,27.6391457666451,TRUE
1.82,-0.0092,-0.0919893432579847,0.470813558877599,28.7330211180327,TRUE
1.825,-0.0092,-0.0798580096607916,0.482941190696695,29.8168496701028,TRUE
1.83,-0.0092,-0.0678046729024257,0.494941604969429,30.8904765214138,TRUE
1.835,-0.0092,-0.0558317104096681,0.50681347991251,31.9537585349743,TRUE
1.84,-0.0092,-0.0439413804281126,0.518555627513371,33.0065641819177,TRUE
1.845,-0.0092,-0.0321358224253969,0.530166990973324,34.0487733640644,TRUE
1.85,-0.0092,-0.0204170577548435,0.541646641947021,35.080277216936,TRUE
1.855,-0.0092,-0.00878699056521977,0.552993777597046,36.1009778947996,TRUE
1.68,-0.009,-0.409152603202985,0.13992187320624,0.0210747547369491,TRUE
1.685,-0.009,-0.396101561337096,0.154423626020056,1.281978815033,TRUE
1.69,-0.009,-0.383037326065717,0.168873378491016,2.53972319227983,TRUE
1.695,-0.009,-0.369964490473328,0.183266549021539,3.79389886030279,TRUE
1.7,-0.009,-0.35688762001582,0.197598648836277,5.04410359470025,TRUE
1.705,-0.009,-0.343811245072664,0.211865288426156,6.28994257055734,TRUE
1.71,-0.009,-0.330739853702952,0.226062183625679,7.53102893113721,TRUE
1.715,-0.009,-0.317677884630051,0.240185161306661,8.7669843258673,TRUE
1.72,-0.009,-0.304629720477767,0.254230164674015,9.99743941614505,TRUE
1.725,-0.009,-0.291599681279067,0.268193258151647,11.2220343476906,TRUE
1.73,-0.009,-0.278592018276438,0.282070631849024,12.440419188386,TRUE
1.735,-0.009,-0.26561090803088,0.295858605601432,13.6522543307501,TRUE
1.74,-0.009,-0.252660446854465,0.309553632579378,14.8572108584079,TRUE
1.745,-0.009,-0.239744645579225,0.323152302464984,16.0549708761232,TRUE
1.75,-0.009,-0.226867424672974,0.33665134419558,17.2452278031635,TRUE
1.755,-0.009,-0.214032609710579,0.350047628276846,18.427686629966,TRUE
1.76,-0.009,-0.201243927206995,0.363338168670086,19.6020641382605,TRUE
1.765,-0.009,-0.188505000816371,0.376520124260173,20.7680890849903,TRUE
1.77,-0.009,-0.17581934789944,0.389590799912612,21.9255023505412,TRUE
1.775,-0.009,-0.163190376459527,0.402547647129907,23.0740570519493,TRUE
1.78,-0.009,-0.150621382445575,0.415388264319061,24.2135186219094,TRUE
1.785,-0.009,-0.138115547418871,0.428110396683426,25.3436648545407,TRUE
1.79,-0.009,-0.125675936578416,0.440711935753505,26.4642859189939,TRUE
1.795,-0.009,-0.113305497138426,0.453190918572371,27.5751843420909,TRUE
1.8,-0.009,-0.10100705704992,0.465545526552394,28.6761749612891,TRUE
1.805,-0.009,-0.0887833240571118,0.477774084020781,29.7670848493462,TRUE
1.81,-0.009,-0.0766368850780811,0.489875056472117,30.8477532121338,TRUE
1.815,-0.009,-0.0645702058982178,0.50184704854658,31.9180312611037,TRUE
1.82,-0.009,-0.0525856311639415,0.513688801752921,32.9777820619588,TRUE
1.825,-0.009,-0.0406853846634554,0.5253991919555,34.0268803611155,TRUE
1.83,-0.009,-0.0288715698806091,0.536977226644783,35.0652123915613,TRUE
1.835,-0.009,-0.0171461708073962,0.548422042010696,36.0926756597284,TRUE
1.84,-0.009,-0.00551105300022622,0.559732899838051,37.1091787149981,TRUE
1.665,-0.0088,-0.406860854215878,0.146847683736056,1.06509188159385,TRUE
1.67,-0.0088,-0.393749706644552,0.16137887212596,2.32868134516779,TRUE
1.675,-0.0088,-0.380627064686828,0.175855442455145,3.58884023121492,TRUE
1.68,-0.0088,-0.367497565410631,0.190272806367567,4.84515876237946,TRUE
1.685,-0.0088,-0.354365814541463,0.204626472930275,6.09723440554736,TRUE
1.69,-0.0088,-0.341236378958122,0.218912055018529,7.34467246490425,TRUE
1.695,-0.0088,-0.32811377940863,0.23312527531724,8.58708664436402,TRUE
1.7,-0.0088,-0.315002483470941,0.247261971922668,9.8240995777519,TRUE
1.705,-0.0088,-0.301906898781085,0.261318103530857,11.0553433253391,TRUE
1.71,-0.0088,-0.288831366549432,0.275289754201834,12.280459835542,TRUE
1.715,-0.0088,-0.275780155383688,0.289173137691135,13.4991013708124,TRUE
1.72,-0.0088,-0.262757455435078,0.302964601342782,14.7109308969658,TRUE
1.725,-0.0088,-0.249767372881994,0.316660629540287,15.9156224354089,TRUE
1.73,-0.0088,-0.236813924763159,0.330257846714741,17.1128613779385,TRUE
1.735,-0.0088,-0.223901034170169,0.343753019911323,18.3023447639905,TRUE
1.74,-0.0088,-0.211032525807033,0.357143060917873,19.4837815204173,TRUE
1.745,-0.0088,-0.198212121922213,0.370425027961278,20.6568926640622,TRUE
1.75,-0.0088,-0.185443438616483,0.383596126979442,21.8214114675832,TRUE
1.755,-0.0088,-0.172729982527949,0.396653712478477,22.9770835891439,TRUE
1.76,-0.0088,-0.160075147893543,0.409595287986474,24.1236671667554,TRUE
1.765,-0.0088,-0.147482213984461,0.422418506116797,25.2609328781927,TRUE
1.77,-0.0088,-0.13495434291121,0.435121168255251,26.3886639675489,TRUE
1.775,-0.0088,-0.122494577792317,0.447701223886714,27.506656239605,TRUE
1.78,-0.0088,-0.110105841279159,0.460156769577923,28.6147180233053,TRUE
1.785,-0.0088,-0.097790934428015,0.47248604763401,29.7126701057156,TRUE
1.79,-0.0088,-0.0855525359090956,0.484687444447191,30.8003456379267,TRUE
1.795,-0.0088,-0.0733932015412435,0.49675948855653,31.8775900144243,TRUE
1.8,-0.0088,-0.0613153641398997,0.508700848438241,32.9442607275046,TRUE
1.805,-0.0088,-0.0493213336651136,0.520510330046218,34.0002271983507,TRUE
1.81,-0.0088,-0.0374132976555895,0.532186874122726,35.0453705864148,TRUE
1.815,-0.0088,-0.0255933219341899,0.543729553299106,36.0795835787628,TRUE
1.82,-0.0088,-0.0138633515697749,0.555137569006376,37.1027701610462,TRUE
1.825,-0.0088,-0.00222521207994402,0.566410248215301,38.1148453717574,TRUE
1.645,-0.0086,-0.417642559776676,0.139182190590397,0.846175616110778,TRUE
1.65,-0.0086,-0.404487852471031,0.153792366335685,2.11542402581246,TRUE
1.655,-0.0086,-0.391318686332331,0.168349983138902,3.38138597298516,TRUE
1.66,-0.0086,-0.378139766870823,0.182850354500669,4.64364425837071,TRUE
1.665,-0.0086,-0.36495577222653,0.197288889240913,5.90178875288472,TRUE
1.67,-0.0086,-0.351771345409336,0.211661098194052,7.15541701512181,TRUE
1.675,-0.0086,-0.338591086749564,0.22596260052163,8.40413487839973,TRUE
1.68,-0.0086,-0.325419546585284,0.240189129624585,9.64755700558637,TRUE
1.685,-0.0086,-0.312261218210613,0.254336538640011,10.8853074101719,TRUE
1.69,-0.0086,-0.299120531107417,0.268400805509785,12.1170199422613,TRUE
1.695,-0.0086,-0.286001844480588,0.28237803761113,13.3423387383925,TRUE
1.7,-0.0086,-0.272909441115014,0.296264475941783,14.5609186343036,TRUE
1.705,-0.0086,-0.259847521570056,0.310056498854997,15.7724255399972,TRUE
1.71,-0.0086,-0.246820198725103,0.323750625342205,16.9765367766714,TRUE
1.715,-0.0086,-0.233831492687497,0.337343517863529,18.1729413752976,TRUE
1.72,-0.0086,-0.220885326071841,0.350831984728801,19.3613403368392,TRUE
1.725,-0.0086,-0.207985519657434,0.364212982033912,20.5414468543004,TRUE
1.73,-0.0086,-0.195135788428394,0.377483615159523,21.7129864969911,TRUE
1.735,-0.0086,-0.182339737998854,0.390641139841104,22.8756973575687,TRUE
1.74,-0.0086,-0.169600861423576,0.40368296282115,24.0293301625924,TRUE
1.745,-0.0086,-0.15692253639232,0.416606642096099,25.1736483474763,TRUE
1.75,-0.0086,-0.144308022804425,0.429409886772036,26.3084280968774,TRUE
1.755,-0.0086,-0.131760460718309,0.442090556544572,27.4334583516769,TRUE
1.76,-0.0086,-0.119282868668949,0.454646660819553,28.5485407838358,TRUE
1.765,-0.0086,-0.106878142344863,0.467076357492215,29.653489740502,TRUE
1.77,-0.0086,-0.094549053614737,0.47937795140333,30.7481321588373,TRUE
1.775,-0.0086,-0.0822982498926364,0.491549892491486,31.8323074531011,TRUE
1.78,-0.0086,-0.0701282538295496,0.503590773661286,32.9058673755932,TRUE
1.785,-0.0086,-0.0580414633181415,0.515499328387515,33.9686758530959,TRUE
1.79,-0.0086,-0.0460401517966617,0.527274428075679,35.0206088004981,TRUE
1.795,-0.0086,-0.0341264688373551,0.53891507919927,36.0615539132945,TRUE
1.8,-0.0086,-0.0223024410040849,0.550420420234186,37.0914104406687,TRUE
1.805,-0.0086,-0.0105699729634882,0.561789718410496,38.1100889408652,TRUE
1.625,-0.0084,-0.428440510427106,0.131429668506497,0.625315406959508,TRUE
1.63,-0.0084,-0.415245715003354,0.146116242020596,1.90002766603214,TRUE
1.635,-0.0084,-0.402033429491686,0.160752410121321,3.17160348832333,TRUE
1.64,-0.0084,-0.388808424381542,0.175333389899387,4.43961840461559,TRUE
1.645,-0.0084,-0.375575446999259,0.189854491395744,5.70365482271747,TRUE
1.65,-0.0084,-0.362339213498616,0.204311124607893,6.96330266940247,TRUE
1.655,-0.0084,-0.349104401050787,0.218698806116061,8.21816000215875,TRUE
1.66,-0.0084,-0.335875640261599,0.23301316530969,9.46783358884717,TRUE
1.665,-0.0084,-0.322657507842043,0.247249950197318,10.711939453589,TRUE
1.67,-0.0084,-0.309454519556092,0.261405032785584,11.9501033874214,TRUE
1.675,-0.0084,-0.296271123467733,0.275474414015806,13.1819614224921,TRUE
1.68,-0.0084,-0.283111693506948,0.289454228249262,14.4071602687906,TRUE
1.685,-0.0084,-0.269980523372081,0.30334074729501,15.6253577126456,TRUE
1.69,-0.0084,-0.256881820783766,0.317130383976664,16.8362229764437,TRUE
1.695,-0.0084,-0.243819702103197,0.330819695237182,18.0394370392496,TRUE
1.7,-0.0084,-0.230798187325192,0.344405384783137,19.2346929182247,TRUE
1.705,-0.0084,-0.217821195454194,0.357884305272346,20.4216959109512,TRUE
1.71,-0.0084,-0.204892540268992,0.371253460051016,21.6001637989721,TRUE
1.715,-0.0084,-0.192015926479785,0.384510004448617,22.7698270130431,TRUE
1.72,-0.0084,-0.179194946278968,0.397651246640727,23.9304287607773,TRUE
1.725,-0.0084,-0.16643307628497,0.410674648091887,25.0817251175264,TRUE
1.73,-0.0084,-0.153733674876476,0.423577823592153,26.2234850814974,TRUE
1.735,-0.0084,-0.141099979912486,0.436358540902525,27.3554905942424,TRUE
1.74,-0.0084,-0.128535106831923,0.449014720025722,28.477536527783,TRUE
1.745,-0.0084,-0.116042047124852,0.461544432119934,29.589430639744,TRUE
1.75,-0.0084,-0.103623667165899,0.473945898074125,30.6909934979652,TRUE
1.755,-0.0084,-0.0912827073991151,0.486217486764255,31.7820583761395,TRUE
1.76,-0.0084,-0.0790217818622921,0.498357713010392,32.8624711220971,TRUE
1.765,-0.0084,-0.0668433780377106,0.510365235255185,33.9320900004013,TRUE
1.77,-0.0084,-0.0547498570153396,0.522238852984432,34.9907855109689,TRUE
1.775,-0.0084,-0.0427434539537689,0.53397750391063,36.0384401854447,TRUE
1.78,-0.0084,-0.0308262788234737,0.545580260940457,37.0749483630828,TRUE
1.785,-0.0084,-0.0190003174165429,0.557046328946931,38.1002159478799,TRUE
1.79,-0.0084,-0.00726743260657547,0.56837504136687,39.1141601487067,TRUE
1.605,-0.0082,-0.439248351018166,0.12359284502771,0.402601996265501,TRUE
1.61,-0.0082,-0.426017053415091,0.138353086570683,1.68257414729585,TRUE
1.615,-0.0082,-0.412765171619892,0.153065169451405,2.95956570353301,TRUE
1.62,-0.0082,-0.399497537346916,0.167724216387209,4.2331450990094,TRUE
1.625,-0.0082,-0.386218963584605,0.18232544040788,5.5028874323841,TRUE
1.63,-0.0082,-0.372934236344015,0.196864152172877,6.76837513320904,TRUE
1.635,-0.0082,-0.359648106594291,0.211335766912213,8.02919859838072,TRUE
1.64,-0.0082,-0.346365282414611,0.225735810969635,9.2849567967299,TRUE
1.645,-0.0082,-0.333090421390257,0.240059927929398,10.5352578399242,TRUE
1.65,-0.0082,-0.319828123278574,0.254303884310607,11.7797195180784,TRUE
1.655,-0.0082,-0.306582922968414,0.268463574815902,13.0179697987078,TRUE
1.66,-0.0082,-0.293359283754528,0.282535027124001,14.2496472878869,TRUE
1.665,-0.0082,-0.280161590945995,0.296514406218421,15.4744016527194,TRUE
1.67,-0.0082,-0.266994145825504,0.310398018247363,16.6918940044547,TRUE
1.675,-0.0082,-0.25386115997386,0.324182313912503,17.901797241821,TRUE
1.68,-0.0082,-0.240766749971685,0.337863891386926,19.1037963543707,TRUE
1.685,-0.0082,-0.227714932487854,0.351439498765056,20.2975886858541,TRUE
1.69,-0.0082,-0.214709619761899,0.364906036049682,21.4828841578471,TRUE
1.695,-0.0082,-0.20175461548517,0.378260556683529,22.6594054540597,TRUE
1.7,-0.0082,-0.188853611083368,0.391500268634879,23.8268881659438,TRUE
1.705,-0.0082,-0.176010182400815,0.404622535048681,24.9850809003908,TRUE
1.71,-0.0082,-0.163227786784742,0.417624874476413,26.13374535048,TRUE
1.715,-0.0082,-0.150509760565923,0.430504960699497,27.2726563303806,TRUE
1.72,-0.0082,-0.137859316930071,0.443260622162555,28.4016017756512,TRUE
1.725,-0.0082,-0.125279544172693,0.455889841034021,29.5203827102972,TRUE
1.73,-0.0082,-0.112773404328517,0.468390751912682,30.6288131820521,TRUE
1.735,-0.0082,-0.100343732165121,0.480761640199626,31.7267201674385,TRUE
1.74,-0.0082,-0.08799323452909,0.493000940155783,32.8139434482388,TRUE
1.745,-0.0082,-0.0757244900318794,0.505107232665793,33.8903354610656,TRUE
1.75,-0.0082,-0.0635399490615001,0.517079242729328,34.9557611217687,TRUE
1.755,-0.0082,-0.0514419341053339,0.52891583670119,36.0100976264456,TRUE
1.76,-0.0082,-0.0394326403686105,0.540616019301609,37.0532342308423,TRUE
1.765,-0.0082,-0.0275141366725151,0.552178930418096,38.0850720099388,TRUE
1.77,-0.0082,-0.0156883666154348,0.563603841720016,39.1055235995074,TRUE
1.775,-0.0082,-0.00395714998055922,0.574890153106723,40.1145129214164,TRUE
1.585,-0.008,-0.450059551069503,0.115674652920026,0.178131409052484,TRUE
1.59,-0.008,-0.436795446171115,0.130505694042224,1.46315076372706,TRUE
1.595,-0.008,-0.423507604468536,0.145290914918007,2.74535106481267,TRUE
1.6,-0.008,-0.410200914859953,0.160025346236362,4.02429384432984,TRUE
1.605,-0.008,-0.396880252178442,0.174704106090175,5.29954706720146,TRUE
1.61,-0.008,-0.383550468707451,0.18932240760276,6.57068582163574,TRUE
1.615,-0.008,-0.370216385869365,0.203875566183318,7.83729298018157,TRUE
1.62,-0.008,-0.356882786118313,0.218359006388069,9.09895982925762,TRUE
1.625,-0.008,-0.343554405066571,0.232768268366515,10.3552866651804,TRUE
1.63,-0.008,-0.330235923871997,0.247099013875017,11.6058833549421,TRUE
1.635,-0.008,-0.316931961911897,0.261347031842688,12.8503698602267,TRUE
1.64,-0.008,-0.303647069766447,0.275508243477453,14.088376723392,TRUE
1.645,-0.008,-0.290385722532537,0.289578706902967,15.3195455143902,TRUE
1.65,-0.008,-0.277152313486518,0.303554621319881,16.5435292378356,TRUE
1.655,-0.008,-0.26395114811185,0.317432330687757,17.7599926996748,TRUE
1.66,-0.008,-0.250786438505246,0.331208326926607,18.9686128331445,TRUE
1.665,-0.008,-0.237662298172344,0.344879252639666,20.1690789839342,TRUE
1.67,-0.008,-0.224582737221578,0.358441903361484,21.3610931546898,TRUE
1.675,-0.008,-0.211551657962406,0.371893229337825,22.5443702092059,TRUE
1.68,-0.008,-0.198572850911745,0.385230336846052,23.7186380368537,TRUE
1.685,-0.008,-0.185649991210129,0.398450489066807,24.8836376779808,TRUE
1.69,-0.008,-0.172786635446944,0.411551106519626,26.0391234111898,TRUE
1.695,-0.008,-0.159986218891968,0.42452976707693,27.1848628035663,TRUE
1.7,-0.008,-0.147252053128465,0.437384205572346,28.3206367250674,TRUE
1.705,-0.008,-0.134587324081271,0.450112313020679,29.4462393284166,TRUE
1.71,-0.008,-0.121995090431519,0.462712135468082,30.5614779959606,TRUE
1.715,-0.008,-0.109478282408188,0.475181872491881,31.6661732550445,TRUE
1.72,-0.008,-0.097039700945132,0.487519875370449,32.760158663544,TRUE
1.725,-0.008,-0.0846820171910605,0.499724644944034,33.8432806672613,TRUE
1.73,-0.008,-0.0724077723587621,0.511794829188023,34.9153984309446,TRUE
1.735,-0.008,-0.0602193778989476,0.523729220520351,35.9763836447287,TRUE
1.74,-0.008,-0.0481191159832383,0.535526752864946,37.0261203078196,TRUE
1.745,-0.008,-0.0361091402801783,0.547186498493084,38.0645044912578,TRUE
1.75,-0.008,-0.0241914770076002,0.558707664664407,39.0914440815949,TRUE
1.755,-0.008,-0.0123680262443174,0.570089590089062,40.1068585073049,TRUE
1.76,-0.008,-0.000640563483822939,0.58133174123207,41.1106784497304,TRUE
1.57,-0.0078,-0.447574303954691,0.122577064379708,1.24185015826959,TRUE
1.575,-0.0078,-0.434254246360565,0.137432507856875,2.52904350873912,TRUE
1.58,-0.0078,-0.420912187320804,0.152239500549105,3.81313975249774,TRUE
1.585,-0.0078,-0.407553059407305,0.166993067998219,5.09369991784712,TRUE
1.59,-0.0078,-0.394181777295986,0.181688327902843,6.37029192915387,TRUE
1.595,-0.0078,-0.380803229217517,0.196320497686918,7.64249129230641,TRUE
1.6,-0.0078,-0.367422268598637,0.210884901678723,8.90988174909272,TRUE
1.605,-0.0078,-0.354043705925077,0.225376977878001,10.1720558983732,TRUE
1.61,-0.0078,-0.340672300855278,0.239792284291479,11.4286157821472,TRUE
1.615,-0.0078,-0.327312754612007,0.254126504820006,12.6791734348571,TRUE
1.62,-0.0078,-0.313969702676797,0.268375454683369,13.9233513945119,TRUE
1.625,-0.0078,-0.300647707809809,0.282535085371803,15.1607831744662,TRUE
1.63,-0.0078,-0.287351253415328,0.296601489116097,16.3911136949321,TRUE
1.635,-0.0078,-0.274084737270619,0.310570902871066,17.6139996735538,TRUE
1.64,-0.0078,-0.260852465633356,0.324439711809972,18.8291099746157,TRUE
1.645,-0.0078,-0.247658647740263,0.338204452330235,20.0361259166943,TRUE
1.65,-0.0078,-0.234507390707155,0.351861814573317,21.2347415387911,TRUE
1.655,-0.0078,-0.221402694837952,0.365408644464267,22.4246638252089,TRUE
1.66,-0.0078,-0.208348449347882,0.378841945278664,23.6056128896407,TRUE
1.665,-0.0078,-0.195348428503605,0.392158878746996,24.7773221191411,TRUE
1.67,-0.0078,-0.182406288180761,0.405356765708481,25.9395382788316,TRUE
1.675,-0.0078,-0.169525562837191,0.418433086328227,27.0920215783649,TRUE
1.68,-0.0078,-0.156709662898005,0.431385479893302,28.2345457013247,TRUE
1.685,-0.0078,-0.14396187254669,0.444211744204797,29.3668977988834,TRUE
1.69,-0.0078,-0.131285347914671,0.456909834584206,30.4888784491551,TRUE
1.695,-0.0078,-0.11868311565999,0.469477862513648,31.600301583799,TRUE
1.7,-0.0078,-0.106158071924281,0.481914093930291,32.700994383512,TRUE
1.705,-0.0078,-0.0937129816558384,0.494216947196136,33.79079714413,TRUE
1.71,-0.0078,-0.0813504782853192,0.506384990764866,34.869563115118,TRUE
1.715,-0.0078,-0.0690730637396034,0.518416940567817,35.9371583122695,TRUE
1.72,-0.0078,-0.0568831087783902,0.530311657141396,36.993461306475,TRUE
1.725,-0.0078,-0.0447828536373658,0.542068142518316,38.0383629904291,TRUE
1.73,-0.0078,-0.0327744089611665,0.553685536904923,39.0717663251555,TRUE
1.735,-0.0078,-0.0208597570088958,0.565163115166701,40.0935860682191,TRUE
1.74,-0.0078,-0.00904075311462831,0.576500283143682,41.1037484854748,TRUE
1.55,-0.0076,-0.45834688392505,0.114570401638726,1.01877023106713,TRUE
1.555,-0.0076,-0.444998455801476,0.129493015977558,2.31073240578091,TRUE
1.56,-0.0076,-0.431624819394071,0.144369608680056,3.59976352282022,TRUE
1.565,-0.0076,-0.418230960626539,0.159195115437747,4.88541789281022,TRUE
1.57,-0.0076,-0.404821852397787,0.173964560950395,6.16725647563146,TRUE
1.575,-0.0076,-0.391402445805366,0.188673066804618,7.4448475899709,TRUE
1.58,-0.0076,-0.377977661544445,0.203315858969363,8.71776759235466,TRUE
1.585,-0.0076,-0.364552381514962,0.217888274883907,9.9856015233837,TRUE
1.59,-0.0076,-0.351131440667863,0.232385770116799,11.247943719119,TRUE
1.595,-0.0076,-0.337719619119267,0.246803924577067,12.5043983858071,TRUE
1.6,-0.0076,-0.324321634559284,0.261138448261941,13.7545801363816,TRUE
1.605,-0.0076,-0.310942134979832,0.275385186528355,14.9981144874327,TRUE
1.61,-0.0076,-0.29758569174348,0.289540124878416,16.2346383155848,TRUE
1.615,-0.0076,-0.284256793012754,0.303599393252043,17.4638002724823,TRUE
1.62,-0.0076,-0.27095983755684,0.317559269822865,18.6852611578292,TRUE
1.625,-0.0076,-0.257699128949999,0.331416184296296,19.8986942501822,TRUE
1.63,-0.0076,-0.244478870173429,0.345166720711461,21.1037855954261,TRUE
1.635,-0.0076,-0.231303158629695,0.358807619751268,22.3002342531019,TRUE
1.64,-0.0076,-0.21817598157635,0.372335780567368,23.4877525009698,TRUE
1.645,-0.0076,-0.205101211982798,0.385748262129184,24.6660659984048,TRUE
1.65,-0.0076,-0.192082604812157,0.399042284108201,25.8349139094112,TRUE
1.655,-0.0076,-0.179123793727445,0.412215227310872,26.9940489862293,TRUE
1.66,-0.0076,-0.166228288219314,0.425264633675172,28.1432376146697,TRUE
1.665,-0.0076,-0.153399471150375,0.438188205847539,29.2822598224629,TRUE
1.67,-0.0076,-0.140640596709327,0.450983806358311,30.410909252045,TRUE
1.675,-0.0076,-0.1279547887662,0.463649456415035,31.5289930993174,TRUE
1.68,-0.0076,-0.115345039618453,0.476183334334028,32.6363320200208,TRUE
1.685,-0.0076,-0.102814209116108,0.488583773631462,33.732760005449,TRUE
1.69,-0.0076,-0.0903650241528634,0.500849260795834,34.8181242292932,TRUE
1.695,-0.0076,-0.0780000785088435,0.512978432764225,35.8922848674652,TRUE
1.7,-0.0076,-0.0657218330297448,0.524970074125015,36.9551148927827,TRUE
1.705,-0.0076,-0.0535326161262108,0.536823114069864,38.006499846424,TRUE
1.71,-0.0076,-0.0414346245765958,0.548536623117786,39.0463375880715,TRUE
1.715,-0.0076,-0.029429924615751,0.560109809633925,40.0745380266565,TRUE
1.72,-0.0076,-0.0175204532920301,0.571542016165408,41.0910228336067,TRUE
1.725,-0.0076,-0.0057080200744669,0.582832715616202,42.0957251404705,TRUE
1.53,-0.0074,-0.46910630527096,0.106489111172457,0.794014019316143,TRUE
1.535,-0.0074,-0.455733446398445,0.121475711168701,2.09051247587065,TRUE
1.54,-0.0074,-0.442332124282548,0.136418806654325,3.3842513930328,TRUE
1.545,-0.0074,-0.428907373540064,0.151313246487629,4.67477860452188,TRUE
1.55,-0.0074,-0.415464220841565,0.166153965112697,5.96164832704897,TRUE
1.555,-0.0074,-0.402007675919649,0.180935990743651,7.24442189354213,TRUE
1.56,-0.0074,-0.388542722736226,0.195654453173662,8.52266845653307,TRUE
1.565,-0.0074,-0.375074310843113,0.210304591182468,9.795965659271,TRUE
1.57,-0.0074,-0.361607346968547,0.224881759518828,11.0639002723538,TRUE
1.575,-0.0074,-0.34814668686019,0.239381435437374,12.3260687939153,TRUE
1.58,-0.0074,-0.334697127413117,0.253799224772195,13.5820780116512,TRUE
1.585,-0.0074,-0.321263399108972,0.268130867532585,14.8315455252272,TRUE
1.59,-0.0074,-0.307850158790072,0.282372243009417,16.0741002278681,TRUE
1.595,-0.0074,-0.294461982789717,0.296519374383627,17.3093827461892,TRUE
1.6,-0.0074,-0.281103360437398,0.310568432831321,18.5370458375887,TRUE
1.605,-0.0074,-0.267778687954907,0.324515741122967,19.7567547447763,TRUE
1.61,-0.0074,-0.25449226275677,0.338357776716948,20.968187507258,TRUE
1.615,-0.0074,-0.24124827816569,0.352091174350532,22.1710352298417,TRUE
1.62,-0.0074,-0.22805081855113,0.36571272813391,23.3650023084561,TRUE
1.625,-0.0074,-0.214903854896516,0.379219393155446,24.5498066137952,TRUE
1.63,-0.0074,-0.201811240798094,0.392608286608536,25.7251796335076,TRUE
1.635,-0.0074,-0.188776708896024,0.405876688452663,26.8908665738401,TRUE
1.64,-0.0074,-0.175803867735979,0.419022041623118,28.046626421822,TRUE
1.645,-0.0074,-0.162896199057318,0.432041951805686,29.1922319692412,TRUE
1.65,-0.0074,-0.150057055501889,0.444934186794039,30.3274697998008,TRUE
1.655,-0.0074,-0.137289658735524,0.457696675449059,31.4521402409798,TRUE
1.66,-0.0074,-0.124597097972601,0.470327506280364,32.5660572822253,TRUE
1.665,-0.0074,-0.111982328892388,0.482824925671321,33.669048461206,TRUE
1.67,-0.0074,-0.0994481729344658,0.495187335769591,34.7609547199243,TRUE
1.675,-0.0074,-0.0869973169592552,0.50741329206578,35.8416302325542,TRUE
1.68,-0.0074,-0.0746323132585432,0.51950150068323,36.9109422069105,TRUE
1.685,-0.0074,-0.0623555798999428,0.531450815402139,37.9687706614913,TRUE
1.69,-0.0074,-0.0501694013884849,0.543260234441303,39.0150081800453,TRUE
1.695,-0.0074,-0.0380759296278347,0.554928897020633,40.0495596456238,TRUE
1.7,-0.0074,-0.0260771851632037,0.566456079727413,41.0723419560619,TRUE
1.705,-0.0074,-0.014175058687655,0.577841192708837,42.0832837228151,TRUE
1.71,-0.0074,-0.00237131279329805,0.589083775712945,43.0823249550451,TRUE
1.51,-0.0072,-0.479845566011504,0.0983367957520675,0.567689548079224,TRUE
1.515,-0.0072,-0.466452303044829,0.113384066247639,1.86848367527774,TRUE
1.52,-0.0072,-0.45302727928105,0.128390434543032,3.16669506214208,TRUE
1.525,-0.0072,-0.439575573111395,0.143350665996036,4.46186532794535,TRUE
1.53,-0.0072,-0.426102260255035,0.158259607856565,5.75354218948052,TRUE
1.535,-0.0072,-0.412612404565696,0.17311219775054,7.04128021742826,TRUE
1.54,-0.0072,-0.399111048979412,0.187903471798031,8.32464156368558,TRUE
1.545,-0.0072,-0.38560320663935,0.202628572337394,9.60319665706158,TRUE
1.55,-0.0072,-0.372093852231867,0.21728275522996,10.8765248649801,TRUE
1.555,-0.0072,-0.358587913566163,0.23186139672271,12.1442151190662,TRUE
1.56,-0.0072,-0.345090263427769,0.24635999984938,13.4058665027471,TRUE
1.565,-0.0072,-0.331605711733842,0.260774200353542,14.6610887992578,TRUE
1.57,-0.0072,-0.318138998015906,0.275099772120252,15.9095029987025,TRUE
1.575,-0.0072,-0.30469478425309,0.289332632106038,17.1507417630903,TRUE
1.58,-0.0072,-0.291277648076349,0.303468844760042,18.3844498485294,TRUE
1.585,-0.0072,-0.277892076361466,0.317504625932211,19.6102844840245,TRUE
1.59,-0.0072,-0.264542459225942,0.33143634626734,20.8279157065803,TRUE
1.595,-0.0072,-0.251233084442142,0.3452605340867,22.0370266525649,TRUE
1.6,-0.0072,-0.237968132276386,0.358973877761647,23.2373138055222,TRUE
1.605,-0.0072,-0.224751670760962,0.372573227586292,24.4284872008622,TRUE
1.61,-0.0072,-0.211587651403525,0.386055597158649,25.6102705880609,TRUE
1.615,-0.0072,-0.198479905335708,0.399418164282044,26.7824015512179,TRUE
1.62,-0.0072,-0.185432139900453,0.412658271400556,27.944631588997,TRUE
1.625,-0.0072,-0.172447935675184,0.425773425584224,29.0967261551551,TRUE
1.63,-0.0072,-0.159530743925834,0.438761298081386,30.2384646610132,TRUE
1.635,-0.0072,-0.146683884484637,0.451619723457026,31.3696404413662,TRUE
1.64,-0.0072,-0.133910544042793,0.46434669833726,32.4900606854452,TRUE
1.645,-0.0072,-0.121213774847297,0.476940379781218,33.599546334656,TRUE
1.65,-0.0072,-0.108596493789754,0.489399083302364,34.6979319488932,TRUE
1.655,-0.0072,-0.0960614818735598,0.50172128056206,35.7850655433106,TRUE
1.66,-0.0072,-0.0836113840446127,0.51390559675861,36.8608083974728,TRUE
1.665,-0.0072,-0.0712487093696759,0.525950807735363,37.9250348388562,TRUE
1.67,-0.0072,-0.058975831545626,0.537855836831546,38.9776320026843,TRUE
1.675,-0.0072,-0.046794989722085,0.54961975149952,40.0184995700968,TRUE
1.68,-0.0072,-0.0347082896193857,0.56124175971193,41.0475494866402,TRUE
1.685,-0.0072,-0.0227177049233605,0.57272120618194,42.0647056630567,TRUE
1.69,-0.0072,-0.0108250789382419,0.584057568419275,43.0699036603127,TRUE
1.49,-0.007,-0.49055756098069,0.0901172506000212,0.339909651800443,TRUE
1.495,-0.007,-0.477147999313094,0.10522175062834,1.64475105425369,TRUE
1.5,-0.007,-0.463703342559633,0.120288032765649,2.94719158428806,TRUE
1.505,-0.007,-0.450228707721554,0.135310782514721,4.24676693059681,TRUE
1.51,-0.007,-0.43672921458425,0.150284763310017,5.54301857507812,TRUE
1.515,-0.007,-0.423209976337239,0.165204825293601,6.83549457169807,TRUE
1.52,-0.007,-0.409676090316112,0.18006591373639,8.12375029723258,TRUE
1.525,-0.007,-0.396132628903825,0.194863077074545,9.40734917114056,TRUE
1.53,-0.007,-0.382584630627177,0.209591474533567,10.6858633420498,TRUE
1.535,-0.007,-0.369037091482451,0.224246383315556,11.9588743385758,TRUE
1.54,-0.007,-0.355494956522243,0.238823205328141,13.2259736824477,TRUE
1.545,-0.007,-0.341963111733268,0.253317473436621,14.4867634621722,TRUE
1.55,-0.007,-0.328446376232558,0.267724857224083,15.7408568657381,TRUE
1.555,-0.007,-0.314949494806986,0.282041168247408,16.9878786711312,TRUE
1.56,-0.007,-0.301477130818425,0.296262364780213,18.2274656937002,TRUE
1.565,-0.007,-0.288033859494122,0.310384556036993,19.4592671896878,TRUE
1.57,-0.007,-0.274624161619212,0.324404005875688,20.6829452154981,TRUE
1.575,-0.007,-0.261252417645405,0.338317135978959,21.8981749425407,TRUE
1.58,-0.007,-0.247922902227226,0.352120528517253,23.1046449277316,TRUE
1.585,-0.007,-0.234639779194345,0.365810928299536,24.3020573399783,TRUE
1.59,-0.007,-0.221407096965923,0.379385244420047,25.4901281432001,TRUE
1.595,-0.007,-0.208228784410221,0.392840551411912,26.6685872366483,TRUE
1.6,-0.007,-0.19510864715024,0.406174089920624,27.8371785534911,TRUE
1.605,-0.007,-0.182050364313674,0.419383266912447,28.9956601188123,TRUE
1.61,-0.007,-0.169057485723263,0.432465655434588,30.1438040683332,TRUE
1.615,-0.007,-0.156133429521387,0.445418993945638,31.2813966293237,TRUE
1.62,-0.007,-0.14328148022081,0.458241185236153,32.4082380652937,TRUE
1.625,-0.007,-0.130504787171579,0.470930294960468,33.5241425861729,TRUE
1.63,-0.007,-0.117806363432482,0.483484549801811,34.6289382257819,TRUE
1.635,-0.007,-0.105189085033884,0.495902335293569,35.7224666884751,TRUE
1.64,-0.007,-0.0926556906174862,0.508182193320156,36.8045831668981,TRUE
1.645,-0.007,-0.0802087814373487,0.520322819321343,37.8751561328499,TRUE
1.65,-0.007,-0.0678508217055695,0.532323059224079,38.9340671032627,TRUE
1.655,-0.007,-0.0555841392651472,0.54418190612596,39.981210383335,TRUE
1.66,-0.007,-0.0434109265719348,0.555898496754304,41.0164927888459,TRUE
1.665,-0.007,-0.0313332419670508,0.567472107724618,42.0398333496736,TRUE
1.67,-0.007,-0.0193530112208123,0.578902151621781,43.0511629965094,TRUE
1.675,-0.007,-0.0074720293289964,0.590188172926797,44.0504242327267,TRUE
1.47,-0.0068,-0.501235100917957,0.0818344573245849,0.110791766526981,TRUE
1.475,-0.0068,-0.487813415984584,0.0969926248908486,1.41942458517715,TRUE
1.48,-0.0068,-0.474353271111141,0.112115337297229,2.72584323307767,TRUE
1.485,-0.0068,-0.46085981651518,0.127197204144664,4.02957777318835,TRUE
1.49,-0.0068,-0.44733821082142,0.142232908744734,5.33016373899907,TRUE
1.495,-0.0068,-0.433793611511526,0.15721721717842,6.6271429351256,TRUE
1.5,-0.0068,-0.42023116547541,0.172144987012854,7.92006421081976,TRUE
1.505,-0.0068,-0.406655999702813,0.187011175643975,9.20848420349788,TRUE
1.51,-0.0068,-0.393073212152562,0.201810848235678,10.4919680496109,TRUE
1.515,-0.0068,-0.379487862835138,0.216539185228913,11.7700900604175,TRUE
1.52,-0.0068,-0.365904965142255,0.231191489397246,13.0424343604762,TRUE
1.525,-0.0068,-0.352329477455063,0.245763192428456,14.3085954869287,TRUE
1.53,-0.0068,-0.338766295060187,0.26024986101497,15.5681789479212,TRUE
1.535,-0.0068,-0.325220242400391,0.274647202439156,16.8208017387798,TRUE
1.54,-0.0068,-0.311696065684009,0.288951069642723,18.0660928148381,TRUE
1.545,-0.0068,-0.298198425874624,0.303157465772687,19.3036935200832,TRUE
1.55,-0.0068,-0.28473189207965,0.317262548199543,20.533257971066,TRUE
1.555,-0.0068,-0.2713009353537,0.331262632006345,21.7544533957855,TRUE
1.56,-0.0068,-0.257909922929787,0.345154192950354,22.9669604275127,TRUE
1.565,-0.0068,-0.244563112888553,0.358933869901844,24.1704733537797,TRUE
1.57,-0.0068,-0.231264649273023,0.372598466767219,25.3647003209822,TRUE
1.575,-0.0068,-0.218018557653589,0.386144953906286,26.5493634952834,TRUE
1.58,-0.0068,-0.204828741145359,0.399570469055736,27.7241991807045,TRUE
1.585,-0.0068,-0.191698976877431,0.412872317773175,28.888957895491,TRUE
1.59,-0.0068,-0.178632912911305,0.426047973417902,30.0434044080136,TRUE
1.595,-0.0068,-0.16563406560332,0.439095076686451,31.1873177336273,TRUE
1.6,-0.0068,-0.152705817403933,0.452011434722411,32.3204910940512,TRUE
1.605,-0.0068,-0.139851415084634,0.464795019821395,33.4427318409586,TRUE
1.61,-0.0068,-0.12707396838157,0.477443967753105,34.5538613455679,TRUE
1.615,-0.0068,-0.11437644904325,0.489956575723368,35.6537148561194,TRUE
1.62,-0.0068,-0.101761690268327,0.502331299999707,36.742141325185,TRUE
1.625,-0.0068,-0.0892323865180956,0.514566753224501,37.8190032088202,TRUE
1.63,-0.0068,-0.0767910936873371,0.52666170144012,38.884176239596,TRUE
1.635,-0.0068,-0.0644402296161503,0.538615060850522,39.9375491755756,TRUE
1.64,-0.0068,-0.0521820749246928,0.550425894343791,40.9790235273037,TRUE
1.645,-0.0068,-0.040018774152126,0.56209340779989,42.0085132648713,TRUE
1.65,-0.0068,-0.0279523371806903,0.573616946207567,43.0259445070957,TRUE
1.655,-0.0068,-0.0159846409254745,0.584995989613881,44.031255194827,TRUE
1.66,-0.0068,-0.00411743127037003,0.596230148929239,45.024394750347,TRUE
1.455,-0.0066,-0.498441360630149,0.0887007342451074,1.19261896119504,TRUE
1.46,-0.0066,-0.484969939783463,0.103876273768085,2.50275733610142,TRUE
1.465,-0.0066,-0.471461847861709,0.119013733275394,3.81039758032252,TRUE
1.47,-0.0066,-0.457922276874624,0.134107719956544,5.11506958643469,TRUE
1.475,-0.0066,-0.444356423309499,0.149152919568791,6.41630919856305,TRUE
1.48,-0.0066,-0.430769478508394,0.164144105440175,7.71365900790002,TRUE
1.485,-0.0066,-0.417166619165318,0.179076147110844,9.0066691192492,TRUE
1.49,-0.0066,-0.403552997982177,0.193944018581277,10.2948978857626,TRUE
1.495,-0.0066,-0.389933734520721,0.208742806138927,11.5779126092778,TRUE
1.5,-0.0066,-0.376313906285892,0.223467715737704,12.8552902039058,TRUE
1.505,-0.0066,-0.362698540073874,0.238114079907935,14.1266178207871,TRUE
1.51,-0.0066,-0.349092603615906,0.252677364177576,15.3914934321998,TRUE
1.515,-0.0066,-0.335500997546487,0.267153172988744,16.6495263734831,TRUE
1.52,-0.0066,-0.321928547721947,0.28153725509695,17.9003378415191,TRUE
1.525,-0.0066,-0.308379997912768,0.295825508443653,19.1435613487968,TRUE
1.53,-0.0066,-0.294860002890139,0.310013984496035,20.3788431323614,TRUE
1.535,-0.0066,-0.281373121924455,0.324098892051075,21.6058425172277,TRUE
1.54,-0.0066,-0.267923812710555,0.338076600504077,22.8242322341037,TRUE
1.545,-0.0066,-0.254516425731659,0.351943642584769,24.0336986915287,TRUE
1.55,-0.0066,-0.241155199071068,0.365696716566938,25.2339422027803,TRUE
1.555,-0.0066,-0.227844253677926,0.379332687960222,26.4246771681371,TRUE
1.56,-0.0066,-0.21458758909063,0.39284859069515,27.6056322133058,TRUE
1.565,-0.0066,-0.201389079618774,0.406241627814891,28.7765502850298,TRUE
1.57,-0.0066,-0.188252470982114,0.419509171689158,29.9371887050761,TRUE
1.575,-0.0066,-0.175181377402542,0.432648763767716,31.0873191839805,TRUE
1.58,-0.0066,-0.162179279142898,0.445658113892546,32.2267277960715,TRUE
1.585,-0.0066,-0.149249520484313,0.458535099189195,33.3552149174391,TRUE
1.59,-0.0066,-0.136395308131905,0.471277762559086,34.4725951286209,TRUE
1.595,-0.0066,-0.123619710036857,0.483884310795561,35.5786970838841,TRUE
1.6,-0.0066,-0.110925654621384,0.496353112347269,36.6733633490535,TRUE
1.605,-0.0066,-0.0983159303916588,0.508682694753113,37.7564502099062,TRUE
1.61,-0.0066,-0.0857931859226161,0.520871741773336,38.8278274531884,TRUE
1.615,-0.0066,-0.0733599301974611,0.532919090241625,39.8873781223483,TRUE
1.62,-0.0066,-0.0610185332839111,0.544823726663069,40.9349982500832,TRUE
1.625,-0.0066,-0.048771227328462,0.556584783582767,41.9705965698047,TRUE
1.63,-0.0066,-0.0366201078494996,0.568201535749541,42.9940942081045,TRUE
1.635,-0.0066,-0.0245671353096701,0.579673396098849,44.0054243602809,TRUE
1.64,-0.0066,-0.0126141369477436,0.590999911578404,45.0045319509441,TRUE
1.645,-0.0066,-0.000762808850081728,0.60218075883942,45.9913732816719,TRUE
1.435,-0.0064,-0.509024588141449,0.0803503008924576,0.964453365643577,TRUE
1.44,-0.0064,-0.495546161302696,0.0955749504535578,2.27804607961664,TRUE
1.445,-0.0064,-0.482027678844219,0.110764360210175,3.58933128093316,TRUE
1.45,-0.0064,-0.468474360498444,0.125913065530787,4.89783354914959,TRUE
1.455,-0.0064,-0.454891436246626,0.141015675894712,6.20308307777159,TRUE
1.46,-0.0064,-0.441284136539951,0.15606688417056,7.50461649090157,TRUE
1.465,-0.0064,-0.42765768261902,0.171061475546982,8.80197763203987,TRUE
1.47,-0.0064,-0.414017276971898,0.185994336082406,10.0947183220564,TRUE
1.475,-0.0064,-0.400368093969458,0.200860460843252,11.3823990835805,TRUE
1.48,-0.0064,-0.386715270715036,0.215654961603097,12.6645898293027,TRUE
1.485,-0.0064,-0.373063898143387,0.230373074078351,13.9408705119435,TRUE
1.49,-0.0064,-0.359419012401797,0.245010164679216,15.2108317339111,TRUE
1.495,-0.0064,-0.345785586543769,0.25956173675802,16.4740753149559,TRUE
1.5,-0.0064,-0.332168522563179,0.274023436340316,17.7302148164044,TRUE
1.505,-0.0064,-0.318572643794089,0.288391057327508,18.9788760208486,TRUE
1.51,-0.0064,-0.305002687698632,0.3026605461631,20.219697366448,TRUE
1.515,-0.0064,-0.291463299062514,0.316828005957877,21.4523303352838,TRUE
1.52,-0.0064,-0.277959023614739,0.33088970007261,22.6764397954829,TRUE
1.525,-0.0064,-0.264494302085299,0.344842055159858,23.891704297094,TRUE
1.53,-0.0064,-0.251073464711584,0.358681663669466,25.0978163219592,TRUE
1.535,-0.0064,-0.237700726201453,0.372405285825117,26.2944824880669,TRUE
1.54,-0.0064,-0.224380181158046,0.386009851081942,27.4814237091064,TRUE
1.545,-0.0064,-0.211115799968729,0.399492459077601,28.6583753101574,TRUE
1.55,-0.0064,-0.197911425157922,0.41285038009152,29.8250871006506,TRUE
1.555,-0.0064,-0.184770768201058,0.42608105502899,30.9813234059151,TRUE
1.56,-0.0064,-0.171697406794595,0.439182094948604,32.126863058794,TRUE
1.565,-0.0064,-0.15869478257475,0.452151280153191,33.2614993529559,TRUE
1.57,-0.0064,-0.145766199275647,0.464986558865655,34.3850399596533,TRUE
1.575,-0.0064,-0.132914821315638,0.477686045512396,35.4973068097904,TRUE
1.58,-0.0064,-0.120143672798939,0.490248018637809,36.5981359432494,TRUE
1.585,-0.0064,-0.107455636918129,0.502670918474188,37.6873773274973,TRUE
1.59,-0.0064,-0.0948534557418316,0.514953344191761,38.7648946475472,TRUE
1.595,-0.0064,-0.0823397303706833,0.527094050853994,39.8305650693837,TRUE
1.6,-0.0064,-0.0699169214437755,0.539091946103367,40.8842789789836,TRUE
1.605,-0.0064,-0.0575873499769348,0.550946086602844,41.9259396990684,TRUE
1.61,-0.0064,-0.0453531985136504,0.56265567425798,42.9554631857121,TRUE
1.615,-0.0064,-0.0332165125689348,0.574220052244331,43.9727777069098,TRUE
1.62,-0.0064,-0.0211792023461772,0.585638700864298,44.9778235051742,TRUE
1.625,-0.0064,-0.00924304470683875,0.596911233256934,45.9705524461855,TRUE
1.415,-0.0062,-0.51955582209921,0.0719457152989701,0.735051212829097,TRUE
1.42,-0.0062,-0.506074707179585,0.0872156501622611,2.05182628367463,TRUE
1.425,-0.0062,-0.492550135674609,0.102453255679669,3.3664888184447,TRUE
1.43,-0.0062,-0.478987349190552,0.117652999989571,4.67855843120951,TRUE
1.435,-0.0062,-0.465391605485845,0.132809420638995,5.98755999509932,TRUE
1.44,-0.0062,-0.4517681685553,0.147917134125041,7.29302447908642,TRUE
1.445,-0.0062,-0.438122298789987,0.162970845104168,8.59448975816794,TRUE
1.45,-0.0062,-0.424459243254233,0.177965355234178,9.89150139381755,TRUE
1.455,-0.0062,-0.410784226119867,0.192895571616467,11.1836133818015,TRUE
1.46,-0.0062,-0.397102439296277,0.207756514808944,12.4703888646921,TRUE
1.465,-0.0062,-0.383419033292896,0.222543326383217,13.7514008066741,TRUE
1.47,-0.0062,-0.369739108348712,0.237251276002732,15.0262326285044,TRUE
1.475,-0.0062,-0.356067705861005,0.251875768001946,16.2944788007699,TRUE
1.48,-0.0062,-0.342409800143059,0.266412347449933,17.5557453938692,TRUE
1.485,-0.0062,-0.328770290537915,0.280856705685232,18.8096505834373,TRUE
1.49,-0.0062,-0.315153993912454,0.295204685312128,20.0558251102207,TRUE
1.495,-0.0062,-0.301565637553243,0.309452284651932,21.2939126936994,TRUE
1.5,-0.0062,-0.288009852482622,0.323595661646066,22.5235703990345,TRUE
1.505,-0.0062,-0.274491167210558,0.337631137210995,23.7444689571984,TRUE
1.51,-0.0062,-0.261014001934809,0.351555198048079,24.9562930384102,TRUE
1.515,-0.0062,-0.247582663199021,0.36536449891436,26.1587414792541,TRUE
1.52,-0.0062,-0.234201339015458,0.379055864363058,27.351527464102,TRUE
1.525,-0.0062,-0.220874094456262,0.392626289965103,28.5343786616882,TRUE
1.53,-0.0062,-0.207604867714423,0.40607294302543,29.7070373178922,TRUE
1.535,-0.0062,-0.194397466633029,0.419393162809931,30.8692603059855,TRUE
1.54,-0.0062,-0.181255565698876,0.432584460300898,32.0208191357667,TRUE
1.545,-0.0062,-0.168182703494242,0.445644517500531,33.1614999231697,TRUE
1.55,-0.0062,-0.155182280598421,0.458571186303584,34.2911033220669,TRUE
1.555,-0.0062,-0.142257557928649,0.471362486961506,35.4094444201078,TRUE
1.56,-0.0062,-0.129411655508258,0.484016606161484,36.5163526005293,TRUE
1.565,-0.0062,-0.116647551648202,0.496531894744641,37.6116713719621,TRUE
1.57,-0.0062,-0.103968082526765,0.508906865088245,38.6952581683095,TRUE
1.575,-0.0062,-0.0913759421508881,0.521140188177233,39.766984120829,TRUE
1.58,-0.0062,-0.0788736826815774,0.533230690390553,40.8267338045681,TRUE
1.585,-0.0062,-0.0664637151049026,0.545177350027904,41.874404961322,TRUE
1.59,-0.0062,-0.0541483102294237,0.556979293602279,42.9099082012735,TRUE
1.595,-0.0062,-0.0419295999903171,0.568635791923483,43.9331666854615,TRUE
1.6,-0.0062,-0.0298095790401142,0.580146255997314,44.9441157911927,TRUE
1.605,-0.0062,-0.0177901066056991,0.591510232764606,45.942702762472,TRUE
1.61,-0.0062,-0.00587290859119737,0.602727400703571,46.9288863474705,TRUE
1.395,-0.006,-0.530027776851952,0.0634915264060034,0.504539861052727,TRUE
1.4,-0.006,-0.516548329378612,0.0788028210422629,1.82421914826485,TRUE
1.405,-0.006,-0.503022014920473,0.0940847622577055,3.14198493091807,TRUE
1.41,-0.006,-0.489454090945834,0.109331755828669,4.45735222385789,TRUE
1.415,-0.006,-0.475849837090501,0.124538272004501,5.76984092966599,TRUE
1.42,-0.006,-0.462214545125539,0.139698855297863,7.07897669446792,TRUE
1.425,-0.006,-0.448553508976927,0.154808133960049,8.38429173850403,TRUE
1.43,-0.006,-0.434872014839707,0.169860829104352,9.68532565819039,TRUE
1.435,-0.006,-0.421175331428089,0.184851763443076,10.9816261966122,TRUE
1.44,-0.006,-0.4074687004015,0.199775869606704,12.2727499796292,TRUE
1.445,-0.006,-0.393757327004771,0.214628198016705,13.5582632150266,TRUE
1.45,-0.006,-0.380046370958723,0.229403924286701,14.8377423524115,TRUE
1.455,-0.006,-0.36634093763511,0.244098356129976,16.1107747018361,TRUE
1.46,-0.006,-0.352646069547471,0.258706939754717,17.3769590094127,TRUE
1.465,-0.006,-0.338966738186833,0.273225265731788,18.6359059884799,TRUE
1.47,-0.006,-0.325307836228435,0.2876490743233,19.8872388051746,TRUE
1.475,-0.006,-0.311674170132797,0.301974260263647,21.1305935175542,TRUE
1.48,-0.006,-0.298070453161504,0.316196876988042,22.365619467708,TRUE
1.485,-0.006,-0.284501298825073,0.330313140306905,23.5919796265784,TRUE
1.49,-0.006,-0.270971214777286,0.34431943152758,24.8093508914875,TRUE
1.495,-0.006,-0.257484597167319,0.358212300027957,26.0174243366337,TRUE
1.5,-0.006,-0.2440457254581,0.371988465289409,27.215905417069,TRUE
1.505,-0.006,-0.230658757716354,0.385644818399207,28.4045141269108,TRUE
1.51,-0.006,-0.217327726377026,0.399178423035055,29.5829851127627,TRUE
1.515,-0.006,-0.204056534482063,0.412586515946717,30.7510677435198,TRUE
1.52,-0.006,-0.190848952390909,0.425866506951802,31.9085261379277,TRUE
1.525,-0.006,-0.177708614957698,0.439015978464636,33.055139151426,TRUE
1.53,-0.006,-0.164639019167795,0.452032684578791,34.1907003239581,TRUE
1.535,-0.006,-0.151643522224262,0.464914549725263,35.3150177905593,TRUE
1.54,-0.006,-0.138725340072845,0.47765966692947,36.4279141566446,TRUE
1.545,-0.006,-0.125887546352407,0.490266295691204,37.5292263400036,TRUE
1.55,-0.006,-0.113133071756075,0.502732859512398,38.6188053815905,TRUE
1.555,-0.006,-0.100464703787078,0.515057943098138,39.6965162272402,TRUE
1.56,-0.006,-0.0878850868920296,0.527240289256604,40.7622374824853,TRUE
1.565,-0.006,-0.0753967229533927,0.539278795523866,41.815861142664,TRUE
1.57,-0.006,-0.0630019721221216,0.551172510539284,42.8572923005122,TRUE
1.575,-0.006,-0.0507030539707422,0.562920630197189,43.886448833425,TRUE
1.58,-0.006,-0.0385020489467487,0.574522493600034,44.9032610725425,TRUE
1.585,-0.006,-0.0264009001058135,0.585977578837798,45.9076714557854,TRUE
1.59,-0.006,-0.0144014151042134,0.597285498617725,46.8996341669104,TRUE
1.595,-0.006,-0.00250526842980637,0.608445995767796,47.8791147626016,TRUE
1.375,-0.0058,-0.540433180167078,0.054992430814745,0.273050299067085,TRUE
1.38,-0.0058,-0.526959782617008,0.0703410663360422,1.59534997135861,TRUE
1.385,-0.0058,-0.513436105416617,0.085663384703998,2.91593890175477,TRUE
1.39,-0.0058,-0.499867415746832,0.100953734463048,4.23432788980595,TRUE
1.395,-0.0058,-0.486259009062123,0.116206523475094,5.55003223601237,TRUE
1.4,-0.0058,-0.47261619896327,0.131416228943084,6.86257261543858,TRUE
1.405,-0.0058,-0.458944307097349,0.146577407138266,8.17147592756542,TRUE
1.41,-0.0058,-0.445248653128533,0.161684702792389,9.47627611897033,TRUE
1.415,-0.0058,-0.431534544822371,0.176732858118615,10.7765149756319,TRUE
1.42,-0.0058,-0.417807268284865,0.19171672142769,12.071742881886,TRUE
1.425,-0.0058,-0.404072078396037,0.206631255308878,13.3615195433089,TRUE
1.43,-0.0058,-0.390334189475815,0.221471544348337,14.645414671067,TRUE
1.435,-0.0058,-0.376598766217902,0.236232802360861,15.9230086255505,TRUE
1.44,-0.0058,-0.362870914924967,0.250910379114316,17.1938930173948,TRUE
1.445,-0.0058,-0.349155675075895,0.265499766529557,18.4576712642866,TRUE
1.45,-0.0058,-0.335458011253192,0.279996604342074,19.7139591022499,TRUE
1.455,-0.0058,-0.32178280545571,0.294396685215112,20.9623850504057,TRUE
1.46,-0.0058,-0.308134849819006,0.30869595929744,22.2025908284932,TRUE
1.465,-0.0058,-0.294518839762564,0.322890538222328,23.434231726733,TRUE
1.47,-0.0058,-0.280939367580115,0.336976698547569,24.656976927897,TRUE
1.475,-0.0058,-0.267400916486208,0.350950884639523,25.8705097817213,TRUE
1.48,-0.0058,-0.25390785512918,0.3648097110072,27.074528032063,TRUE
1.485,-0.0058,-0.240464432577674,0.378549964095194,28.2687439974486,TRUE
1.49,-0.0058,-0.227074773784977,0.392168603546961,29.4528847058942,TRUE
1.495,-0.0058,-0.213742875532605,0.405662762952393,30.6266919850953,TRUE
1.5,-0.0058,-0.200472602851928,0.419029750095829,31.7899225092799,TRUE
1.505,-0.0058,-0.187267685920037,0.432267046722702,32.9423478041991,TRUE
1.51,-0.0058,-0.174131717423671,0.445372307844788,34.0837542118906,TRUE
1.515,-0.0058,-0.161068150382812,0.458343360605557,35.2139428169855,TRUE
1.52,-0.0058,-0.14808029642346,0.471178202728478,36.3327293364582,TRUE
1.525,-0.0058,-0.135171324487261,0.483875000572191,37.4399439748093,TRUE
1.53,-0.0058,-0.122344259963973,0.496432086817319,38.5354312467618,TRUE
1.535,-0.0058,-0.109601984231248,0.508847957810375,39.6190497696076,TRUE
1.54,-0.0058,-0.0969472345849151,0.521121270590605,40.6906720273896,TRUE
1.545,-0.0058,-0.0843826045418523,0.533250839625879,41.7501841091276,TRUE
1.55,-0.0058,-0.0719105444965903,0.545235633283755,42.7974854233108,TRUE
1.555,-0.0058,-0.0595333627120698,0.557074770063761,43.832488390874,TRUE
1.56,-0.0058,-0.0472532266244083,0.568767514616567,44.8551181188518,TRUE
1.565,-0.0058,-0.0350721644411003,0.580313273575387,45.86531205688,TRUE
1.57,-0.0058,-0.0229920670119087,0.591711591224261,46.8630196386635,TRUE
1.575,-0.0058,-0.0110146899515278,0.602962145027265,47.8482019104779,TRUE
1.355,-0.0056,-0.550764796305866,0.0464532609929017,0.0407168074579332,TRUE
1.36,-0.0056,-0.537301847150129,0.0618351331265065,1.36534784004146,TRUE
1.365,-0.0056,-0.52378521072284,0.0771937792702019,2.6884742818423,TRUE
1.37,-0.0056,-0.510220157657615,0.0925234961113697,4.00960311750845,TRUE
1.375,-0.0056,-0.496611993035862,0.107818634294691,5.32824543147586,TRUE
1.38,-0.0056,-0.482966046187007,0.123073608661904,6.64391729806413,TRUE
1.385,-0.0056,-0.469287660490424,0.138282908215335,7.95614064939182,TRUE
1.39,-0.0056,-0.455582183223556,0.153441105764818,9.2644441175726,TRUE
1.395,-0.0056,-0.441854955499979,0.168542867219961,10.5683638478454,TRUE
1.4,-0.0056,-0.428111302339896,0.183582960492449,11.8674442795218,TRUE
1.405,-0.0056,-0.414356522914206,0.198556263975918,13.1612388918676,TRUE
1.41,-0.0056,-0.400595881001414,0.213457774574063,14.4493109123031,TRUE
1.415,-0.0056,-0.386834595694713,0.228282615250848,15.7312339845736,TRUE
1.42,-0.0056,-0.373077832394258,0.243026042080111,17.0065927948337,TRUE
1.425,-0.0056,-0.359330694117193,0.257683450775244,18.2749836538774,TRUE
1.43,-0.0056,-0.34559821315534,0.272250382683212,19.5360150340494,TRUE
1.435,-0.0056,-0.331885343107637,0.286722530230634,20.7893080596725,TRUE
1.44,-0.0056,-0.3181969513115,0.301095741813188,22.034496950127,TRUE
1.445,-0.0056,-0.304537811694272,0.315366026123056,23.2712294150173,TRUE
1.45,-0.0056,-0.290912598062859,0.329529555912464,24.4991670011462,TRUE
1.455,-0.0056,-0.277325877846562,0.343582671194686,25.71798539131,TRUE
1.46,-0.0056,-0.263782106305031,0.357521881886933,26.927374655185,TRUE
1.465,-0.0056,-0.250285621210252,0.371343869902587,28.1270394528485,TRUE
1.47,-0.0056,-0.236840638008445,0.38504549070295,29.316699191708,TRUE
1.475,-0.0056,-0.223451245464914,0.398623774321332,30.4960881378498,TRUE
1.48,-0.0056,-0.210121401792063,0.412075925874614,31.6649554830181,TRUE
1.485,-0.0056,-0.196854931258156,0.425399325579628,32.8230653686351,TRUE
1.49,-0.0056,-0.183655521271888,0.438591528293579,33.9701968684357,TRUE
1.495,-0.0056,-0.170526719935479,0.45165026259946,35.1061439314492,TRUE
1.5,-0.0056,-0.157471934056825,0.464573429458839,36.2307152871847,TRUE
1.505,-0.0056,-0.144494427609268,0.477359100455627,37.3437343149955,TRUE
1.51,-0.0056,-0.131597320625692,0.490005515655441,38.4450388796823,TRUE
1.515,-0.0056,-0.118783588512115,0.502511081105907,39.5344811354724,TRUE
1.52,-0.0056,-0.106056061764432,0.514874366003834,40.611927300564,TRUE
1.525,-0.0056,-0.0934174260708289,0.527094099555506,41.6772574044579,TRUE
1.53,-0.0056,-0.0808702227812961,0.539169167556477,42.7303650103211,TRUE
1.535,-0.0056,-0.0684168497248489,0.551098608717232,43.7711569146259,TRUE
1.54,-0.0056,-0.0560595623543793,0.562881610760857,44.7995528262974,TRUE
1.545,-0.0056,-0.0438004751986046,0.574517506318464,45.8154850275745,TRUE
1.55,-0.0056,-0.0316415636002127,0.586005768647654,46.8188980187512,TRUE
1.555,-0.0056,-0.0195846657191634,0.59734600719861,47.8097481489147,TRUE
1.56,-0.0056,-0.00763148478008446,0.608537963051668,48.7880032347346,TRUE
1.34,-0.0054,-0.547567351890236,0.0532899001277054,1.13434529622884,TRUE
1.345,-0.0054,-0.534062171979665,0.0686807420170889,2.459718584335,TRUE
1.35,-0.0054,-0.520505177377689,0.0840457486613928,3.78330004631584,TRUE
1.355,-0.0054,-0.506901676495424,0.0993792189003776,5.10459695287549,TRUE
1.36,-0.0054,-0.493257008161727,0.114675510420643,6.42312116531501,TRUE
1.365,-0.0054,-0.479576531349623,0.1299290499383,7.73839002018736,TRUE
1.37,-0.0054,-0.465865614923488,0.145134343084922,9.04992718979325,TRUE
1.375,-0.0054,-0.452129627451639,0.160285983957037,10.3572635150389,TRUE
1.38,-0.0054,-0.438373927127958,0.175378664292041,11.659937807395,TRUE
1.385,-0.0054,-0.424603851844916,0.190407182236142,12.9574976169247,TRUE
1.39,-0.0054,-0.410824709458679,0.205366450673062,14.2494999636097,TRUE
1.395,-0.0054,-0.397041768285178,0.22025150508529,15.5355120294651,TRUE
1.4,-0.0054,-0.383260247863772,0.235057510923143,16.8151118092232,TRUE
1.405,-0.0054,-0.369485310022841,0.249779770460253,18.0878887176563,TRUE
1.41,-0.0054,-0.355722050278984,0.264413729117652,19.35344415191,TRUE
1.415,-0.0054,-0.34197548959879,0.278954981242187,20.6113920075206,TRUE
1.42,-0.0054,-0.328250566549247,0.293399275328527,21.8613591470982,TRUE
1.425,-0.0054,-0.314552129859859,0.30774251867755,23.1029858209551,TRUE
1.43,-0.0054,-0.300884931416447,0.321980781487374,24.3359260392605,TRUE
1.435,-0.0054,-0.287253619703561,0.336110300376608,25.5598478955911,TRUE
1.44,-0.0054,-0.273662733709233,0.350127481342661,26.7744338420245,TRUE
1.445,-0.0054,-0.26011669730277,0.364028902161026,27.9793809161951,TRUE
1.45,-0.0054,-0.246619814093217,0.377811314234337,29.17440092098,TRUE
1.455,-0.0054,-0.233176262773096,0.391471643902762,30.3592205577244,TRUE
1.46,-0.0054,-0.219790092949257,0.405006993229761,31.533581514133,TRUE
1.465,-0.0054,-0.206465221459801,0.418414640279561,32.6972405081583,TRUE
1.47,-0.0054,-0.193205429173494,0.431692038904764,33.8499692893983,TRUE
1.475,-0.0054,-0.180014358265623,0.44483681806432,34.9915545996771,TRUE
1.48,-0.0054,-0.166895509961899,0.457846780693708,36.1217980946287,TRUE
1.485,-0.0054,-0.153852242739956,0.470719902150521,37.2405162282218,TRUE
1.49,-0.0054,-0.140887770976044,0.483454328259762,38.3475401022682,TRUE
1.495,-0.0054,-0.128005164022741,0.49604837298407,39.44271528304,TRUE
1.5,-0.0054,-0.115207345702057,0.508500515744735,40.525901587181,TRUE
1.505,-0.0054,-0.102497094196851,0.520809398419826,41.5969728391452,TRUE
1.51,-0.0054,-0.0898770423224345,0.532973822046017,42.6558166024199,TRUE
1.515,-0.0054,-0.0773496781592037,0.544992743250703,43.7023338868006,TRUE
1.52,-0.0054,-0.0649173460264127,0.556865270440928,44.736438833981,TRUE
1.525,-0.0054,-0.0525822477766065,0.568590659775303,45.7580583836989,TRUE
1.53,-0.0054,-0.0403464443898022,0.580168310944675,46.7671319226448,TRUE
1.535,-0.0054,-0.0282118578462665,0.591597762786707,47.7636109182968,TRUE
1.54,-0.0054,-0.0161802732566212,0.60287868875885,48.7474585397867,TRUE
1.545,-0.0054,-0.00425334122807902,0.614010892293326,49.718649267835,TRUE
1.32,-0.0052,-0.557749197698037,0.0447103645849137,0.902477978754164,TRUE
1.325,-0.0052,-0.544259891005306,0.0601291962019175,2.22980295357271,TRUE
1.33,-0.0052,-0.5307153851036,0.0755253355695549,3.55554496370691,TRUE
1.335,-0.0052,-0.517120985359839,0.090893035356991,4.87920788340796,TRUE
1.34,-0.0052,-0.503482033772873,0.10622660154088,6.20029976483268,TRUE
1.345,-0.0052,-0.489803898647731,0.121520403788647,7.51833373801534,TRUE
1.35,-0.0052,-0.476091964264508,0.136768885566311,8.83282888834258,TRUE
1.355,-0.0052,-0.462351620587317,0.151966573929511,10.1433111079273,TRUE
1.36,-0.0052,-0.448588253057875,0.167108088958895,11.4493139174861,TRUE
1.365,-0.0052,-0.434807232517214,0.182188152803655,12.7503792555431,TRUE
1.37,-0.0052,-0.421013905297528,0.197201598299971,14.0460582320374,TRUE
1.375,-0.0052,-0.407213583524421,0.212143377134225,15.3359118436678,TRUE
1.38,-0.0052,-0.39341153566777,0.227008567524145,16.6195116485946,TRUE
1.385,-0.0052,-0.379612977377202,0.241792381394448,17.8964403984032,TRUE
1.39,-0.0052,-0.365823062635597,0.256490171027111,19.1662926255404,TRUE
1.395,-0.0052,-0.352046875261428,0.271097435169888,20.428675184731,TRUE
1.4,-0.0052,-0.338289420787838,0.285609824590362,21.6832077471996,TRUE
1.405,-0.0052,-0.324555618743444,0.30002314706633,22.929523246819,TRUE
1.41,-0.0052,-0.310850295356749,0.314333371806873,24.167268277618,TRUE
1.415,-0.0052,-0.297178176702962,0.328536633301895,25.3961034423731,TRUE
1.42,-0.0052,-0.283543882308857,0.342629234601237,26.6157036522976,TRUE
1.425,-0.0052,-0.269951919228178,0.356607650027668,27.8257583781184,TRUE
1.43,-0.0052,-0.256406676596982,0.370468527331084,29.0259718530938,TRUE
1.435,-0.0052,-0.242912420675268,0.384208689294096,30.2160632287725,TRUE
1.44,-0.0052,-0.22947329037828,0.397825134801828,31.3957666845263,TRUE
1.445,-0.0052,-0.216093293298015,0.41131503939118,32.5648314921006,TRUE
1.45,-0.0052,-0.202776302212772,0.424675755297024,33.7230220366225,TRUE
1.455,-0.0052,-0.189526052079958,0.437904811014773,34.8701177956784,TRUE
1.46,-0.0052,-0.176346137505012,0.450999910400493,36.0059132782286,TRUE
1.465,-0.0052,-0.16324001067703,0.463958931331223,37.1302179252576,TRUE
1.47,-0.0052,-0.150210979759642,0.476779923949443,38.2428559741747,TRUE
1.475,-0.0052,-0.137262207723841,0.489461108516619,39.3436662890692,TRUE
1.48,-0.0052,-0.124396711607785,0.50200087290157,40.4325021589975,TRUE
1.485,-0.0052,-0.111617362187133,0.514397769729963,41.5092310665369,TRUE
1.49,-0.0052,-0.0989268840382418,0.526650513221578,42.5737344288693,TRUE
1.495,-0.0052,-0.0863278559754125,0.53875797574218,43.6259073136833,TRUE
1.5,-0.0052,-0.0738227118425842,0.550719184096756,44.6656581321788,TRUE
1.505,-0.0052,-0.0614137416391077,0.562533315590679,45.6929083114473,TRUE
1.51,-0.0052,-0.0491030929587551,0.574199693885019,46.7075919484738,TRUE
1.515,-0.0052,-0.0368927727207803,0.585717784671638,47.709655447961,TRUE
1.52,-0.0052,-0.0247846491716274,0.597087191193125,48.6990571461319,TRUE
1.525,-0.0052,-0.0127804541358969,0.608307649631816,49.6757669225961,TRUE
1.53,-0.0052,-0.000881785495247946,0.619379024391285,50.6397658022998,TRUE
1.3,-0.005,-0.56784038068043,0.0361016283593572,0.669884243903476,TRUE
1.305,-0.005,-0.55437135347059,0.0515441788059093,1.99886180993714,TRUE
1.31,-0.005,-0.540843763538546,0.0669672228591583,3.32646797612185,TRUE
1.315,-0.005,-0.527262906786411,0.0823649728519367,4.65220365098253,TRUE
1.32,-0.005,-0.513634121982557,0.0977316887146983,5.97557349615774,TRUE
1.325,-0.005,-0.499962780407664,0.113061688539573,7.29608684017186,TRUE
1.33,-0.005,-0.486254275468729,0.128349358891498,8.613258571468,TRUE
1.335,-0.005,-0.472514012327107,0.143589164823614,9.92661000698227,TRUE
1.34,-0.005,-0.458747397585928,0.158775659556451,11.2356697327344,TRUE
1.345,-0.005,-0.444959829081423,0.173903493782934,12.5399744131214,TRUE
1.35,-0.005,-0.431156685821256,0.188967424564128,13.8390695658446,TRUE
1.355,-0.005,-0.417343318111524,0.203962323783617,15.13251029965,TRUE
1.36,-0.005,-0.403525037912047,0.218883186131685,16.4198620123446,TRUE
1.365,-0.005,-0.38970710945753,0.233725136593828,17.7007010468308,TRUE
1.37,-0.005,-0.375894740179718,0.248483437421619,18.9746153032054,TRUE
1.375,-0.005,-0.362093071963077,0.263153494567511,20.2412048052706,TRUE
1.38,-0.005,-0.348307172763769,0.277730863568798,21.5000822201152,TRUE
1.385,-0.005,-0.334542028618765,0.292211254869501,22.7508733297319,TRUE
1.39,-0.005,-0.320802536068864,0.306590538572617,23.9932174539484,TRUE
1.395,-0.005,-0.307093495016345,0.320864748618574,25.2267678242466,TRUE
1.4,-0.005,-0.293419602034753,0.335030086389248,26.4511919083443,TRUE
1.405,-0.005,-0.279785444145201,0.349082923740124,27.6661716856942,TRUE
1.41,-0.005,-0.266195493070384,0.363019805466351,28.8714038743301,TRUE
1.415,-0.005,-0.252654099974412,0.376837451211419,30.0666001097461,TRUE
1.42,-0.005,-0.239165490693532,0.390532756829929,31.2514870767357,TRUE
1.425,-0.005,-0.225733761459867,0.404102795218538,32.4258065953436,TRUE
1.43,-0.005,-0.212362875117502,0.417544816631462,33.5893156622856,TRUE
1.435,-0.005,-0.199056657827533,0.430856248499086,34.7417864493785,TRUE
1.44,-0.005,-0.185818796256223,0.444034694770044,35.8830062606879,TRUE
1.445,-0.005,-0.172652835238024,0.457077934798845,37.0127774502449,TRUE
1.45,-0.005,-0.159562175903062,0.46998392180242,38.1309173023059,TRUE
1.455,-0.005,-0.146550074256702,0.482750780910232,39.2372578762371,TRUE
1.46,-0.005,-0.133619640197047,0.495376806833394,40.3316458181817,TRUE
1.465,-0.005,-0.1207738369546,0.507860461179014,41.4139421417372,TRUE
1.47,-0.005,-0.108015480936973,0.520200369436418,42.4840219799117,TRUE
1.475,-0.005,-0.0953472419603163,0.532395317662181,43.5417743106549,TRUE
1.48,-0.005,-0.08277164384817,0.544444248890924,44.5871016582675,TRUE
1.485,-0.005,-0.0702910653776188,0.556346259298775,45.6199197729901,TRUE
1.49,-0.005,-0.0579077415520456,0.56810059414603,46.640157291045,TRUE
1.495,-0.005,-0.0456237651793036,0.579706643525176,47.6477553773763,TRUE
1.5,-0.005,-0.0334410887338994,0.591163937939775,48.6426673532786,TRUE
1.505,-0.005,-0.0213615264816159,0.60247214373907,49.624858311054,TRUE
1.51,-0.005,-0.00938675684507519,0.613631058432299,50.5943047177638,TRUE
1.28,-0.0048,-0.577834015324139,0.0274688832826969,0.436704766730206,TRUE
1.285,-0.0048,-0.564389651983868,0.0429308262820479,1.76703247273111,TRUE
1.29,-0.0048,-0.550883390884935,0.0583764852921672,3.09620265521256,TRUE
1.295,-0.0048,-0.53732051202805,0.0738000383198547,4.42371369953613,TRUE
1.3,-0.0048,-0.523706344509833,0.0891957051091143,5.74906730867749,TRUE
1.305,-0.0048,-0.510046256165065,0.104557757864968,7.0717694291995,TRUE
1.31,-0.0048,-0.496345643149864,0.119880531748051,8.3913311583307,TRUE
1.315,-0.0048,-0.482609919512287,0.135158435095809,9.70726962832258,TRUE
1.32,-0.0048,-0.468844506796382,0.150385959328325,11.0191088644437,TRUE
1.325,-0.0048,-0.455054823725009,0.165557688499149,12.3263806131664,TRUE
1.33,-0.0048,-0.441246276005629,0.180668308454267,13.6286251373351,TRUE
1.335,-0.0048,-0.427424246301823,0.195712615565229,14.9253919753517,TRUE
1.34,-0.0048,-0.413594084411582,0.210685525005662,16.2162406616822,TRUE
1.345,-0.0048,-0.399761097691392,0.225582078543644,17.5007414062707,TRUE
1.35,-0.0048,-0.385930541762828,0.24039745182595,18.7784757307442,TRUE
1.355,-0.0048,-0.372107611535915,0.25512696113364,20.0490370595896,TRUE
1.36,-0.0048,-0.358297432580767,0.269766069592171,21.3120312648028,TRUE
1.365,-0.0048,-0.344505052876202,0.284310392822735,22.5670771628092,TRUE
1.37,-0.0048,-0.330735434960974,0.298755704025262,23.8138069627801,TRUE
1.375,-0.0048,-0.316993448510242,0.313097938486998,25.0518666657615,TRUE
1.38,-0.0048,-0.303283863356669,0.327333197514136,26.2809164143486,TRUE
1.385,-0.0048,-0.289611342972438,0.341457751787298,27.5006307929142,TRUE
1.39,-0.0048,-0.275980438425188,0.355468044144979,28.7106990786976,TRUE
1.395,-0.0048,-0.262395582817833,0.369360691802062,29.9108254443096,TRUE
1.4,-0.0048,-0.248861086219018,0.383132488013517,31.1007291124756,TRUE
1.405,-0.0048,-0.235381131088035,0.396780403195986,32.280144464062,TRUE
1.41,-0.0048,-0.221959768195091,0.410301585522526,33.4488211006549,TRUE
1.415,-0.0048,-0.20860091303502,0.423693361007986,34.6065238631512,TRUE
1.42,-0.0048,-0.195308342729964,0.436953233104535,35.7530328080017,TRUE
1.425,-0.0048,-0.182085693414028,0.450078881828614,36.8881431429006,TRUE
1.43,-0.0048,-0.168936458090658,0.463068162442152,38.0116651238501,TRUE
1.435,-0.0048,-0.155863984951397,0.475919103712131,39.1234239156457,TRUE
1.44,-0.0048,-0.142871476142743,0.488629905773681,40.2232594179162,TRUE
1.445,-0.0048,-0.129961986966156,0.501198937622662,41.3110260589316,TRUE
1.45,-0.0048,-0.117138425494748,0.513624734264311,42.3865925594417,TRUE
1.455,-0.0048,-0.104403552588855,0.525905993544896,43.4498416688466,TRUE
1.46,-0.0048,-0.0917599822916595,0.538041572693472,44.5006698760149,TRUE
1.465,-0.0048,-0.0792101825850291,0.550030484600833,45.5389870970689,TRUE
1.47,-0.0048,-0.0667564764851007,0.561871893862543,46.5647163424402,TRUE
1.475,-0.0048,-0.0544010434565458,0.573565112612553,47.5777933654708,TRUE
1.48,-0.0048,-0.042145921124114,0.585109596173412,48.5781662947917,TRUE
1.485,-0.0048,-0.0299930072598387,0.596504938548399,49.5657952526594,TRUE
1.49,-0.0048,-0.0179440620242557,0.607750867780173,50.5406519613655,TRUE
1.495,-0.0048,-0.00600071044004486,0.618847241199635,51.5027193397609,TRUE
1.26,-0.0046,-0.587723357293159,0.0188173958754583,0.203082125727074,TRUE
1.265,-0.0046,-0.574308008915436,0.0342943596128738,1.5344547634273,TRUE
1.27,-0.0046,-0.560827463651373,0.0497582917995802,2.8648856616183,TRUE
1.275,-0.0046,-0.547286979178967,0.0652033422771021,4.19387113517886,TRUE
1.28,-0.0046,-0.533691868471942,0.0806236966344074,5.52091037187147,TRUE
1.285,-0.0046,-0.520047489462876,0.0960135870694204,6.84550636884226,TRUE
1.29,-0.0046,-0.506359234620035,0.111367303046032,8.16716685214615,TRUE
1.295,-0.0046,-0.492632520484612,0.126679201701273,9.48540517538104,TRUE
1.3,-0.0046,-0.478872777214932,0.141943717959228,10.7997411936741,TRUE
1.305,-0.0046,-0.465085438183594,0.157155374310561,12.1097021094587,TRUE
1.31,-0.0046,-0.451275929672617,0.172308790219107,13.4148232866977,TRUE
1.315,-0.0046,-0.437449660710446,0.18739869111973,14.7146490304449,TRUE
1.32,-0.0046,-0.423612013093021,0.202419916974805,16.0087333289031,TRUE
1.325,-0.0046,-0.409768331629336,0.217367430359827,17.296640555406,TRUE
1.33,-0.0046,-0.395923914649691,0.2322363240521,18.5779461280492,TRUE
1.335,-0.0046,-0.382084004812514,0.247021828099974,19.8522371249898,TRUE
1.34,-0.0046,-0.368253780242954,0.261719316353683,21.1191128537492,TRUE
1.345,-0.0046,-0.354438346033751,0.276324312442458,22.378185373158,TRUE
1.35,-0.0046,-0.340642726135842,0.29083249518631,23.6290799669048,TRUE
1.355,-0.0046,-0.326871855663214,0.305239703434389,24.8714355679513,TRUE
1.36,-0.0046,-0.313130573633281,0.319541940325492,26.1049051333925,TRUE
1.365,-0.0046,-0.299423616160961,0.333735376969647,27.3291559696286,TRUE
1.37,-0.0046,-0.285755610121342,0.34781635555315,28.5438700080142,TRUE
1.375,-0.0046,-0.272131067292708,0.36178139187251,29.7487440314142,TRUE
1.38,-0.0046,-0.258554378988494,0.375627177305867,30.9434898523667,TRUE
1.385,-0.0046,-0.245029811183694,0.389350580233194,32.1278344437903,TRUE
1.39,-0.0046,-0.231561500138246,0.402948646919285,33.301520023404,TRUE
1.395,-0.0046,-0.218153448517066,0.416418601875829,34.4643040932324,TRUE
1.4,-0.0046,-0.204809522003675,0.429757847721134,35.6159594357592,TRUE
1.405,-0.0046,-0.191533446401792,0.442963964557878,36.7562740684576,TRUE
1.41,-0.0046,-0.178328805216884,0.456034708891015,37.8850511585706,TRUE
1.415,-0.0046,-0.165199037707415,0.46896801210935,39.0021089001446,TRUE
1.42,-0.0046,-0.152147437393551,0.481761978555504,40.1072803554172,TRUE
1.425,-0.0046,-0.139177151009237,0.494414883209915,41.2004132627499,TRUE
1.43,-0.0046,-0.126291177881914,0.506925169015261,42.281369813356,TRUE
1.435,-0.0046,-0.11349236972277,0.519291443868169,43.3500263991219,TRUE
1.44,-0.0046,-0.100783430809145,0.531512477305351,44.406273333843,TRUE
1.445,-0.0046,-0.0881669185397283,0.543587196911392,45.4500145502082,TRUE
1.45,-0.0046,-0.0756452443423459,0.555514684475311,46.4811672748565,TRUE
1.455,-0.0046,-0.0632206749134692,0.567294171922728,47.4996616838085,TRUE
1.46,-0.0046,-0.0508953337681623,0.578925037050024,48.5054405405408,TRUE
1.465,-0.0046,-0.0386712030788432,0.590406799086317,49.4984588189203,TRUE
1.47,-0.0046,-0.0265501257811337,0.601739114108347,50.4786833131585,TRUE
1.475,-0.0046,-0.0145338079250727,0.612921770332542,51.4460922368757,TRUE
1.48,-0.0046,-0.00262382125012762,0.62395468330764,52.4006748132869,TRUE
1.245,-0.0044,-0.584119798790548,0.0256400687765559,1.30127059187713,TRUE
1.25,-0.0044,-0.570669319104318,0.0411178902643749,2.63265634863662,TRUE
1.255,-0.0044,-0.557155615640562,0.0565800839555043,3.96281234930723,TRUE
1.26,-0.0044,-0.543583978820429,0.0720208074610301,5.29123571974713,TRUE
1.265,-0.0044,-0.529959750214326,0.0874342590188585,6.61742695156991,TRUE
1.27,-0.0044,-0.516288312137118,0.102814688291094,7.94089083244719,TRUE
1.275,-0.0044,-0.502575077176533,0.118156406936151,9.26113735742543,TRUE
1.28,-0.0044,-0.488825477701612,0.133453798910946,10.5776826174042,TRUE
1.285,-0.0044,-0.475044955397694,0.148701330460623,11.8900496611019,TRUE
1.29,-0.0044,-0.461238950873759,0.163893559755669,13.1977693270389,TRUE
1.295,-0.0044,-0.447412893386808,0.179025146138982,14.5003810423003,TRUE
1.3,-0.0044,-0.433572190726645,0.194090858948359,15.7974335850885,TRUE
1.305,-0.0044,-0.419722219302686,0.209085585883047,17.0884858083449,TRUE
1.31,-0.0044,-0.405868314472384,0.224004340886337,18.3731073220102,TRUE
1.315,-0.0044,-0.392015761148683,0.238842271519596,19.6508791317804,TRUE
1.32,-0.0044,-0.378169784721321,0.253594665806759,20.9213942325318,TRUE
1.325,-0.0044,-0.364335542324195,0.268256958531904,22.1842581548928,TRUE
1.33,-0.0044,-0.350518114478056,0.28282473697619,23.439089463757,TRUE
1.335,-0.0044,-0.336722497134862,0.297293746084114,24.685520207848,TRUE
1.34,-0.0044,-0.322953594146964,0.311659893052615,25.9231963197521,TRUE
1.345,-0.0044,-0.30921621018117,0.325919251340102,27.151777966142,TRUE
1.35,-0.0044,-0.295515044094455,0.340068064095913,28.370939848209,TRUE
1.355,-0.0044,-0.281854682784972,0.354102747013951,29.5803714526015,TRUE
1.36,-0.0044,-0.268239595528718,0.368019890617433,30.7797772534409,TRUE
1.365,-0.0044,-0.254674128809169,0.381816261984566,31.9688768662356,TRUE
1.37,-0.0044,-0.241162501644095,0.395488805927745,33.1474051547559,TRUE
1.375,-0.0044,-0.227708801410856,0.409034645641368,34.3151122921434,TRUE
1.38,-0.0044,-0.214316980168628,0.422451082835676,35.471763777735,TRUE
1.385,-0.0044,-0.200990851473399,0.43573559737605,36.6171404112523,TRUE
1.39,-0.0044,-0.187734087678988,0.448885846449058,37.7510382261711,TRUE
1.395,-0.0044,-0.174550217715112,0.461899663278058,38.8732683842169,TRUE
1.4,-0.0044,-0.161442625331291,0.474775055412533,39.9836570330511,TRUE
1.405,-0.0044,-0.148414547793504,0.487510202616386,41.0820451293036,TRUE
1.41,-0.0044,-0.13546907501873,0.50010345438127,42.1682882291857,TRUE
1.415,-0.0044,-0.122609149130979,0.512553327091656,43.2422562489678,TRUE
1.42,-0.0044,-0.109837564421067,0.524858500868728,44.3038331976445,TRUE
1.425,-0.0044,-0.0971569676912783,0.537017816120374,45.3529168841253,TRUE
1.43,-0.0044,-0.0845698589650753,0.549030269824554,46.389418601292,TRUE
1.435,-0.0044,-0.0720785925413143,0.560895011573126,47.4132627892468,TRUE
1.44,-0.0044,-0.0596853783718245,0.572611339402835,48.4243866800477,TRUE
1.445,-0.0044,-0.0473922837408354,0.584178695439716,49.4227399261839,TRUE
1.45,-0.0044,-0.0352012352245229,0.595596661382438,50.4082842149887,TRUE
1.455,-0.0044,-0.0231140209088475,0.606864953849437,51.3809928711277,TRUE
1.46,-0.0044,-0.0111322928439755,0.617983419613734,52.3408504492176,TRUE
1.225,-0.0042,-0.593818570082017,0.0169732967268756,1.06762352827508,TRUE
1.23,-0.0042,-0.580402457195568,0.0324605917590653,2.39965634840264,TRUE
1.235,-0.0042,-0.566919880139334,0.0479355358334423,3.73067662109404,TRUE
1.24,-0.0042,-0.553376100405151,0.0633922648788168,5.06017987164828,TRUE
1.245,-0.0042,-0.539776436769002,0.0788249493609889,6.38766453961978,TRUE
1.25,-0.0042,-0.526126254929414,0.0942278051975227,7.71263291816151,TRUE
1.255,-0.0042,-0.512430957051757,0.109595104472766,9.03459207636016,TRUE
1.26,-0.0042,-0.498695971265456,0.124921185907338,10.3530547606204,TRUE
1.265,-0.0042,-0.484926741160934,0.140200465038275,11.6675402713261,TRUE
1.27,-0.0042,-0.471128715332635,0.155427444068248,12.9775753111928,TRUE
1.275,-0.0042,-0.457307337013583,0.170596721344806,14.2826948019484,TRUE
1.28,-0.0042,-0.443468033845769,0.185703000433418,15.5824426662152,TRUE
1.285,-0.0042,-0.429616207829059,0.200741098751107,16.8763725717306,TRUE
1.29,-0.0042,-0.415757225489548,0.215705955730729,18.1640486353196,TRUE
1.295,-0.0042,-0.401896408306095,0.230592640489343,19.445046084325,TRUE
1.3,-0.0042,-0.388039023431468,0.245396358977614,20.7189518735038,TRUE
1.305,-0.0042,-0.374190274741887,0.260112460590842,21.9853652557062,TRUE
1.31,-0.0042,-0.360355294246004,0.274736444225847,23.2438983049722,TRUE
1.315,-0.0042,-0.346539133881408,0.289263963771566,24.49417639099,TRUE
1.32,-0.0042,-0.33274675772369,0.303690833024956,25.7358386041792,TRUE
1.325,-0.0042,-0.318983034629967,0.318013030027252,26.9685381309656,TRUE
1.33,-0.0042,-0.305252731335531,0.332226700819232,28.1919425791165,TRUE
1.335,-0.0042,-0.291560506019118,0.346328162617447,29.4057342532963,TRUE
1.34,-0.0042,-0.277910902349016,0.360313906416596,30.6096103812767,TRUE
1.345,-0.0042,-0.26430834401914,0.374180599026314,31.803283291501,TRUE
1.35,-0.0042,-0.250757129780987,0.387925084553462,32.9864805429479,TRUE
1.355,-0.0042,-0.237261428974496,0.401544385343665,34.158945008466,TRUE
1.36,-0.0042,-0.223825277557832,0.415035702398297,35.3204349129642,TRUE
1.365,-0.0042,-0.210452574633426,0.42839641528525,36.4707238280258,TRUE
1.37,-0.0042,-0.197147079464972,0.441624081563843,37.6096006246902,TRUE
1.375,-0.0042,-0.183912408977638,0.454716435745871,38.7368693862856,TRUE
1.38,-0.0042,-0.170752035731517,0.467671387816303,39.8523492833292,TRUE
1.385,-0.0042,-0.157669286356284,0.480487021338311,40.9558744126119,TRUE
1.39,-0.0042,-0.144667340433116,0.493161591168342,42.0472936026715,TRUE
1.395,-0.0042,-0.131749229808355,0.50569352080761,43.1264701879216,TRUE
1.4,-0.0042,-0.118917838321847,0.518081399416998,44.19328175375,TRUE
1.405,-0.0042,-0.106175901931696,0.53032397852256,45.2476198549249,TRUE
1.41,-0.0042,-0.0935260092161105,0.542420168438993,46.2893897096577,TRUE
1.415,-0.0042,-0.0809706022321191,0.55436903443832,47.3185098716645,TRUE
1.42,-0.0042,-0.0685119777103223,0.566169792690762,48.3349118825441,TRUE
1.425,-0.0042,-0.0561522885643181,0.57782180600434,49.3385399067561,TRUE
1.43,-0.0042,-0.0438935456931325,0.589324579389221,50.3293503514326,TRUE
1.435,-0.0042,-0.0317376200548387,0.600677755472049,51.3073114731979,TRUE
1.44,-0.0042,-0.0196862449895383,0.61188110978475,52.2724029741008,TRUE
1.445,-0.0042,-0.00774101877000885,0.622934545951342,53.2246155886845,TRUE
1.205,-0.004,-0.603398066237491,0.00829942299898897,0.833658363856246,TRUE
1.21,-0.004,-0.590020561799903,0.0237917543467028,2.16602914339832,TRUE
1.215,-0.004,-0.576573404130931,0.0392750276697296,3.49760570200071,TRUE
1.22,-0.004,-0.563061819500523,0.0547433636002762,4.82788243189328,TRUE
1.225,-0.004,-0.549491097517129,0.0701909111332199,6.15635618179735,TRUE
1.23,-0.004,-0.535866580833987,0.0856118586345874,7.48252720352172,TRUE
1.235,-0.004,-0.522193654734141,0.101000444676545,8.80590008358498,TRUE
1.24,-0.004,-0.508477736641152,0.116350968652192,10.1259846558488,TRUE
1.245,-0.004,-0.494724265602465,0.131657801125219,11.4422968912982,TRUE
1.25,-0.004,-0.480938691792196,0.146915393871512,12.7543597612808,TRUE
1.255,-0.004,-0.467126466079329,0.162118289572227,14.0617040707253,TRUE
1.26,-0.004,-0.453293029706435,0.177261131120449,15.3638692580835,TRUE
1.265,-0.004,-0.439443804122527,0.192338670506539,16.6604041589978,TRUE
1.27,-0.004,-0.425584181012128,0.207345777250336,17.9508677309586,TRUE
1.275,-0.004,-0.411719512560565,0.222277446351754,19.234829736508,TRUE
1.28,-0.004,-0.397855101993341,0.237128805734723,20.5118713828379,TRUE
1.285,-0.004,-0.38399619442491,0.25189512316304,21.7815859159418,TRUE
1.29,-0.004,-0.370147968049555,0.266571812610273,23.0435791677899,TRUE
1.295,-0.004,-0.356315525704171,0.281154440069586,24.2974700553133,TRUE
1.3,-0.004,-0.342503886829789,0.295638728792964,25.5428910302978,TRUE
1.305,-0.004,-0.328717979855574,0.310020563952961,26.7794884795982,TRUE
1.31,-0.004,-0.314962635025822,0.324295996723655,28.0069230753914,TRUE
1.315,-0.004,-0.301242577687328,0.338461247780874,29.2248700754792,TRUE
1.32,-0.004,-0.287562422051184,0.352512710225168,30.4330195739389,TRUE
1.325,-0.004,-0.273926665439974,0.366446951934029,31.6310767026889,TRUE
1.33,-0.004,-0.260339683028063,0.380260717352932,32.8187617847923,TRUE
1.335,-0.004,-0.246805723079721,0.393950928737485,33.99581044056,TRUE
1.34,-0.004,-0.233328902686758,0.40751468686155,35.1619736477332,TRUE
1.345,-0.004,-0.219913204004582,0.420949271208485,36.3170177572245,TRUE
1.35,-0.004,-0.206562470982825,0.434252139664835,37.46072446608,TRUE
1.355,-0.004,-0.19328040658423,0.4474209277375,38.5928907494764,TRUE
1.36,-0.004,-0.180070570483029,0.460453447317177,39.7133287537119,TRUE
1.365,-0.004,-0.166936377231977,0.473347685012066,40.82186565226,TRUE
1.37,-0.004,-0.153881094885134,0.486101800077058,41.9183434670539,TRUE
1.375,-0.004,-0.140907844061789,0.498714121964429,43.0026188572417,TRUE
1.38,-0.004,-0.128019597435268,0.51118314752273,44.0745628777112,TRUE
1.385,-0.004,-0.115219179629074,0.52350753787097,45.1340607097124,TRUE
1.39,-0.004,-0.102509267501568,0.535686114975436,46.1810113659324,TRUE
1.395,-0.004,-0.0898923907994876,0.547717857956427,47.2153273723708,TRUE
1.4,-0.004,-0.0773709331597673,0.559601899152127,48.2369344293529,TRUE
1.405,-0.004,-0.0649471334385919,0.571337519966375,49.2457710539878,TRUE
1.41,-0.004,-0.052623087346142,0.582924146526701,50.2417882063352,TRUE
1.415,-0.004,-0.0404007493652905,0.594361345178298,51.2249489014912,TRUE
1.42,-0.004,-0.0282819349323859,0.605648817838881,52.1952278097376,TRUE
1.425,-0.004,-0.0162683228583449,0.616786397238499,53.1526108468247,TRUE
1.43,-0.004,-0.0043614579684408,0.627774042067427,54.0970947563764,TRUE
1.19,-0.0038,-0.599517521102592,0.0151167665596714,1.93191962629114,TRUE
1.195,-0.0038,-0.586110012428823,0.0306039301519531,3.26374338517371,TRUE
1.2,-0.0038,-0.572634904631837,0.0460794496165323,4.59448567093952,TRUE
1.205,-0.0038,-0.559097451869665,0.0615374588632492,5.92364220855539,TRUE
1.21,-0.0038,-0.545502967386624,0.0769721250075687,7.25071166912327,TRUE
1.215,-0.0038,-0.531856813163736,0.0923776593019,8.57519660900861,TRUE
1.22,-0.0038,-0.518164389467709,0.107748327872828,9.89660439199994,TRUE
1.225,-0.0038,-0.504431124345436,0.123078462218359,11.2144480905603,TRUE
1.23,-0.0038,-0.490662463110956,0.138362469421091,12.5282473623883,TRUE
1.235,-0.0038,-0.476863857871314,0.153594842035497,13.8375292987034,TRUE
1.24,-0.0038,-0.46304075713699,0.16877016760996,15.1418292408819,TRUE
1.245,-0.0038,-0.449198595561361,0.183883137807002,16.4406915623151,TRUE
1.25,-0.0038,-0.435342783852236,0.19892855708814,17.7336704126152,TRUE
1.255,-0.0038,-0.42147869889662,0.213901350933061,19.0203304215787,TRUE
1.26,-0.0038,-0.407611674137883,0.228796573566111,20.3002473606024,TRUE
1.265,-0.0038,-0.393746990242076,0.243609415166681,21.5730087595532,TRUE
1.27,-0.0038,-0.37988986608766,0.258335208543614,22.8382144774024,TRUE
1.275,-0.0038,-0.366045450110096,0.272969435257429,24.0954772252468,TRUE
1.28,-0.0038,-0.352218812029866,0.287507731177829,25.3444230406582,TRUE
1.285,-0.0038,-0.338414934989443,0.301945891467571,26.5846917126129,TRUE
1.29,-0.0038,-0.324638708121586,0.316279874987408,27.8159371565636,TRUE
1.295,-0.0038,-0.310894919568138,0.330505808120284,29.0378277395154,TRUE
1.3,-0.0038,-0.297188249965307,0.344619988016346,30.2500465552597,TRUE
1.305,-0.0038,-0.283523266408176,0.358618885263582,31.4522916501956,TRUE
1.31,-0.0038,-0.269904416903981,0.372499145991989,32.6442762004354,TRUE
1.315,-0.0038,-0.256336025320657,0.386257593421988,33.8257286411331,TRUE
1.32,-0.0038,-0.242822286834013,0.399891228870563,34.9963927492099,TRUE
1.325,-0.0038,-0.229367263874101,0.413397232230976,36.1560276808535,TRUE
1.33,-0.0038,-0.215974882568457,0.426772961944184,37.3044079653663,TRUE
1.335,-0.0038,-0.20264892967734,0.440015954482034,38.4413234570992,TRUE
1.34,-0.0038,-0.18939305001359,0.453123923364064,39.5665792473613,TRUE
1.345,-0.0038,-0.176210744337477,0.466094757731208,40.6799955383195,TRUE
1.35,-0.0038,-0.163105367714777,0.478926520500977,41.7814074810126,TRUE
1.355,-0.0038,-0.150080128324491,0.491617446129658,42.8706649796808,TRUE
1.36,-0.0038,-0.137138086700842,0.504165938007881,43.9476324646902,TRUE
1.365,-0.0038,-0.124282155392775,0.516570565516394,45.0121886363617,TRUE
1.37,-0.0038,-0.111515099022857,0.528830060769283,46.0642261820559,TRUE
1.375,-0.0038,-0.0988395347264023,0.540943315071924,47.1036514688629,TRUE
1.38,-0.0038,-0.0862579329507483,0.55290937512095,48.1303842142484,TRUE
1.385,-0.0038,-0.0737726185939493,0.564727438973206,49.1443571369772,TRUE
1.39,-0.0038,-0.0613857724615666,0.576396851810338,50.1455155906079,TRUE
1.395,-0.0038,-0.0490994330199841,0.587917101525009,51.1338171817953,TRUE
1.4,-0.0038,-0.0369154984244017,0.599287814154146,52.1092313755843,TRUE
1.405,-0.0038,-0.0248357287997234,0.610508749183731,53.0717390898037,TRUE
1.41,-0.0038,-0.0128617487525996,0.62157979474882,54.0213322805955,TRUE
1.415,-0.0038,-0.000995050093172287,0.632500962751432,54.9580135210231,TRUE
1.17,-0.0036,-0.60888744698405,0.00644103067464894,1.69747365123873,TRUE
1.175,-0.0036,-0.595523742902754,0.0219276382757101,3.02923506275857,TRUE
1.18,-0.0036,-0.582089326545145,0.0374059037200111,4.36013409098524,TRUE
1.185,-0.0036,-0.568589410456636,0.0528699522736126,5.68966580811163,TRUE
1.19,-0.0036,-0.555029272205207,0.0683139361816539,7.01732777072666,TRUE
1.195,-0.0036,-0.5414142441216,0.0837320456717927,8.34262096462628,TRUE
1.2,-0.0036,-0.527749702911196,0.0991185197903127,9.66505073472702,TRUE
1.205,-0.0036,-0.514041059184366,0.114467657024174,10.9841276960765,TRUE
1.21,-0.0036,-0.500293746952235,0.12977382566393,12.2993686220992,TRUE
1.215,-0.0036,-0.486513213134539,0.145031473864505,13.6102973063975,TRUE
1.22,-0.0036,-0.472704907125683,0.160235139363094,14.9164453946242,TRUE
1.225,-0.0036,-0.458874270464116,0.175379458816141,16.2173531831795,TRUE
1.23,-0.0036,-0.445026726648863,0.190459176720168,17.5125703817254,TRUE
1.235,-0.0036,-0.431167671145422,0.205469153884358,18.801656836788,TRUE
1.24,-0.0036,-0.417302461621321,0.220404375426072,20.0841832139941,TRUE
1.245,-0.0036,-0.403436408449434,0.235259958263903,21.3597316367915,TRUE
1.25,-0.0036,-0.38957476551476,0.250031158086411,22.6278962798034,TRUE
1.255,-0.0036,-0.375722721357664,0.264713375778337,23.8882839152828,TRUE
1.26,-0.0036,-0.361885390683819,0.279302163289674,25.1405144114449,TRUE
1.265,-0.0036,-0.348067806268089,0.293793228936692,26.384221181771,TRUE
1.27,-0.0036,-0.33427491127652,0.308182442127601,27.6190515846881,TRUE
1.275,-0.0036,-0.320511552027443,0.32246583750907,28.8446672733333,TRUE
1.28,-0.0036,-0.306782471209503,0.336639618533288,30.0607444954077,TRUE
1.285,-0.0036,-0.29309230157119,0.350700160448551,31.2669743434079,TRUE
1.29,-0.0036,-0.279445560093278,0.36464401271953,32.4630629557968,TRUE
1.295,-0.0036,-0.265846642652384,0.378467900886355,33.6487316699279,TRUE
1.3,-0.0036,-0.252299819180837,0.392168727874435,34.8237171277782,TRUE
1.305,-0.0036,-0.238809229325027,0.405743574769497,35.987771335761,TRUE
1.31,-0.0036,-0.225378878601551,0.419189701074714,37.1406616800969,TRUE
1.315,-0.0036,-0.212012635047804,0.432504544468837,38.2821708993918,TRUE
1.32,-0.0036,-0.198714226361032,0.445685720086192,39.4120970162398,TRUE
1.325,-0.0036,-0.185487237517573,0.458731019340957,40.5302532297986,TRUE
1.33,-0.0036,-0.172335108861728,0.471638408319575,41.6364677714073,TRUE
1.335,-0.0036,-0.159261134651766,0.484406025766256,42.7305837254088,TRUE
1.34,-0.0036,-0.146268462048712,0.497032180687439,43.8124588174184,TRUE
1.345,-0.0036,-0.133360090532022,0.509515349601738,44.8819651723298,TRUE
1.35,-0.0036,-0.120538871724757,0.521854173462384,45.9389890443949,TRUE
1.355,-0.0036,-0.107807509609797,0.534047454279344,46.9834305217218,TRUE
1.36,-0.0036,-0.0951685611174962,0.546094151468418,48.0152032075482,TRUE
1.365,-0.0036,-0.0826244370644912,0.557993377954388,49.034233880623,TRUE
1.37,-0.0036,-0.0701774034226847,0.56974439605505,50.0404621370072,TRUE
1.375,-0.0036,-0.0578295828970133,0.581346613172426,51.0338400155587,TRUE
1.38,-0.0036,-0.0455829567903167,0.592799577316891,52.0143316093154,TRUE
1.385,-0.0036,-0.0334393671335508,0.604102972489173,52.9819126649202,TRUE
1.39,-0.0036,-0.0214005190595519,0.61525661394437,53.9365701721653,TRUE
1.395,-0.0036,-0.00946798339881501,0.626260443361152,54.8783019456438,TRUE
1.155,-0.0034,-0.604808865100773,0.0132515545744742,2.79422727430396,TRUE
1.16,-0.0034,-0.591419277171994,0.0287281248119855,4.12497397909178,TRUE
1.165,-0.0034,-0.577961094392911,0.0441937797063082,5.45457258658011,TRUE
1.17,-0.0034,-0.564439552514155,0.059642663062347,6.78252000864188,TRUE
1.175,-0.0034,-0.55085994797003,0.0750689504517778,8.10831612534562,TRUE
1.18,-0.0034,-0.537227627577608,0.0904668601239108,9.43146472080889,TRUE
1.185,-0.0034,-0.523547978127469,0.105830663729088,10.751474402206,TRUE
1.19,-0.0034,-0.509826415912901,0.121154696808683,12.0678594979997,TRUE
1.195,-0.0034,-0.496068376244281,0.136433369007665,13.3801409316332,TRUE
1.2,-0.0034,-0.482279302994995,0.151661173967783,14.6878470671038,TRUE
1.205,-0.0034,-0.468464638224512,0.166832698861931,15.9905145230561,TRUE
1.21,-0.0034,-0.454629811923109,0.181942633532932,17.28768895227,TRUE
1.215,-0.0034,-0.440780231921292,0.196985779202997,18.5789257836783,TRUE
1.22,-0.0034,-0.426921274005271,0.211957056723242,19.8637909243201,TRUE
1.225,-0.0034,-0.413058272277747,0.226851514336013,21.1418614189313,TRUE
1.23,-0.0034,-0.399196509801051,0.241664334926225,22.4127260651683,TRUE
1.235,-0.0034,-0.385341209557112,0.256390842741501,23.6759859827745,TRUE
1.24,-0.0034,-0.371497525756038,0.271026509564508,24.9312551353063,TRUE
1.245,-0.0034,-0.35767053552221,0.285566960324536,26.1781608033554,TRUE
1.25,-0.0034,-0.343865230983808,0.300007978138991,27.4163440085093,TRUE
1.255,-0.0034,-0.330086511788512,0.314345508779053,28.6454598876072,TRUE
1.26,-0.0034,-0.316339178065044,0.328575664557219,29.8651780171404,TRUE
1.265,-0.0034,-0.302627923846932,0.342694727637879,31.0751826879432,TRUE
1.27,-0.0034,-0.288957330971727,0.356699152775258,32.2751731305925,TRUE
1.275,-0.0034,-0.275331863465699,0.37058556948617,33.4648636922009,TRUE
1.28,-0.0034,-0.261755862420962,0.38435078366791,34.6439839655331,TRUE
1.285,-0.0034,-0.248233541368903,0.39799177867429,35.8122788716047,TRUE
1.29,-0.0034,-0.234768982150924,0.411505715865291,36.9695086971335,TRUE
1.295,-0.0034,-0.221366131284655,0.424889934648079,38.1154490884035,TRUE
1.3,-0.0034,-0.208028796821227,0.438141952029061,39.2498910032701,TRUE
1.305,-0.0034,-0.194760645686663,0.451259461698498,40.3726406231849,TRUE
1.31,-0.0034,-0.181565201498148,0.464240332670657,41.4835192272475,TRUE
1.315,-0.0034,-0.168445842843891,0.477082607503757,42.5823630303935,TRUE
1.32,-0.0034,-0.155405802013269,0.489784500125027,43.6690229879216,TRUE
1.325,-0.0034,-0.142448164162349,0.502344393286953,44.7433645686191,TRUE
1.33,-0.0034,-0.129575866898252,0.514760835681395,45.8052674988007,TRUE
1.335,-0.0034,-0.116791700264614,0.52703253873858,46.854625479596,TRUE
1.34,-0.0034,-0.104098307109195,0.539158373138172,47.8913458798369,TRUE
1.345,-0.0034,-0.0914981838138605,0.551137365059509,48.915349406885,TRUE
1.35,-0.0034,-0.0789936813663416,0.562968692197971,49.9265697577245,TRUE
1.355,-0.0034,-0.0665870067527276,0.574651679573954,50.9249532526014,TRUE
1.36,-0.0034,-0.0542802246491819,0.58618579516051,51.9104584534522,TRUE
1.365,-0.0034,-0.0420752593912608,0.597570645354919,52.8830557692982,TRUE
1.37,-0.0034,-0.0299738971990722,0.608805970318808,53.8427270507166,TRUE
1.375,-0.0034,-0.0179777886366768,0.619891639210445,54.7894651754189,TRUE
1.38,-0.0034,-0.00608845128429501,0.63082764533192,55.7232736268858,TRUE
1.135,-0.0032,-0.613959897659303,0.0045810723215917,2.55886724952579,TRUE
1.14,-0.0032,-0.600619187450029,0.0200515131156495,3.88915295104701,TRUE
1.145,-0.0032,-0.587206853469508,0.0355143413868741,5.21851011526145,TRUE
1.15,-0.0032,-0.573728083665558,0.0509636989501053,6.54643548074684,TRUE
1.155,-0.0032,-0.560188132461865,0.0663937531341343,7.87242828999152,TRUE
1.16,-0.0032,-0.546592310568064,0.0817987077428669,9.19599122934755,TRUE
1.165,-0.0032,-0.532945974655108,0.0971728138560557,10.5166313542322,TRUE
1.17,-0.0032,-0.519254516942337,0.112510380423056,11.8338609955967,TRUE
1.175,-0.0032,-0.505523354742881,0.127805784604654,13.1471986438253,TRUE
1.18,-0.0032,-0.491757920013858,0.143053481819976,14.4561698064002,TRUE
1.185,-0.0032,-0.477963648957234,0.1582480154578,15.7603078358716,TRUE
1.19,-0.0032,-0.46414597171638,0.173384026214093,17.059154724895,TRUE
1.195,-0.0032,-0.450310302212068,0.188456261020492,18.3522618653452,TRUE
1.2,-0.0032,-0.436462028160101,0.203459581531426,19.6391907687818,TRUE
1.205,-0.0032,-0.422606501310937,0.218388972140849,20.9195137458238,TRUE
1.21,-0.0032,-0.408749027949511,0.233239547502918,22.1928145422808,TRUE
1.215,-0.0032,-0.394894859691088,0.248006559534476,23.4586889301969,TRUE
1.22,-0.0032,-0.381049184606403,0.262685403880724,24.716745252268,TRUE
1.225,-0.0032,-0.367217118706555,0.277271625829165,25.9666049184079,TRUE
1.23,-0.0032,-0.353403697815212,0.291760925660429,27.2079028535504,TRUE
1.235,-0.0032,-0.339613869852639,0.306149163428276,28.440287896083,TRUE
1.24,-0.0032,-0.325852487552928,0.320432363164508,29.6634231466118,TRUE
1.245,-0.0032,-0.312124301632658,0.334606716508033,30.8769862670496,TRUE
1.25,-0.0032,-0.298433954426007,0.348668585760559,32.080669730304,TRUE
1.255,-0.0032,-0.284785973998151,0.362614506374625,33.2741810211128,TRUE
1.26,-0.0032,-0.27118476874568,0.376441188882581,34.4572427888242,TRUE
1.265,-0.0032,-0.257634622489658,0.390145520277995,35.6295929531643,TRUE
1.27,-0.0032,-0.24413969006401,0.40372456486349,36.7909847642466,TRUE
1.275,-0.0032,-0.230703993399053,0.417175564581417,37.9411868182826,TRUE
1.28,-0.0032,-0.217331418097271,0.430495938845861,39.0799830306321,TRUE
1.285,-0.0032,-0.204025710495876,0.443683283896405,40.2071725679891,TRUE
1.29,-0.0032,-0.190790475208305,0.456735371695678,41.3225697416394,TRUE
1.295,-0.0032,-0.177629173134574,0.469650148394182,42.4260038638428,TRUE
1.3,-0.0032,-0.164545119928422,0.482425732386986,43.5173190694888,TRUE
1.305,-0.0032,-0.151541484907322,0.495060411987852,44.5963741052509,TRUE
1.31,-0.0032,-0.138621290389803,0.507552642747043,45.6630420885227,TRUE
1.315,-0.0032,-0.125787411443157,0.519901044439526,46.7172102384531,TRUE
1.32,-0.0032,-0.113042576023293,0.532104397750579,47.7587795814216,TRUE
1.325,-0.0032,-0.10038936548757,0.544161640685837,48.7876646332923,TRUE
1.33,-0.0032,-0.0878302154605178,0.556071864732749,49.8037930607783,TRUE
1.335,-0.0032,-0.0753674170317758,0.567834310800074,50.8071053242117,TRUE
1.34,-0.0032,-0.0630031182650518,0.579448364961655,51.7975543039838,TRUE
1.345,-0.0032,-0.0507393259966634,0.590913554030061,52.775104912855,TRUE
1.35,-0.0032,-0.0385779079020077,0.602229540985055,53.7397336962822,TRUE
1.355,-0.0032,-0.0265205948083949,0.61339612028093,54.6914284228277,TRUE
1.36,-0.0032,-0.0145689832327393,0.624413213055938,55.6301876666398,TRUE
1.365,-0.0032,-0.00272453812294651,0.635280862265939,56.5560203839035,TRUE
1.12,-0.003,-0.609683743872078,0.0113814534163402,3.65281948928403,TRUE
1.125,-0.003,-0.596321283139239,0.0268370326490811,4.9816274683739,TRUE
1.13,-0.003,-0.582889376522508,0.0422824427894123,6.30922342236084,TRUE
1.135,-0.003,-0.569393230481472,0.0577118493509593,7.63510642563169,TRUE
1.14,-0.003,-0.555838113536575,0.0731194480826116,8.95877853281632,TRUE
1.145,-0.003,-0.542229346052779,0.0884994758222681,10.2797457083547,TRUE
1.15,-0.003,-0.528572289908592,0.103846221170494,11.5975187394145,TRUE
1.155,-0.003,-0.51487233809683,0.119154034938423,12.9116141282609,TRUE
1.16,-0.003,-0.501134904303417,0.134417340326049,14.2215549603468,TRUE
1.165,-0.003,-0.487365412510298,0.149630642789082,15.5268717445672,TRUE
1.17,-0.003,-0.473569286667753,0.164788539554977,16.8271032223427,TRUE
1.175,-0.003,-0.459751940480432,0.179885728751401,18.1217971424255,TRUE
1.18,-0.003,-0.445918767350016,0.194917018113278,19.4105109985768,TRUE
1.185,-0.003,-0.432075130515742,0.209877333237706,20.6928127275391,TRUE
1.19,-0.003,-0.41822635343209,0.224761725359277,21.9682813650081,TRUE
1.195,-0.003,-0.404377710420666,0.239565378621789,23.236507657611,TRUE
1.2,-0.003,-0.390534417630894,0.25428361682582,24.4970946291976,TRUE
1.205,-0.003,-0.376701624341456,0.268911909635236,25.7496581000661,TRUE
1.21,-0.003,-0.36288440463161,0.283445878229291,26.9938271580483,TRUE
1.215,-0.003,-0.349087749448544,0.297881300390575,28.2292445806974,TRUE
1.22,-0.003,-0.335316559093875,0.312214115022597,29.4555672081178,TRUE
1.225,-0.003,-0.321575636149271,0.326440426094288,30.6724662662809,TRUE
1.23,-0.003,-0.307869678858001,0.340556506012018,31.8796276409522,TRUE
1.235,-0.003,-0.294203274976063,0.354558798423008,33.0767521026374,TRUE
1.24,-0.003,-0.280580896103379,0.368443920457024,34.2635554832096,TRUE
1.245,-0.003,-0.267006892502459,0.382208664416185,35.4397688051326,TRUE
1.25,-0.003,-0.253485488408943,0.395849998925341,36.605138364416,TRUE
1.255,-0.003,-0.240020777835479,0.40936506955802,37.7594257686546,TRUE
1.26,-0.003,-0.226616720867669,0.422751198955132,38.9024079316876,TRUE
1.265,-0.003,-0.213277140448116,0.436005886455675,40.033877026588,TRUE
1.27,-0.003,-0.200005719642176,0.44912680726045,41.1536403988377,TRUE
1.275,-0.003,-0.186805999376681,0.462111811151317,42.2615204416741,TRUE
1.28,-0.003,-0.173681376640787,0.474958920789855,43.3573544356991,TRUE
1.285,-0.003,-0.160635103136161,0.487666329620296,44.4409943549291,TRUE
1.29,-0.003,-0.147670284362023,0.500232399402482,45.5123066415321,TRUE
1.295,-0.003,-0.134789879118942,0.512655657401159,46.571171951542,TRUE
1.3,-0.003,-0.121996699414055,0.524934793258312,47.6174848738739,TRUE
1.305,-0.003,-0.109293410749157,0.537068655575447,48.6511536249702,TRUE
1.31,-0.003,-0.0966825327721909,0.549056248232711,49.6720997214086,TRUE
1.315,-0.003,-0.084166440271943,0.560896726471512,50.6802576327757,TRUE
1.32,-0.003,-0.071747364495119,0.572589392767032,51.6755744170834,TRUE
1.325,-0.003,-0.059427394764635,0.584133692516435,52.6580093409521,TRUE
1.33,-0.003,-0.0472084803776727,0.595529209567999,53.6275334867318,TRUE
1.335,-0.003,-0.035092432762005,0.606775661615628,54.5841293486604,TRUE
1.34,-0.003,-0.0230809278691277,0.617872895482331,55.5277904200848,TRUE
1.345,-0.003,-0.0111755087829612,0.628820882315321,56.4585207736833,TRUE
1.1,-0.0028,-0.618607903649551,0.00272329844991884,3.41612247821959,TRUE
1.105,-0.0028,-0.605299240177942,0.0181672272415406,4.74407475459473,TRUE
1.11,-0.0028,-0.591918193581675,0.033604282433497,6.07103473632697,TRUE
1.115,-0.0028,-0.578469916590825,0.0490286341368263,7.3965017985308,TRUE
1.12,-0.0028,-0.564959629620539,0.0644344764450016,8.71997783120056,TRUE
1.125,-0.0028,-0.551392610685971,0.0798160383161654,10.0409681712987,TRUE
1.13,-0.0028,-0.537774185176841,0.0951675943025035,11.3589825203058,TRUE
1.135,-0.0028,-0.524109715537454,0.110483475080562,12.6735358432918,TRUE
1.14,-0.0028,-0.510404590898293,0.125758077737893,13.9841492457097,TRUE
1.145,-0.0028,-0.496664216705142,0.140985875773297,15.2903508242865,TRUE
1.15,-0.0028,-0.482894004391227,0.156161428770146,16.5916764885803,TRUE
1.155,-0.0028,-0.469099361137033,0.171279391704745,17.8876707499935,TRUE
1.16,-0.0028,-0.455285679761262,0.186334523854475,19.177887475278,TRUE
1.165,-0.0028,-0.441458328784927,0.201321697273385,20.4618906018247,TRUE
1.17,-0.0028,-0.427622642708778,0.216235904806115,21.7392548123097,TRUE
1.175,-0.0028,-0.413783912542192,0.231072267614314,23.0095661665598,TRUE
1.18,-0.0028,-0.399947376619362,0.245826042193167,24.2724226887935,TRUE
1.185,-0.0028,-0.386118211736092,0.260492626859182,25.5274349087077,TRUE
1.19,-0.0028,-0.372301524637788,0.275067567693908,26.7742263551788,TRUE
1.195,-0.0028,-0.358502343886392,0.289546563931886,28.0124340016633,TRUE
1.2,-0.0028,-0.344725612131002,0.303925472784619,29.2417086626834,TRUE
1.205,-0.0028,-0.330976178803873,0.318200313695901,30.4617153410857,TRUE
1.21,-0.0028,-0.31725879326035,0.332367272027177,31.6721335260494,TRUE
1.215,-0.0028,-0.303578098378142,0.346422702174959,32.872657442105,TRUE
1.22,-0.0028,-0.289938624628225,0.360363130125383,34.0629962496867,TRUE
1.225,-0.0028,-0.276344784626522,0.374185255454036,35.2428741980012,TRUE
1.23,-0.0028,-0.262800868172501,0.387885952781912,36.412030731223,TRUE
1.235,-0.0028,-0.249311037777869,0.401462272700963,37.5702205492539,TRUE
1.24,-0.0028,-0.235879324685698,0.414911442185067,38.7172136244754,TRUE
1.245,-0.0028,-0.222509625377611,0.428230864504376,39.8527951761077,TRUE
1.25,-0.0028,-0.209205698564129,0.441418118662905,40.9767656039443,TRUE
1.255,-0.0028,-0.195971162650815,0.45447095838089,42.088940383372,TRUE
1.26,-0.0028,-0.182809493670739,0.46738731064487,43.1891499237018,TRUE
1.265,-0.0028,-0.16972402367164,0.48016527384963,44.2772393919339,TRUE
1.27,-0.0028,-0.156717939544421,0.492803115557118,45.3530685041571,TRUE
1.275,-0.0028,-0.14379428227791,0.505299269898131,46.4165112868404,TRUE
1.28,-0.0028,-0.130955946623393,0.517652334643131,47.4674558103111,TRUE
1.285,-0.0028,-0.118205681151177,0.529861067968803,48.5058038967384,TRUE
1.29,-0.0028,-0.105546088680412,0.541924384947093,49.5314708049403,TRUE
1.295,-0.0028,-0.0929796270624665,0.553841353783379,50.544384894324,TRUE
1.3,-0.0028,-0.0805086102975833,0.565611191830168,51.5444872702412,TRUE
1.305,-0.0028,-0.0681352099639455,0.577233261402291,52.5317314130004,TRUE
1.31,-0.0028,-0.0558614569379893,0.588707065419065,53.5060827927272,TRUE
1.315,-0.0028,-0.0436892433846578,0.60003224289812,54.4675184722007,TRUE
1.32,-0.0028,-0.0316203249961927,0.611208564324908,55.4160266997227,TRUE
1.325,-0.0028,-0.0196563234582563,0.622235926920917,56.3516064939966,TRUE
1.33,-0.0028,-0.00779872912234298,0.633114349832739,57.2742672229068,TRUE
1.085,-0.0026,-0.614135856916473,0.00951026083617065,4.50600264583086,TRUE
1.09,-0.0026,-0.600809563725455,0.0249345780452505,5.83202151674024,TRUE
1.095,-0.0026,-0.587413122266456,0.0403494852618155,7.15676749516944,TRUE
1.1,-0.0026,-0.573951699125704,0.0557491813031605,8.4797427726383,TRUE
1.105,-0.0026,-0.560430524095101,0.0711278936136483,9.80045252289309,TRUE
1.11,-0.0026,-0.546854880075129,0.0864798890254617,11.11840582226,TRUE
1.115,-0.0026,-0.533230092857544,0.101799484347328,12.4331165536167,TRUE
1.12,-0.0026,-0.519561520833495,0.117081056736053,13.7441042901376,TRUE
1.125,-0.0026,-0.505854544672835,0.132319053807341,15.0508951551204,TRUE
1.13,-0.0026,-0.492114557020067,0.147508003444438,16.3530226543855,TRUE
1.135,-0.0026,-0.478346952251787,0.162642523265414,17.6500284779462,TRUE
1.14,-0.0026,-0.464557116339476,0.177717329712521,18.9414632678773,TRUE
1.145,-0.0026,-0.450750416860207,0.192727246729832,20.2268873495576,TRUE
1.15,-0.0026,-0.436932193196248,0.207667213998473,21.5058714237327,TRUE
1.155,-0.0026,-0.423107746962617,0.22253229470189,22.7779972171199,TRUE
1.16,-0.0026,-0.409282332699521,0.237317682797,24.0428580895741,TRUE
1.165,-0.0026,-0.395461148864233,0.252018709770475,25.3000595961294,TRUE
1.17,-0.0026,-0.381649329154361,0.266630850862947,26.5492200025372,TRUE
1.175,-0.0026,-0.367851934191721,0.281149730747462,27.7899707532295,TRUE
1.18,-0.0026,-0.354073943593145,0.295571128652004,29.0219568909356,TRUE
1.185,-0.0026,-0.340320248451538,0.309890982919482,30.2448374274892,TRUE
1.19,-0.0026,-0.326595644247451,0.32410539500191,31.4582856656473,TRUE
1.195,-0.0026,-0.312904824208308,0.338210632888909,32.6619894720348,TRUE
1.2,-0.0026,-0.29925237312931,0.352203133973794,33.8556515015948,TRUE
1.205,-0.0026,-0.28564276166695,0.366079507363606,35.0389893741896,TRUE
1.21,-0.0026,-0.272080341112997,0.379836535642258,36.2117358042325,TRUE
1.215,-0.0026,-0.258569338653843,0.39347117609872,37.3736386844674,TRUE
1.22,-0.0026,-0.245113853117224,0.40698056143454,38.5244611252095,TRUE
1.225,-0.0026,-0.23171785120555,0.420361999967352,39.6639814505592,TRUE
1.23,-0.0026,-0.21838516421247,0.433612975348958,40.7919931532629,TRUE
1.235,-0.0026,-0.20511948521681,0.446731145818418,41.9083048100466,TRUE
1.24,-0.0026,-0.191924366745743,0.459714343012109,43.0127399593754,TRUE
1.245,-0.0026,-0.178803218896878,0.472560570354032,44.1051369436969,TRUE
1.25,-0.0026,-0.165759307907084,0.485268001050736,45.1853487183177,TRUE
1.255,-0.0026,-0.152795755154046,0.497834975716086,46.2532426291263,TRUE
1.26,-0.0026,-0.13991553657506,0.510259999651708,47.308700161425,TRUE
1.265,-0.0026,-0.127121482486169,0.522541739809397,48.3516166621645,TRUE
1.27,-0.0026,-0.114416277783628,0.534679021461971,49.3819010378862,TRUE
1.275,-0.0026,-0.101802462508674,0.546670824609074,50.3994754306749,TRUE
1.28,-0.0026,-0.0892824327558281,0.558516280144297,51.4042748744061,TRUE
1.285,-0.0026,-0.0768584419043415,0.570214665809662,52.3962469335382,TRUE
1.29,-0.0026,-0.0645326021519638,0.581765401963035,53.3753513266577,TRUE
1.295,-0.0026,-0.0523068863299483,0.593168047183477,54.3415595369278,TRUE
1.3,-0.0026,-0.0401831299781061,0.604422293738753,55.294854411523,TRUE
1.305,-0.0026,-0.0281630336587418,0.615527962938475,56.2352297520608,TRUE
1.31,-0.0026,-0.0162481654884419,0.626485000395382,57.1626898979584,TRUE
1.315,-0.0026,-0.00443996386702964,0.637293471216288,58.0772493045498,TRUE
1.065,-0.0024,-0.622826553953781,0.000871414855477797,4.26756190663667,TRUE
1.07,-0.0024,-0.609558795508417,0.0162786457527818,5.59233656980319,TRUE
1.075,-0.0024,-0.596218049726867,0.0316797467543131,6.91605793684276,TRUE
1.08,-0.0024,-0.582809423860416,0.0470689277308783,8.23822896408711,TRUE
1.085,-0.0024,-0.569338093800897,0.0624404209535796,9.55835512513539,TRUE
1.09,-0.0024,-0.555809294133926,0.0777884918616262,10.8759453321804,TRUE
1.095,-0.0024,-0.54222830804692,0.0931074496853388,12.1905128430686,TRUE
1.1,-0.0024,-0.528600457136955,0.108391657878772,13.5015761502151,TRUE
1.105,-0.0024,-0.514931091163812,0.123635544317859,14.8086598476307,TRUE
1.11,-0.0024,-0.501225577793483,0.138833611221793,16.1112954724857,TRUE
1.115,-0.0024,-0.487489292376998,0.153980444757495,17.409022317826,TRUE
1.12,-0.0024,-0.473727607808649,0.169070724289419,18.7013882132752,TRUE
1.125,-0.0024,-0.459945884506613,0.184099231239605,19.98795027079,TRUE
1.13,-0.0024,-0.446149460557536,0.199060857525795,21.2682755927956,TRUE
1.135,-0.0024,-0.432343642064935,0.213950613548483,22.5419419402947,TRUE
1.14,-0.0024,-0.418533693739309,0.228763635701028,23.8085383588325,TRUE
1.145,-0.0024,-0.404724829765611,0.243495193380305,25.0676657604876,TRUE
1.15,-0.0024,-0.390922204981279,0.258140695478805,26.3189374603627,TRUE
1.155,-0.0024,-0.377130906395441,0.272695696342596,27.5619796663488,TRUE
1.16,-0.0024,-0.363355945077042,0.28715590118308,28.796431921242,TRUE
1.165,-0.0024,-0.349602248436836,0.301517170933908,30.0219474965898,TRUE
1.17,-0.0024,-0.335874652925087,0.315775526547933,31.238193737941,TRUE
1.175,-0.0024,-0.322177897163832,0.329927152732351,32.4448523614591,TRUE
1.18,-0.0024,-0.30851661552945,0.343968401123472,33.6416197021355,TRUE
1.185,-0.0024,-0.294895332198169,0.357895792905657,34.8282069141038,TRUE
1.19,-0.0024,-0.281318455664153,0.371706020881868,36.0043401238046,TRUE
1.195,-0.0024,-0.267790273736733,0.38539595100609,37.1697605369858,TRUE
1.2,-0.0024,-0.254314949020504,0.398962623390413,38.3242245007361,TRUE
1.205,-0.0024,-0.24089651487916,0.412403252801947,39.4675035219522,TRUE
1.21,-0.0024,-0.227538871881259,0.425715228666843,40.5993842438104,TRUE
1.215,-0.0024,-0.21424578472359,0.438896114600664,41.719668381981,TRUE
1.22,-0.0024,-0.201020879625411,0.451943647485936,42.8281726224523,TRUE
1.225,-0.0024,-0.187867642184624,0.464855736119263,43.9247284829569,TRUE
1.23,-0.0024,-0.174789415684921,0.477630459451487,45.0091821400817,TRUE
1.235,-0.0024,-0.161789399841081,0.49026606444544,46.0813942242308,TRUE
1.24,-0.0024,-0.148870649967966,0.50276096357654,47.1412395846574,TRUE
1.245,-0.0024,-0.136036076557269,0.515113732002058,48.1886070268314,TRUE
1.25,-0.0024,-0.123288445244849,0.527323104425174,49.2233990244215,TRUE
1.255,-0.0024,-0.110630377150351,0.539387971680131,50.2455314081857,TRUE
1.26,-0.0024,-0.0980643495699898,0.551307377064698,51.2549330340452,TRUE
1.265,-0.0024,-0.0855926970026195,0.563080512445982,52.2515454325984,TRUE
1.27,-0.0024,-0.0732176124887054,0.574706714165217,53.2353224422902,TRUE
1.275,-0.0024,-0.0609411492414492,0.586185458766682,54.2062298284059,TRUE
1.28,-0.0024,-0.0487652225491096,0.597516358575231,55.1642448899935,TRUE
1.285,-0.0024,-0.0366916119275055,0.608699157146167,56.1093560567544,TRUE
1.29,-0.0024,-0.0247219635017712,0.619733724610359,57.0415624778605,TRUE
1.295,-0.0024,-0.0128577925966269,0.630620052936557,57.960873604574,TRUE
1.3,-0.0024,-0.00110048651476126,0.64135825113183,58.8673087684543,TRUE
1.05,-0.0022,-0.618161488898455,0.00764174167432371,5.35213293528266,TRUE
1.055,-0.0022,-0.60488018426499,0.0230247127300814,6.67452839138993,TRUE
1.06,-0.0022,-0.591528180028258,0.0383990410743931,7.99559347561835,TRUE
1.065,-0.0022,-0.578110592724348,0.0537589700912574,9.31483442136468,TRUE
1.07,-0.0022,-0.564632602998866,0.069098770123531,10.6317604362611,TRUE
1.075,-0.0022,-0.551099445662084,0.0844127491060949,11.9458846105095,TRUE
1.08,-0.0022,-0.537516399618993,0.0996952630356665,13.2567248091725,TRUE
1.085,-0.0022,-0.523888777719078,0.114940726232703,14.5638045446403,TRUE
1.09,-0.0022,-0.510221916570706,0.130143621352511,15.8666538256438,TRUE
1.095,-0.0022,-0.496521166364843,0.145298509104556,17.1648099793607,TRUE
1.1,-0.0022,-0.482791880752231,0.16040003764123,18.4578184433634,TRUE
1.105,-0.0022,-0.469039406817267,0.175442951579802,19.7452335243797,TRUE
1.11,-0.0022,-0.455269075190587,0.190422100624016,21.0266191210829,TRUE
1.115,-0.0022,-0.441486190340876,0.205332447754747,22.3015494083856,TRUE
1.12,-0.0022,-0.427696021084554,0.220169076962232,23.5696094809895,TRUE
1.125,-0.0022,-0.413903791349994,0.234927200495641,24.8303959542229,TRUE
1.13,-0.0022,-0.400114671230592,0.249602165609134,26.0835175204984,TRUE
1.135,-0.0022,-0.386333768358515,0.264189460786946,27.3285954600147,TRUE
1.14,-0.0022,-0.372566119628311,0.278684721433531,28.5652641046308,TRUE
1.145,-0.0022,-0.35881668329674,0.29308373501824,29.7931712541367,TRUE
1.15,-0.0022,-0.345090331482258,0.307382445667441,31.0119785444429,TRUE
1.155,-0.0022,-0.331391843084627,0.321576958200356,32.2213617674959,TRUE
1.16,-0.0022,-0.317725897142036,0.335663541608163,33.4210111430102,TRUE
1.165,-0.0022,-0.304097066640118,0.34963863197904,34.6106315423719,TRUE
1.17,-0.0022,-0.29050981278416,0.36349883487486,35.7899426653266,TRUE
1.175,-0.0022,-0.276968479742812,0.377240927168074,36.9586791703029,TRUE
1.18,-0.0022,-0.263477289868718,0.390861858349957,38.1165907594462,TRUE
1.185,-0.0022,-0.250040339398544,0.404358751323888,39.2634422196449,TRUE
1.19,-0.0022,-0.236661594632285,0.417728902699521,40.399013421014,TRUE
1.195,-0.0022,-0.223344888588995,0.43096978260579,41.5230992744738,TRUE
1.2,-0.0022,-0.210093918133754,0.444079034042422,42.6355096502037,TRUE
1.205,-0.0022,-0.196912241568293,0.457054471791262,43.7360692588833,TRUE
1.21,-0.0022,-0.183803276675668,0.469894080909973,44.8246174977354,TRUE
1.215,-0.0022,-0.170770299207363,0.482596014831867,45.9010082634788,TRUE
1.22,-0.0022,-0.157816441799504,0.495158593096405,46.9651097343611,TRUE
1.225,-0.0022,-0.144944693303264,0.507580298735665,48.0168041234962,TRUE
1.23,-0.0022,-0.132157898513216,0.519859775342441,49.0559874057586,TRUE
1.235,-0.0022,-0.119458758276153,0.531995823845957,50.0825690205054,TRUE
1.24,-0.0022,-0.106849829961966,0.543987399021194,51.0964715523905,TRUE
1.245,-0.0022,-0.0943335282773005,0.555833605757758,52.0976303925234,TRUE
1.25,-0.0022,-0.081912126402157,0.567533695113898,53.0859933821922,TRUE
1.255,-0.0022,-0.0695877574290444,0.579087060180909,54.0615204413289,TRUE
1.26,-0.0022,-0.0573624160841003,0.590493231782552,55.0241831838407,TRUE
1.265,-0.0022,-0.045237960709361,0.601751874033464,55.9739645218676,TRUE
1.27,-0.0022,-0.0332161154854062,0.612862779779759,56.9108582609546,TRUE
1.275,-0.0022,-0.0212984728737153,0.623825865944128,57.8348686880444,TRUE
1.28,-0.0022,-0.00948649625831474,0.634641168796792,58.7460101541145,TRUE
1.035,-0.002,-0.613395305016151,0.0143896116396962,6.43233448559142,TRUE
1.04,-0.002,-0.600103629603571,0.0297447909807165,7.75199434196465,TRUE
1.045,-0.002,-0.586743571139965,0.0450888451456986,9.07005042923731,TRUE
1.05,-0.002,-0.573320250930153,0.0604160556187728,10.3860127066926,TRUE
1.055,-0.002,-0.559838849838489,0.0757207352871446,11.6993945525813,TRUE
1.06,-0.002,-0.546304598362723,0.0909972389242091,13.009713657994,TRUE
1.065,-0.002,-0.532722766602739,0.106239973491559,14.3164929029936,TRUE
1.07,-0.002,-0.519098654168574,0.121443408216518,15.6192612113397,TRUE
1.075,-0.002,-0.505437580072115,0.136602084403533,16.9175543802915,TRUE
1.08,-0.002,-0.491744872646454,0.151710624939839,18.2109158821688,TRUE
1.085,-0.002,-0.478025859536263,0.166763743458075,19.4988976345544,TRUE
1.09,-0.002,-0.464285857801463,0.181756253121114,20.7810607362554,TRUE
1.095,-0.002,-0.450530164175154,0.196683074997183,22.0569761663884,TRUE
1.1,-0.002,-0.436764045515154,0.211539245996275,23.3262254442167,TRUE
1.105,-0.002,-0.422992729486591,0.226319926342043,24.5884012476451,TRUE
1.11,-0.002,-0.409221395510863,0.241020406556596,25.843107988564,TRUE
1.115,-0.002,-0.395455166013937,0.255636113938968,27.0899623435244,TRUE
1.12,-0.002,-0.381699098004397,0.270162618521458,28.3285937385255,TRUE
1.125,-0.002,-0.367958175009004,0.284595638491406,29.5586447869883,TRUE
1.13,-0.002,-0.354237299390647,0.298931045069453,30.7797716802847,TRUE
1.135,-0.002,-0.340541285070714,0.313164866838618,31.9916445304815,TRUE
1.14,-0.002,-0.326874850674881,0.327293293521867,33.1939476652373,TRUE
1.145,-0.002,-0.313242613118346,0.341312679209001,34.386379875064,TRUE
1.15,-0.002,-0.29964908164349,0.355219545036764,35.5686546134229,TRUE
1.155,-0.002,-0.286098652319984,0.369010581328945,36.7405001503708,TRUE
1.16,-0.002,-0.272595603014388,0.382682649206021,37.901659680702,TRUE
1.165,-0.002,-0.259144088833466,0.396232781676391,39.0518913877453,TRUE
1.17,-0.002,-0.245748138042644,0.409658184223614,40.190968464168,TRUE
1.175,-0.002,-0.232411648458396,0.422956234906189,41.3186790913194,TRUE
1.18,-0.002,-0.219138384310857,0.436124483988314,42.4348263787976,TRUE
1.185,-0.002,-0.205931973570558,0.449160653121758,43.5392282660662,TRUE
1.19,-0.002,-0.192795905731027,0.462062634100414,44.6317173880591,TRUE
1.195,-0.002,-0.179733530036938,0.474828487210354,45.7121409068145,TRUE
1.2,-0.002,-0.166748054145679,0.487456439199176,46.7803603112521,TRUE
1.205,-0.002,-0.15384254320852,0.499944880889267,47.8362511872715,TRUE
1.21,-0.002,-0.14101991935613,0.512292364460105,48.879702960387,TRUE
1.215,-0.002,-0.128282961571868,0.524497600425185,49.9106186131407,TRUE
1.22,-0.002,-0.115634305935234,0.536559454329232,50.9289143795406,TRUE
1.225,-0.002,-0.103076446216881,0.548476943191443,51.9345194187647,TRUE
1.23,-0.002,-0.0906117348059575,0.560249231720267,52.927375470348,TRUE
1.235,-0.002,-0.0782423839498841,0.571875628324938,53.9074364930353,TRUE
1.24,-0.002,-0.065970467286362,0.583355580948493,54.8746682894344,TRUE
1.245,-0.002,-0.0537979216471152,0.594688672746402,55.8290481185484,TRUE
1.25,-0.002,-0.0417265491128135,0.605874617634246,56.770564298197,TRUE
1.255,-0.002,-0.0297580192986303,0.616913255727052,57.6992157992633,TRUE
1.26,-0.002,-0.0178938718500997,0.627804548692009,58.6150118336192,TRUE
1.265,-0.002,-0.00613551912918189,0.638548575035327,59.5179714374968,TRUE
1.015,-0.0018,-0.621759494108523,0.00577959104072236,6.18963172171684,TRUE
1.02,-0.0018,-0.608531730130357,0.0211113758916345,7.50759006492726,TRUE
1.025,-0.0018,-0.595232867096739,0.0364352888521829,8.82416423120962,TRUE
1.03,-0.0018,-0.581867961817102,0.0517456286986194,10.1388653824797,TRUE
1.035,-0.0018,-0.568442135868363,0.0670367194548176,11.4512076371477,TRUE
1.04,-0.0018,-0.554960565833138,0.0823029208650395,12.7607089637871,TRUE
1.045,-0.0018,-0.541428473408818,0.0975386387124348,14.0668920591602,TRUE
1.05,-0.0018,-0.527851115431232,0.112738334939592,15.3692852069003,TRUE
1.055,-0.0018,-0.51423377385679,0.127896537529003,16.6674231132974,TRUE
1.06,-0.0018,-0.500581745746844,0.14300785010314,17.9608477168031,TRUE
1.065,-0.0018,-0.486900333297504,0.158066961205944,19.2491089680662,TRUE
1.07,-0.0018,-0.473194833957322,0.17306865322996,20.5317655775271,TRUE
1.075,-0.0018,-0.459470530674129,0.188007810955922,21.8083857278347,TRUE
1.08,-0.0018,-0.445732682310841,0.202879429674494,23.0785477486036,TRUE
1.085,-0.0018,-0.431986514268386,0.217678622862805,24.3418407512935,TRUE
1.09,-0.0018,-0.418237209351882,0.232400629391623,25.597865222272,TRUE
1.095,-0.0018,-0.40448989891404,0.247040820242245,26.846233572407,TRUE
1.1,-0.0018,-0.390749654307363,0.26159470471549,28.0865706418249,TRUE
1.105,-0.0018,-0.377021478674111,0.276057936118589,29.3185141587619,TRUE
1.11,-0.0018,-0.363310299100338,0.290426316919098,30.5417151517318,TRUE
1.115,-0.0018,-0.349620959157461,0.304695803358321,31.7558383145143,TRUE
1.12,-0.0018,-0.335958211851898,0.318862509520035,32.9605623237589,TRUE
1.125,-0.0018,-0.32232671300041,0.332922710853465,34.1555801092643,TRUE
1.13,-0.0018,-0.308731015045749,0.346872847152598,35.3405990772621,TRUE
1.135,-0.0018,-0.295175561324299,0.360709524996841,36.5153412872806,TRUE
1.14,-0.0018,-0.281664680794423,0.374429519660843,37.6795435834013,TRUE
1.145,-0.0018,-0.2682025832314,0.388029776503906,38.8329576809399,TRUE
1.15,-0.0018,-0.254793354891989,0.401507411851866,39.9753502097862,TRUE
1.155,-0.0018,-0.241440954649059,0.414859713386503,41.1065027158212,TRUE
1.16,-0.0018,-0.228149210594058,0.428084140059626,42.2262116219977,TRUE
1.165,-0.0018,-0.214921817102778,0.441178321550675,43.3342881508126,TRUE
1.17,-0.0018,-0.201762332357533,0.454140057288357,44.4305582100301,TRUE
1.175,-0.0018,-0.188674176316788,0.466967315058094,45.5148622436201,TRUE
1.18,-0.0018,-0.175660629121374,0.479658229218229,46.5870550499632,TRUE
1.185,-0.0018,-0.162724829924621,0.492211098548845,47.6470055694456,TRUE
1.19,-0.0018,-0.149869776132234,0.504624383757703,48.6945966436145,TRUE
1.195,-0.0018,-0.13709832303632,0.516896704668345,49.7297247481,TRUE
1.2,-0.0018,-0.124413183826794,0.529026837115646,50.7522997015248,TRUE
1.205,-0.0018,-0.111816929962383,0.541013709574258,51.7622443526247,TRUE
1.21,-0.0018,-0.099311991882615,0.552856399545251,52.7594942477862,TRUE
1.215,-0.0018,-0.086900660041512,0.564554129726104,53.743997281184,TRUE
1.22,-0.0018,-0.0745850862432436,0.576106263988754,54.7157133296575,TRUE
1.225,-0.0018,-0.0623672852596206,0.58751230318994,55.6746138744172,TRUE
1.23,-0.0018,-0.0502491367091841,0.598771880837428,56.6206816116079,TRUE
1.235,-0.0018,-0.0382323871775457,0.609884758634977,57.5539100536899,TRUE
1.24,-0.0018,-0.0263186525587675,0.620850821928056,58.4743031235187,TRUE
1.245,-0.0018,-0.0145094205977537,0.63167007507145,59.3818747429232,TRUE
1.25,-0.0018,-0.00280605361395619,0.642342636738867,60.2766484174909,TRUE
1,-0.0016,-0.616808742901648,0.0125039081061368,7.2625391201822,TRUE
1.005,-0.0016,-0.603574615257244,0.0278034673258744,8.577337466206,TRUE
1.01,-0.0016,-0.59027174865199,0.0430927027588598,9.89048284816399,TRUE
1.015,-0.0016,-0.576905200282212,0.0583659556592026,11.2014905713092,TRUE
1.02,-0.0016,-0.563480087537284,0.0736175968685908,12.5098793293627,TRUE
1.025,-0.0016,-0.550001578269374,0.0888420371278943,13.8151720826689,TRUE
1.03,-0.0016,-0.536474880953873,0.104033737217402,15.1168969190845,TRUE
1.035,-0.0016,-0.522905234783728,0.119187217883248,16.414587894019,TRUE
1.04,-0.0016,-0.509297899741009,0.134297069509167,17.7077858461917,TRUE
1.045,-0.0016,-0.495658146688678,0.14935796149469,18.9960391858583,TRUE
1.05,-0.0016,-0.481991247524941,0.164364651303075,20.2789046524543,TRUE
1.055,-0.0016,-0.468302465441606,0.179311993144735,21.5559480388324,TRUE
1.06,-0.0016,-0.454597045326612,0.194194946264601,22.826744879506,TRUE
1.065,-0.0016,-0.440880204349385,0.209008582804716,24.0908811005696,TRUE
1.07,-0.0016,-0.427157122765866,0.223748095216402,25.3479536292351,TRUE
1.075,-0.0016,-0.413432934978036,0.238408803199436,26.5975709611962,TRUE
1.08,-0.0016,-0.399712720880488,0.252986160148996,27.8393536843244,TRUE
1.085,-0.0016,-0.386001497524212,0.267475759094337,29.072934957478,TRUE
1.09,-0.0016,-0.372304211125107,0.281873338116563,30.2979609435029,TRUE
1.095,-0.0016,-0.358625729442075,0.296174785236104,31.5140911957829,TRUE
1.1,-0.0016,-0.344970834546689,0.310376142763845,32.7209989979841,TRUE
1.105,-0.0016,-0.33134421600358,0.324473611113002,33.9183716569079,TRUE
1.11,-0.0016,-0.317750464477738,0.338463552071995,35.1059107486362,TRUE
1.115,-0.0016,-0.30419406578203,0.352342491541527,36.2833323184025,TRUE
1.12,-0.0016,-0.290679395375263,0.366107121741955,37.4503670348675,TRUE
1.125,-0.0016,-0.277210713318348,0.379754302899703,38.6067602996959,TRUE
1.13,-0.0016,-0.263792159693216,0.39328106442398,39.7522723135502,TRUE
1.135,-0.0016,-0.250427750486517,0.406684605587387,40.8866780997999,TRUE
1.14,-0.0016,-0.237121373937486,0.419962295726101,42.0097674874241,TRUE
1.145,-0.0016,-0.223876787346895,0.433111673977229,43.1213450547387,TRUE
1.15,-0.0016,-0.210697614341704,0.446130448572592,44.2212300357149,TRUE
1.155,-0.0016,-0.197587342587843,0.459016495709679,45.3092561907725,TRUE
1.16,-0.0016,-0.184549321941518,0.471767858021739,46.3852716440301,TRUE
1.165,-0.0016,-0.171586763027666,0.484382742670009,47.4491386890706,TRUE
1.17,-0.0016,-0.158702736232473,0.496859519081877,48.5007335653431,TRUE
1.175,-0.0016,-0.145900171095415,0.509196716359401,49.5399462073634,TRUE
1.18,-0.0016,-0.133181856085007,0.521393020382986,50.5666799689008,TRUE
1.185,-0.0016,-0.120550438741312,0.533447270635255,51.5808513243491,TRUE
1.19,-0.0016,-0.108008426167349,0.545358456770179,52.5823895494729,TRUE
1.195,-0.0016,-0.095558185850778,0.557125714952411,53.5712363837029,TRUE
1.2,-0.0016,-0.0832019467966557,0.568748323991463,54.5473456761173,TRUE
1.205,-0.0016,-0.070941800951618,0.580225701294985,55.5106830172092,TRUE
1.21,-0.0016,-0.0587797048996031,0.591557398664807,56.4612253584761,TRUE
1.215,-0.0016,-0.046717481809055,0.602743097958789,57.3989606218133,TRUE
1.22,-0.0016,-0.0347568236116033,0.61378260664072,58.3238873006141,TRUE
1.225,-0.0016,-0.0228992933922973,0.624675853239699,59.2360140544045,TRUE
1.23,-0.0016,-0.0111463279717586,0.635422882739488,60.1353592987553,TRUE
0.98,-0.0014,-0.624931239493147,0.00392739950648879,7.01699947191334,TRUE
0.985,-0.0014,-0.611765254121854,0.0191984554353479,8.32973182606745,TRUE
0.99,-0.0014,-0.598527921423462,0.0344624092950282,9.64103011419344,TRUE
0.995,-0.0014,-0.58522422938783,0.04971362554638,10.9504112678607,TRUE
1,-0.0014,-0.571859231183172,0.0649464921605482,12.2573951479954,TRUE
1.005,-0.0014,-0.558438035605672,0.0801554309006653,13.5615054214241,TRUE
1.01,-0.0014,-0.544965797396756,0.0953349074586803,14.86227042223,TRUE
1.015,-0.0014,-0.531447707470481,0.110479441404707,16.1592239943188,TRUE
1.02,-0.0014,-0.517888983093759,0.125583615907655,17.4519063117267,TRUE
1.025,-0.0014,-0.504294858061985,0.140642087187723,18.7398646733712,TRUE
1.03,-0.0014,-0.490670572912256,0.155649593663254,20.022654269128,TRUE
1.035,-0.0014,-0.47702136521556,0.170600964756832,21.2998389143317,TRUE
1.04,-0.0014,-0.463352459988327,0.185491129327935,22.5709917500198,TRUE
1.045,-0.0014,-0.449669060262314,0.200315123702211,23.8356959064893,TRUE
1.05,-0.0014,-0.435976337850252,0.215068099270318,25.093545127987,TRUE
1.055,-0.0014,-0.422279424342765,0.229745329632305,26.3441443566267,TRUE
1.06,-0.0014,-0.408583402370003,0.244342217266638,27.5871102739025,TRUE
1.065,-0.0014,-0.39489329715915,0.258854299706193,28.8220717984451,TRUE
1.07,-0.0014,-0.381214068416488,0.273277255206807,30.0486705389575,TRUE
1.075,-0.0014,-0.367550602560111,0.287606907897202,31.2665612015428,TRUE
1.08,-0.0014,-0.353907705326659,0.301839232402411,32.4754119509233,TRUE
1.085,-0.0014,-0.340290094772656,0.315970357935958,33.6749047253184,TRUE
1.09,-0.0014,-0.326702394688163,0.329996571859225,34.8647355050213,TRUE
1.095,-0.0014,-0.313149128437584,0.343914322709404,36.0446145349637,TRUE
1.1,-0.0014,-0.299634713239609,0.357720222700363,37.2142665018089,TRUE
1.105,-0.0014,-0.286163454895381,0.371411049703465,38.3734306663389,TRUE
1.11,-0.0014,-0.27273954297122,0.384983748717959,39.5218609521189,TRUE
1.115,-0.0014,-0.259367046439514,0.398435432842974,40.6593259916196,TRUE
1.12,-0.0014,-0.246049909778705,0.411763383765325,41.7856091311617,TRUE
1.125,-0.0014,-0.232791949530893,0.424965051779336,42.9005083962072,TRUE
1.13,-0.0014,-0.21959685131309,0.438038055356687,44.0038364186677,TRUE
1.135,-0.0014,-0.206468167276011,0.450980180285851,45.0954203280266,TRUE
1.14,-0.0014,-0.193409314002169,0.46378937840204,46.1751016081778,TRUE
1.145,-0.0014,-0.18042357083313,0.476463765929719,47.2427359219714,TRUE
1.15,-0.0014,-0.167514078614075,0.489001621460685,48.2981929055276,TRUE
1.155,-0.0014,-0.154683838842224,0.501401383591407,49.3413559344301,TRUE
1.16,-0.0014,-0.141935713204308,0.513661648243865,50.3721218639484,TRUE
1.165,-0.0014,-0.12927242348708,0.525781165694437,51.3904007454516,TRUE
1.17,-0.0014,-0.116696551843807,0.537758837335534,52.3961155211849,TRUE
1.175,-0.0014,-0.10421054139885,0.549593712194664,53.3892016995648,TRUE
1.18,-0.0014,-0.0918166971717754,0.561284983235414,54.3696070131244,TRUE
1.185,-0.0014,-0.0795171873018565,0.572831983464531,55.3372910612082,TRUE
1.19,-0.0014,-0.0673140445535473,0.584234181868769,56.2922249394593,TRUE
1.195,-0.0014,-0.0552091680832169,0.595491179204666,57.2343908580934,TRUE
1.2,-0.0014,-0.0432043254474056,0.606602703663655,58.1637817508816,TRUE
1.205,-0.0014,-0.03130115483288,0.617568606434184,59.0804008766932,TRUE
1.21,-0.0014,-0.0195011674889589,0.628388857181617,59.9842614153683,TRUE
1.215,-0.0014,-0.00780575034282721,0.639063539465814,60.8753860596064,TRUE
0.965,-0.0012,-0.619801531621426,0.0106252228768973,8.08150856025991,TRUE
0.97,-0.0012,-0.606633093405985,0.0258597836067064,9.39067230259653,TRUE
0.975,-0.0012,-0.593395706236558,0.0410848237261327,10.6981383140065,TRUE
0.98,-0.0012,-0.580094354300657,0.0562947542475063,12.0034280573187,TRUE
0.985,-0.0012,-0.566734082379364,0.0714840139227333,13.3060663429716,TRUE
0.99,-0.0012,-0.553319986340404,0.0866470793540053,14.6055821891182,TRUE
0.995,-0.0012,-0.539857203518413,0.101778474943267,15.9015096650015,TRUE
1,-0.0012,-0.526350903024389,0.116872782639021,17.1933887141104,TRUE
1.005,-0.0012,-0.51280627602634,0.131924651440612,18.4807659537779,TRUE
1.01,-0.0012,-0.499228526042945,0.146928806621948,19.763195448053,TRUE
1.015,-0.0012,-0.485622859291446,0.161880058638714,21.0402394508755,TRUE
1.02,-0.0012,-0.471994475130186,0.176773311685476,22.3114691167923,TRUE
1.025,-0.0012,-0.458348556634968,0.191603571871618,23.5764651766906,TRUE
1.03,-0.0012,-0.444690261347064,0.206365954987804,24.8348185762648,TRUE
1.035,-0.0012,-0.431024712228934,0.221055693837548,26.0861310751946,TRUE
1.04,-0.0012,-0.417356988861855,0.235668145111512,27.3300158052801,TRUE
1.045,-0.0012,-0.403692118917461,0.250198795785241,28.566097786052,TRUE
1.05,-0.0012,-0.390035069932941,0.264643269024247,29.7940143966531,TRUE
1.055,-0.0012,-0.376390741417109,0.278997329583553,31.0134158030674,TRUE
1.06,-0.0012,-0.362763957311989,0.293256888692001,32.22396534005,TRUE
1.065,-0.0012,-0.349159458831838,0.307418008414815,33.4253398473822,TRUE
1.07,-0.0012,-0.335581897698765,0.32147690549102,34.6172299603464,TRUE
1.075,-0.0012,-0.322035829791291,0.335429954645322,35.7993403545686,TRUE
1.08,-0.0012,-0.308525709219331,0.349273691377022,36.9713899456273,TRUE
1.085,-0.0012,-0.295055882836315,0.363004814231244,38.1331120440589,TRUE
1.09,-0.0012,-0.281630585196336,0.376620186560461,39.284254466613,TRUE
1.095,-0.0012,-0.268253933961504,0.390116837786705,40.4245796048121,TRUE
1.1,-0.0012,-0.254929925762067,0.403491964177175,41.5538644520604,TRUE
1.105,-0.0012,-0.241662432509292,0.416742929147995,42.671900590719,TRUE
1.11,-0.0012,-0.228455198158699,0.429867263112793,43.7784941407129,TRUE
1.115,-0.0012,-0.215311835918965,0.442862662894418,44.8734656713722,TRUE
1.12,-0.0012,-0.202235825899646,0.455726990719608,45.9566500783283,TRUE
1.125,-0.0012,-0.189230513188924,0.468458272817622,47.0278964273763,TRUE
1.13,-0.0012,-0.176299106350747,0.481054697644946,48.0870677673005,TRUE
1.135,-0.0012,-0.163444676329088,0.493514613758975,49.1340409137172,TRUE
1.14,-0.0012,-0.150670155745593,0.505836527364232,50.1687062060344,TRUE
1.145,-0.0012,-0.137978338575578,0.518019099555097,51.1909672396547,TRUE
1.15,-0.0012,-0.125371880186215,0.530061143279321,52.2007405755604,TRUE
1.155,-0.0012,-0.112853297719829,0.541961620046625,53.1979554294145,TRUE
1.16,-0.0012,-0.10042497080441,0.55371963640665,54.1825533422998,TRUE
1.165,-0.0012,-0.0880891425728565,0.565334440220257,55.1544878351808,TRUE
1.17,-0.0012,-0.075847920972017,0.576805416747836,56.1137240491419,TRUE
1.175,-0.0012,-0.0637032803422549,0.588132084577759,57.0602383733956,TRUE
1.18,-0.0012,-0.0516570632481487,0.599314091417509,57.9940180630012,TRUE
1.185,-0.0012,-0.0397109825408491,0.610351209769337,58.9150608481607,TRUE
1.19,-0.0012,-0.0278666236327576,0.621243332511447,59.8233745368877,TRUE
1.195,-0.0012,-0.016125446965352,0.631990468404908,60.7189766127621,TRUE
1.2,-0.0012,-0.00448879065130958,0.64259273754551,61.6018938293982,TRUE
0.945,-0.001,-0.627680509078092,0.00208862103148152,7.83282799215336,TRUE
0.95,-0.001,-0.61458418583794,0.0172897512371409,9.13957414148135,TRUE
0.955,-0.001,-0.601416416002504,0.0324845438253996,10.4448404460407,TRUE
0.96,-0.001,-0.588182110303229,0.047667438616797,11.7481503962281,TRUE
0.965,-0.001,-0.574886244816068,0.0628328971952618,13.0490303757322,TRUE
0.97,-0.001,-0.561533851648038,0.0779754129705329,14.3470105187028,TRUE
0.975,-0.001,-0.548130009489064,0.0930895211053504,15.6416255522423,TRUE
0.98,-0.001,-0.534679834070209,0.10816980826595,16.9324156207175,TRUE
0.985,-0.001,-0.521188468569604,0.123210922155766,18.2189270885289,TRUE
0.99,-0.001,-0.507661074007387,0.138207580793867,19.5007133181289,TRUE
0.995,-0.001,-0.494102819670554,0.15315458150155,20.777335420259,TRUE
1,-0.001,-0.480518873607983,0.168046809562702,22.0483629735785,TRUE
1.005,-0.001,-0.466914393234895,0.182879246525893,23.3133747110732,TRUE
1.01,-0.001,-0.45329451608478,0.197646978118775,24.5719591708682,TRUE
1.015,-0.001,-0.439664350745306,0.212345201748115,25.823715309317,TRUE
1.02,-0.001,-0.42602896801296,0.226969233561663,27.0682530744938,TRUE
1.025,-0.001,-0.412393392299196,0.241514515051109,28.3051939384873,TRUE
1.03,-0.001,-0.398762593318714,0.255976619178409,29.5341713871588,TRUE
1.035,-0.001,-0.385141478088113,0.270351256010962,30.7548313663086,TRUE
1.04,-0.001,-0.371534883260711,0.284634277854197,31.9668326834603,TRUE
1.045,-0.001,-0.357947567820721,0.298821683873324,33.1698473647499,TRUE
1.05,-0.001,-0.344384206157271,0.312909624199047,34.363560966668,TRUE
1.055,-0.001,-0.330849381536033,0.326894403515107,35.5476728426632,TRUE
1.06,-0.001,-0.31734757998344,0.3407724841284,36.7218963648639,TRUE
1.065,-0.001,-0.303883184595708,0.354540488525276,37.8859591014114,TRUE
1.07,-0.001,-0.290460470282107,0.368195201420261,39.0396029501241,TRUE
1.075,-0.001,-0.277083598949238,0.381733571305975,40.1825842294189,TRUE
1.08,-0.001,-0.263756615130398,0.395152711515386,41.3146737276144,TRUE
1.085,-0.001,-0.250483442061605,0.408449900809658,42.4356567119141,TRUE
1.09,-0.001,-0.237267878203366,0.421622583506866,43.5453328985307,TRUE
1.095,-0.001,-0.224113594204975,0.4346683691686,44.6435163855545,TRUE
1.1,-0.001,-0.211024130305931,0.447585031863037,45.7300355502911,TRUE
1.105,-0.001,-0.198002894167012,0.460370509024444,46.804732912904,TRUE
1.11,-0.001,-0.185053159121679,0.473022899930191,47.8674649682804,TRUE
1.115,-0.001,-0.172178062836756,0.485540463817323,48.9181019881126,TRUE
1.12,-0.001,-0.15938060636976,0.49792161766149,49.9565277952413,TRUE
1.125,-0.001,-0.146663653608919,0.510164933641555,50.9826395123368,TRUE
1.13,-0.001,-0.134029931080659,0.522269136313593,51.9963472870247,TRUE
1.135,-0.001,-0.12148202810834,0.534233099518178,52.9975739955592,TRUE
1.14,-0.001,-0.109022397305125,0.546055843044871,53.9862549271433,TRUE
1.145,-0.001,-0.0966533553831959,0.557736529077682,54.9623374509745,TRUE
1.15,-0.001,-0.0843770842609304,0.569274458445023,55.9257806680564,TRUE
1.155,-0.001,-0.0721956324493172,0.580669066697225,56.8765550497779,TRUE
1.16,-0.001,-0.060110916698581,0.59191992003422,57.8146420652045,TRUE
1.165,-0.001,-0.0481247238859175,0.603026711105287,58.7400337989642,TRUE
1.17,-0.001,-0.0362387131252144,0.613989254702096,59.6527325615413,TRUE
1.175,-0.001,-0.0244544180797717,0.624807483365443,60.5527504937162,TRUE
1.18,-0.001,-0.0127732494592827,0.635481442925213,61.440109166804,TRUE
1.185,-0.001,-0.00119649768262854,0.646011287992175,62.3148391802659,TRUE
0.93,-0.000800000000000001,-0.622378430996675,0.00875711522512083,8.88789947170473,TRUE
0.935,-0.000800000000000001,-0.609283449776049,0.0239176653089424,10.1906860335534,TRUE
0.94,-0.000800000000000001,-0.59611945298519,0.0390694951561721,11.4917346685499,TRUE
0.945,-0.000800000000000001,-0.582891343589055,0.0542070948789142,12.7905737541401,TRUE
0.95,-0.000800000000000001,-0.569604085316373,0.0693249804658136,14.0867349647934,TRUE
0.955,-0.000800000000000001,-0.556262693400509,0.0844177036651135,15.3797541119482,TRUE
0.96,-0.000800000000000001,-0.542872225204895,0.0994798617167647,16.6691719678114,TRUE
0.965,-0.000800000000000001,-0.529437770773496,0.114506106893414,17.9545350696341,TRUE
0.97,-0.000800000000000001,-0.515964443346981,0.129491155811509,19.2353965012258,TRUE
0.975,-0.000800000000000001,-0.50245736988503,0.144429798475492,20.5113166486342,TRUE
0.98,-0.000800000000000001,-0.488921681634741,0.15931690702003,21.7818639271028,TRUE
0.985,-0.000800000000000001,-0.475362504784333,0.17414744411743,23.0466154766246,TRUE
0.99,-0.000800000000000001,-0.461784951240243,0.188916471019825,24.3051578236292,TRUE
0.995,-0.000800000000000001,-0.448194109564393,0.203619155208317,25.5570875065799,TRUE
1,-0.000800000000000001,-0.434595036106846,0.218250777624033,26.8020116635014,TRUE
1.005,-0.000800000000000001,-0.420992746367209,0.232806739458914,28.0395485797194,TRUE
1.01,-0.000800000000000001,-0.407392206616165,0.247282568487075,29.2693281943529,TRUE
1.015,-0.000800000000000001,-0.393798325806288,0.261673924920595,30.4909925643714,TRUE
1.02,-0.000800000000000001,-0.380215947798977,0.275976606776666,31.7041962852932,TRUE
1.025,-0.000800000000000001,-0.366649843931806,0.290186554746151,32.9086068678737,TRUE
1.03,-0.000800000000000001,-0.353104705948074,0.304299856556625,34.1039050703908,TRUE
1.035,-0.000800000000000001,-0.339585139307626,0.318312750825986,35.2897851863961,TRUE
1.04,-0.000800000000000001,-0.326095656895341,0.33222163040567,36.4659552880474,TRUE
1.045,-0.000800000000000001,-0.31264067314096,0.346023045215308,37.63213742538,TRUE
1.05,-0.000800000000000001,-0.299224498561202,0.359713704573381,38.7880677820983,TRUE
1.055,-0.000800000000000001,-0.285851334732442,0.373290479030987,39.9334967886865,TRUE
1.06,-0.000800000000000001,-0.272525269699574,0.386750401718249,41.0681891938364,TRUE
1.065,-0.000800000000000001,-0.259250273824159,0.400090669215099,42.1919240953705,TRUE
1.07,-0.000800000000000001,-0.246030196072433,0.413308641960267,43.3044949320112,TRUE
1.075,-0.000800000000000001,-0.232868760741479,0.426401844214105,44.4057094374919,TRUE
1.08,-0.000800000000000001,-0.219769564619538,0.439367963592597,45.4953895586417,TRUE
1.085,-0.000800000000000001,-0.206736074574435,0.452204850191304,46.573371339188,TRUE
1.09,-0.000800000000000001,-0.193771625562077,0.464910515319303,47.6395047711171,TRUE
1.095,-0.000800000000000001,-0.180879419045246,0.477483129864183,48.6936536155165,TRUE
1.1,-0.000800000000000001,-0.168062521811239,0.489921022310062,49.7356951948783,TRUE
1.105,-0.000800000000000001,-0.155323865175484,0.502222676431209,50.7655201588943,TRUE
1.11,-0.000800000000000001,-0.142666244556941,0.514386728684364,51.7830322257987,TRUE
1.115,-0.000800000000000001,-0.130092319409988,0.52641196532311,52.7881479013302,TRUE
1.12,-0.000800000000000001,-0.117604613496523,0.538297319257822,53.7807961773855,TRUE
1.125,-0.000800000000000001,-0.105205515481223,0.55004186668463,54.7609182124213,TRUE
1.13,-0.000800000000000001,-0.092897279832271,0.561644823506695,55.728466995637,TRUE
1.135,-0.000800000000000001,-0.0806820280093529,0.573105541570769,56.6834069969332,TRUE
1.14,-0.000800000000000001,-0.0685617499204186,0.584423504741543,57.6257138045937,TRUE
1.145,-0.000800000000000001,-0.0565383056284751,0.595598324835776,58.5553737525812,TRUE
1.15,-0.000800000000000001,-0.0446134272896185,0.606629737437511,59.4723835392764,TRUE
1.155,-0.000800000000000001,-0.0327887213035648,0.617517597614959,60.3767498394127,TRUE
1.16,-0.000800000000000001,-0.0210656706580747,0.628261875558835,61.2684889108901,TRUE
1.165,-0.000800000000000001,-0.00944563744896454,0.638862652161014,62.1476261980621,TRUE
0.91,-6e-04,-0.630013373693932,0.000266544236096506,8.63581076884565,TRUE
0.915,-6e-04,-0.616994206788164,0.0153889411390904,9.93584257653459,TRUE
0.92,-6e-04,-0.603903639463832,0.0305057553698441,11.2343530170682,TRUE
0.925,-6e-04,-0.590746497465855,0.0456115110954459,12.5308728714802,TRUE
0.93,-6e-04,-0.577527671810864,0.060700752505617,13.8249357696721,TRUE
0.935,-6e-04,-0.564252109733206,0.0757680536304625,15.1160790261961,TRUE
0.94,-6e-04,-0.550924805494762,0.0908080280326652,16.4038444619051,TRUE
0.945,-6e-04,-0.537550791098087,0.105815338334024,17.687779208093,TRUE
0.95,-6e-04,-0.524135126942765,0.120784705537445,18.9674364898666,TRUE
0.955,-6e-04,-0.510682892464777,0.13571091810706,20.2423763856475,TRUE
0.96,-6e-04,-0.497199176798462,0.150588840770896,21.5121665598665,TRUE
0.965,-6e-04,-0.483689069499976,0.165413423012603,22.7763829661093,TRUE
0.97,-6e-04,-0.470157651370327,0.18017970722095,24.034610518176,TRUE
0.975,-6e-04,-0.456609985414862,0.194882836468298,25.2864437267437,TRUE
0.98,-6e-04,-0.443051107974724,0.20951806189184,26.5314872995578,TRUE
0.985,-6e-04,-0.429486020064096,0.224080749654177,27.7693567033215,TRUE
0.99,-6e-04,-0.415919678945247,0.23856638746266,28.9996786857133,TRUE
0.995,-6e-04,-0.402356989971299,0.25297059062987,30.2220917562169,TRUE
1,-6e-04,-0.388802798724452,0.267289107660613,31.436246624714,TRUE
1.005,-6e-04,-0.375261883475019,0.281517825353833,32.6418065970526,TRUE
1.01,-6e-04,-0.361738947984182,0.295652773410825,33.8384479270625,TRUE
1.015,-6e-04,-0.348238614670779,0.309690128544163,35.0258601247492,TRUE
1.02,-6e-04,-0.334765418159874,0.323626218084606,36.2037462206408,TRUE
1.025,-6e-04,-0.321323799228123,0.337457523086144,37.3718229865098,TRUE
1.03,-6e-04,-0.30791809915837,0.351180680932003,38.5298211129149,TRUE
1.035,-6e-04,-0.29455255451319,0.364792487447087,39.6774853442305,TRUE
1.04,-6e-04,-0.281231292334534,0.378289898524728,40.8145745720318,TRUE
1.045,-6e-04,-0.267958325774031,0.391670031277961,41.9408618878957,TRUE
1.05,-6e-04,-0.254737550156083,0.404930164727607,43.0561345968473,TRUE
1.055,-6e-04,-0.241572739473466,0.41806774004144,44.1601941928429,TRUE
1.06,-6e-04,-0.22846754331292,0.431080360340398,45.2528562978161,TRUE
1.065,-6e-04,-0.215425484206058,0.443965790089416,46.3339505659393,TRUE
1.07,-6e-04,-0.202449955398934,0.456721954091759,47.4033205548564,TRUE
1.075,-6e-04,-0.189544219031769,0.46934693610691,48.4608235657295,TRUE
1.08,-6e-04,-0.176711404718611,0.481838977113057,49.506330454017,TRUE
1.085,-6e-04,-0.163954508515213,0.49419647323593,50.5397254129481,TRUE
1.09,-6e-04,-0.151276392261995,0.506417973366386,51.5609057317038,TRUE
1.095,-6e-04,-0.138679783287786,0.518502176489482,52.5697815303324,TRUE
1.1,-6e-04,-0.126167274458972,0.53044792874807,53.5662754734376,TRUE
1.105,-6e-04,-0.113741324557808,0.542254220263948,54.5503224646716,TRUE
1.11,-6e-04,-0.10140425897292,0.55392018173957,55.521869324048,TRUE
1.115,-6e-04,-0.0891582706844541,0.565445080863069,56.4808744500574,TRUE
1.12,-6e-04,-0.0770054215258905,0.576828318538998,57.4273074685331,TRUE
1.125,-6e-04,-0.0649476437042845,0.588069424966727,58.3611488701564,TRUE
1.13,-6e-04,-0.0529867415605053,0.599168055587851,59.2823896384428,TRUE
1.135,-6e-04,-0.0411243935510376,0.610123986923305,60.1910308699754,TRUE
1.14,-6e-04,-0.0293621544329841,0.620937112320143,61.0870833885861,TRUE
1.145,-6e-04,-0.0177014576341013,0.631607437627083,61.9705673551045,TRUE
1.15,-6e-04,-0.00614361778997089,0.642135076817103,62.8415118742156,TRUE
0.895,-4e-04,-0.624546395096417,0.00690298633628947,9.68047621852197,TRUE
0.9,-4e-04,-0.61153223159071,0.0219809204575947,10.9761767112995,TRUE
0.905,-4e-04,-0.598449125435098,0.0370509275520176,12.2701037440405,TRUE
0.91,-4e-04,-0.585301890896007,0.0521075854617046,13.5617933064713,TRUE
0.915,-4e-04,-0.572095402949311,0.0671454960439943,14.8507846257657,TRUE
0.92,-4e-04,-0.558834588290398,0.0821592948028508,16.1366209844535,TRUE
0.925,-4e-04,-0.54552441622692,0.0971436603797556,17.4188505228129,TRUE
0.93,-4e-04,-0.532169889493148,0.112093323865209,18.6970270224864,TRUE
0.935,-4e-04,-0.518776035025047,0.127003077893345,19.970710668194,TRUE
0.94,-4e-04,-0.505347894735052,0.141867785483749,21.2394687845732,TRUE
0.945,-4e-04,-0.491890516325082,0.15668238859644,22.5028765453542,TRUE
0.95,-4e-04,-0.478408944175656,0.171441916368046,23.760517652269,TRUE
0.955,-4e-04,-0.464908210347983,0.186141492999506,25.0119849813081,TRUE
0.96,-4e-04,-0.45139332573466,0.20077634526808,26.2568811941612,TRUE
0.965,-4e-04,-0.437869271393159,0.21534180963908,27.494819312916,TRUE
0.97,-4e-04,-0.424340990094562,0.229833338955472,28.7254232563317,TRUE
0.975,-4e-04,-0.410813378118126,0.24424650868635,29.9483283362616,TRUE
0.98,-4e-04,-0.397291277320192,0.258577022718158,31.1631817130472,TRUE
0.985,-4e-04,-0.383779467503701,0.272820718675522,32.3696428089714,TRUE
0.99,-4e-04,-0.370282659112267,0.286973572761453,33.5673836791089,TRUE
0.995,-4e-04,-0.356805486270261,0.301031704109684,34.7560893391687,TRUE
1,-4e-04,-0.343352500187877,0.314991378644715,35.9354580501705,TRUE
1.005,-4e-04,-0.329928162947528,0.328849012448031,37.105201560036,TRUE
1.01,-4e-04,-0.316536841685349,0.342601174631632,38.2650453024083,TRUE
1.015,-4e-04,-0.303182803178969,0.356244589722688,39.414728553234,TRUE
1.02,-4e-04,-0.289870208850141,0.369776139565545,40.5540045458443,TRUE
1.025,-4e-04,-0.276603110188266,0.383192864749733,41.6826405454742,TRUE
1.03,-4e-04,-0.263385444598419,0.396491965574723,42.8004178843276,TRUE
1.035,-4e-04,-0.250221031675052,0.409670802564251,43.9071319584672,TRUE
1.04,-4e-04,-0.237113569900301,0.422726896544811,45.0025921879501,TRUE
1.045,-4e-04,-0.224066633763646,0.435657928304583,46.0866219417614,TRUE
1.05,-4e-04,-0.211083671297625,0.448461737850497,47.1590584292119,TRUE
1.055,-4e-04,-0.19816800202242,0.461136323282383,48.2197525595607,TRUE
1.06,-4e-04,-0.185322815290349,0.473679839304246,49.2685687717033,TRUE
1.065,-4e-04,-0.17255116901973,0.486090595393538,50.3053848358277,TRUE
1.07,-4e-04,-0.159855988806106,0.498367053650026,51.3300916289909,TRUE
1.075,-4e-04,-0.147240067397567,0.51050782634632,52.342592886593,TRUE
1.08,-4e-04,-0.134706064519731,0.522511673202509,53.3428049317516,TRUE
1.085,-4e-04,-0.122256507035046,0.534377498407462,54.330656384572,TRUE
1.09,-4e-04,-0.109893789420201,0.546104347409424,55.3060878533078,TRUE
1.095,-4e-04,-0.0976201745448012,0.557691403498366,56.2690516093774,TRUE
1.1,-4e-04,-0.0854377947339783,0.569137984202303,57.2195112481723,TRUE
1.105,-4e-04,-0.0733486530971733,0.580443537519415,58.1574413375483,TRUE
1.11,-4e-04,-0.0613546251051572,0.591607638007291,59.0828270558402,TRUE
1.115,-4e-04,-0.049457460397206,0.602629982750038,59.9956638211782,TRUE
1.12,-4e-04,-0.0376587848003534,0.61351038722333,60.8959569138208,TRUE
1.125,-4e-04,-0.0259601025427879,0.624248781076674,61.7837210931426,TRUE
1.13,-4e-04,-0.0143627986436367,0.63484520385141,62.658980210842,TRUE
1.135,-4e-04,-0.0028681414617175,0.645299800652052,63.5217668218502,TRUE
0.88,-2e-04,-0.619003095869843,0.013499550313357,10.7173756521646,TRUE
0.885,-2e-04,-0.605996947344753,0.0285299920496882,12.0084414899764,TRUE
0.89,-2e-04,-0.592924318985186,0.0435502094558378,13.2974875339385,TRUE
0.895,-2e-04,-0.579790009543315,0.0585548375897531,14.5840553226109,TRUE
0.9,-2e-04,-0.566598873964968,0.073538539362741,15.8676900039206,TRUE
0.905,-2e-04,-0.553355814477599,0.088496014974188,17.1479411342378,TRUE
0.91,-2e-04,-0.540065771579291,0.103422011191739,18.4243634606517,TRUE
0.915,-2e-04,-0.526733714967061,0.118311330439388,19.6965176833068,TRUE
0.92,-2e-04,-0.513364634442743,0.1331588396574,20.963971194809,TRUE
0.925,-2e-04,-0.49996353083448,0.147959478899628,22.2262987938671,TRUE
0.93,-2e-04,-0.486535406971338,0.162708269635706,23.4830833705204,TRUE
0.935,-2e-04,-0.473085258747753,0.177400322727736,24.7339165604967,TRUE
0.94,-2e-04,-0.459618066313461,0.192030846053345,25.9783993664614,TRUE
0.945,-2e-04,-0.446138785423249,0.206595151749533,27.2161427441419,TRUE
0.95,-2e-04,-0.432652338979365,0.221088663054282,28.4467681515451,TRUE
0.955,-2e-04,-0.419163608797647,0.23550692072564,29.6699080597332,TRUE
0.96,-2e-04,-0.405677427626544,0.24984558902081,30.8852064238654,TRUE
0.965,-2e-04,-0.392198571446096,0.264100461220601,32.0923191134694,TRUE
0.97,-2e-04,-0.37873175207173,0.278267464687485,33.2909143011556,TRUE
0.975,-2e-04,-0.365281610085358,0.292342665448412,34.4806728092354,TRUE
0.98,-2e-04,-0.3518527081139,0.306322272296337,35.661288413954,TRUE
0.985,-2e-04,-0.338449524472779,0.320202640407259,36.8324681072835,TRUE
0.99,-2e-04,-0.325076447189486,0.333980274472254,37.9939323164563,TRUE
0.995,-2e-04,-0.311737768419711,0.347651831346649,39.1454150816391,TRUE
1,-2e-04,-0.29843767926603,0.361214122220962,40.2866641923568,TRUE
1.005,-2e-04,-0.28518026500662,0.374664114320617,41.4174412834756,TRUE
1.01,-2e-04,-0.27196950073904,0.387998932143686,42.5375218917349,TRUE
1.015,-2e-04,-0.258809247441699,0.401215858247959,43.6466954739882,TRUE
1.02,-2e-04,-0.245703248453387,0.414312333600538,44.744765388465,TRUE
1.025,-2e-04,-0.232655126368993,0.427285957504885,45.8315488405039,TRUE
1.03,-2e-04,-0.219668380347534,0.440134487121766,46.9068767943245,TRUE
1.035,-2e-04,-0.2067463838266,0.452855836601904,47.9705938525149,TRUE
1.04,-2e-04,-0.193892382635569,0.465448075849277,49.0225581049913,TRUE
1.045,-2e-04,-0.181109493498256,0.477909428935018,50.0626409492662,TRUE
1.05,-2e-04,-0.168400702914151,0.490238272182603,51.0907268839075,TRUE
1.055,-2e-04,-0.155768866406048,0.502433131945681,52.1067132771188,TRUE
1.06,-2e-04,-0.14321670812067,0.514492682100292,53.1105101123901,TRUE
1.065,-2e-04,-0.130746820767834,0.526415741273501,54.1020397131829,TRUE
1.07,-2e-04,-0.118361665882808,0.538201269830617,55.0812364486088,TRUE
1.075,-2e-04,-0.106063574395806,0.549848366643075,56.0480464220466,TRUE
1.08,-2e-04,-0.0938547474919001,0.561356265658953,57.0024271446209,TRUE
1.085,-2e-04,-0.0817372577442564,0.572724332297753,57.94434719542,TRUE
1.09,-2e-04,-0.0697130505032254,0.583952059690673,58.8737858702966,TRUE
1.095,-2e-04,-0.0577839455236455,0.595039064787109,59.7907328210314,TRUE
1.1,-2e-04,-0.0459516388126552,0.605985084347464,60.6951876865833,TRUE
1.105,-2e-04,-0.0342177046803337,0.616789970841726,61.5871597180821,TRUE
1.11,-2e-04,-0.0225835979756479,0.627453688272444,62.4666673991456,TRUE
1.115,-2e-04,-0.0110506564904154,0.637976307939979,63.3337380630259,TRUE
0.86,0,-0.626314401933259,0.00506605348911324,10.4581178964405,TRUE
0.865,0,-0.613387983095793,0.0200532079271804,11.7460598260307,TRUE
0.87,0,-0.600392829047635,0.0350332173062003,13.0321974669828,TRUE
0.875,0,-0.587333658655094,0.0500007550668687,14.3160750558967,TRUE
0.88,0,-0.574215251223769,0.0649505168210217,15.5972399990693,TRUE
0.885,0,-0.561042437796004,0.0798772297104749,16.8752436667383,TRUE
0.89,0,-0.547820092329892,0.0947756616356985,18.1496421724744,TRUE
0.895,0,-0.534553122797164,0.109640630316907,19.4199971345853,TRUE
0.9,0,-0.521246462237379,0.124467012151446,20.6858764165273,TRUE
0.905,0,-0.507905059805851,0.13924975083278,21.9468548434638,TRUE
0.91,0,-0.494533871852316,0.153983865698185,23.2025148922779,TRUE
0.915,0,-0.481137853066767,0.168664459774138,24.4524473525316,TRUE
0.92,0,-0.467721947727979,0.183286727490584,25.6962519560616,TRUE
0.925,0,-0.454291081089096,0.197845962037571,26.9335379731183,TRUE
0.93,0,-0.440850150933331,0.212337562340193,28.1639247731755,TRUE
0.935,0,-0.427404019331208,0.226757039630416,29.3870423487745,TRUE
0.94,0,-0.41395750462905,0.241100023597011,30.6025318010044,TRUE
0.945,0,-0.400515373696427,0.255362268097587,31.8100457854651,TRUE
0.95,0,-0.387082334458237,0.269539656419531,33.0092489178037,TRUE
0.955,0,-0.373663028734828,0.283628206079452,34.1998181381627,TRUE
0.96,0,-0.360262025411302,0.297624073153534,35.3814430341169,TRUE
0.965,0,-0.346883813954695,0.311523556133976,36.5538261219177,TRUE
0.97,0,-0.333532798295324,0.325323099309385,37.716683086088,TRUE
0.975,0,-0.32021329108609,0.339019295669634,38.8697429776417,TRUE
0.98,0,-0.30692950835105,0.352608889338177,40.0127483714026,TRUE
0.985,0,-0.29368556453211,0.366088777537273,41.1454554831083,TRUE
0.99,0,-0.280485467940279,0.379456012093773,42.267634247163,TRUE
0.995,0,-0.267333116615501,0.392707800495294,43.3790683560831,TRUE
1,0,-0.254232294596878,0.405841506508513,44.4795552628326,TRUE
1.005,0,-0.241186668602788,0.418854650373152,45.5689061473937,TRUE
1.01,0,-0.228199785118407,0.431744908586779,46.6469458490382,TRUE
1.015,0,-0.215275067886075,0.444510113297042,47.7135127658852,TRUE
1.02,0,-0.202415815792176,0.457148251319132,48.7684587234168,TRUE
1.025,0,-0.189625201142408,0.46965746279742,49.8116488137101,TRUE
1.03,0,-0.176906268315828,0.482036039531015,50.8429612072005,TRUE
1.035,0,-0.164261932786558,0.49428242298376,51.8622869388447,TRUE
1.04,0,-0.151694980500828,0.506395201999687,52.8695296705814,TRUE
1.045,0,-0.139208067595864,0.518373110245334,53.8646054320086,TRUE
1.05,0,-0.126803720446189,0.530215023400534,54.8474423412003,TRUE
1.055,0,-0.114484336022064,0.541919956119347,55.8179803075811,TRUE
1.06,0,-0.102252182544131,0.553487058782738,56.776170718756,TRUE
1.065,0,-0.0901094004177817,0.564915614064382,57.7219761131651,TRUE
1.07,0,-0.0780580034303675,0.576205033330662,58.6553698403944,TRUE
1.075,0,-0.0660998801941198,0.587354852895478,59.5763357109241,TRUE
1.08,0,-0.0542367958174629,0.598364730149979,60.4848676370425,TRUE
1.085,0,-0.0424703937874104,0.609234439586671,61.3809692665911,TRUE
1.09,0,-0.0308021980457718,0.619963868736703,62.2646536111379,TRUE
1.095,0,-0.0192336152420864,0.630553014038354,63.1359426701031,TRUE
1.1,0,-0.0077659371464489,0.641001976653927,63.9948670522869,TRUE
0.845,2e-04,-0.620620550447156,0.0116249244804463,11.4831305849715,TRUE
0.85,2e-04,-0.607705589122164,0.026561054422039,12.7661006661277,TRUE
0.855,2e-04,-0.594724371288717,0.0414877847809827,14.0470267549793,TRUE
0.86,2e-04,-0.581681597022095,0.0563998489713574,15.3254588970876,TRUE
0.865,2e-04,-0.568582022364839,0.0712920062884829,16.6009506636002,TRUE
0.87,2e-04,-0.5554304507098,0.0861590510667016,17.8730599262677,TRUE
0.875,2e-04,-0.542231724082677,0.100995821693656,19.1413496163986,TRUE
0.88,2e-04,-0.528990714360573,0.115797209445023,20.4053884647493,TRUE
0.885,2e-04,-0.515712314463235,0.130558167104924,21.6647517194675,TRUE
0.89,2e-04,-0.50240142955337,0.145273717338843,22.9190218393709,TRUE
0.895,2e-04,-0.489062968282066,0.159938960787596,24.1677891600052,TRUE
0.9,2e-04,-0.475701834114527,0.174549083852948,25.4106525301174,TRUE
0.905,2e-04,-0.462322916770482,0.189099366147563,26.6472199163784,TRUE
0.91,2e-04,-0.448931083812302,0.20358518758438,27.8771089744049,TRUE
0.915,2e-04,-0.435531172412571,0.218002035082889,29.0999475843511,TRUE
0.92,2e-04,-0.422127981331146,0.23234550887239,30.3153743495717,TRUE
0.925,2e-04,-0.408726263129995,0.246611328374979,31.5230390570956,TRUE
0.93,2e-04,-0.395330716652155,0.260795337653654,32.7226030988851,TRUE
0.935,2e-04,-0.381945979789013,0.274893510413744,33.9137398530985,TRUE
0.94,2e-04,-0.368576622557993,0.28890195454853,35.0961350248085,TRUE
0.945,2e-04,-0.355227140510356,0.302816916222702,36.2694869458667,TRUE
0.95,2e-04,-0.341901948486528,0.316634783489931,37.4335068338301,TRUE
0.955,2e-04,-0.328605374733945,0.330352089443475,38.5879190100907,TRUE
0.96,2e-04,-0.315341655399989,0.343965514901218,39.7324610775574,TRUE
0.965,2e-04,-0.302114929410177,0.357471890628995,40.8668840584464,TRUE
0.97,2e-04,-0.288929233739384,0.370868199108322,41.9909524929208,TRUE
0.975,2e-04,-0.275788499081513,0.384151575856831,43.1044444995039,TRUE
0.98,2e-04,-0.262696545920774,0.397319310311663,44.2071517983463,TRUE
0.985,2e-04,-0.249657081005487,0.410368846288011,45.2988796985832,TRUE
0.99,2e-04,-0.236673694223257,0.423297782026575,46.3794470511448,TRUE
0.995,2e-04,-0.223749855874333,0.436103869845298,47.4486861685059,TRUE
1,2e-04,-0.210888914338086,0.448785015412022,48.5064427129606,TRUE
1.005,2e-04,-0.198094094125791,0.461339276655884,49.5525755550939,TRUE
1.01,2e-04,-0.185368494311271,0.473764862336231,50.5869566041951,TRUE
1.015,2e-04,-0.172715087329459,0.48606013028868,51.6094706124131,TRUE
1.02,2e-04,-0.160136718131648,0.498223585368512,52.620014954493,TRUE
1.025,2e-04,-0.147636103684926,0.510253877112126,53.6184993849649,TRUE
1.03,2e-04,-0.135215832802346,0.522149797137544,54.6048457746629,TRUE
1.035,2e-04,-0.122878366289395,0.533910276305128,55.5789878284609,TRUE
1.04,2e-04,-0.110626037391633,0.545534381659687,56.540870786093,TRUE
1.045,2e-04,-0.0984610525277271,0.557021313175044,57.4904511079115,TRUE
1.05,2e-04,-0.0863854922916374,0.568370400321857,58.4276961473965,TRUE
1.055,2e-04,-0.0744013127073596,0.57958109847919,59.3525838121966,TRUE
1.06,2e-04,-0.0625103467194091,0.590652985209822,60.2651022154257,TRUE
1.065,2e-04,-0.0507143059021132,0.601585756418773,61.165249318887,TRUE
1.07,2e-04,-0.0390147823707809,0.612379222413884,62.0530325698322,TRUE
1.075,2e-04,-0.0274132508779273,0.623033303886598,62.9284685327946,TRUE
1.08,2e-04,-0.0159110710778941,0.633548027830331,63.7915825179656,TRUE
1.085,2e-04,-0.00450948994352706,0.643923523413033,64.6424082075034,TRUE
0.825,4e-04,-0.627693261498464,0.00324932838794712,11.2198232563066,TRUE
0.83,4e-04,-0.61486105949825,0.0181380096817836,12.4993727487012,TRUE
0.835,4e-04,-0.601960458191648,0.0330203128939925,13.7770918224237,TRUE
0.84,4e-04,-0.588996075139938,0.0478910141344072,15.0525335298992,TRUE
0.845,4e-04,-0.575972587868934,0.0627449098715073,16.3252540182011,TRUE
0.85,4e-04,-0.562894725468704,0.0775768260008177,17.5948132982574,TRUE
0.855,4e-04,-0.549767260074545,0.0923816267933268,18.8607759998915,TRUE
0.86,4e-04,-0.536594998264712,0.107154223688118,20.1227121096991,TRUE
0.865,4e-04,-0.523382772410696,0.12188958389447,21.3801976888794,TRUE
0.87,4e-04,-0.510135432015755,0.136582738770134,22.6328155682776,TRUE
0.875,4e-04,-0.496857835077138,0.151228791944021,23.8801560180517,TRUE
0.88,4e-04,-0.483554839506869,0.165822927153433,25.1218173895534,TRUE
0.885,4e-04,-0.470231294645182,0.180360415767898,26.3574067271957,TRUE
0.89,4e-04,-0.456892032899634,0.194836623973908,27.5865403482883,TRUE
0.895,4e-04,-0.443541861541711,0.20924701959712,28.8088443890266,TRUE
0.9,4e-04,-0.430185554691232,0.223587178541081,30.0239553150477,TRUE
0.905,4e-04,-0.416827845517274,0.237852790823995,31.2315203951887,TRUE
0.91,4e-04,-0.40347341868247,0.252039666197739,32.4311981373162,TRUE
0.915,4e-04,-0.390126903055624,0.266143739335906,33.6226586853299,TRUE
0.92,4e-04,-0.376792864715494,0.280161074580362,34.8055841766737,TRUE
0.925,4e-04,-0.363475800266393,0.294087870238467,35.97966905992,TRUE
0.93,4e-04,-0.350180130484052,0.307920462425708,37.1446203722198,TRUE
0.935,4e-04,-0.336910194307815,0.32165532845111,38.3001579766301,TRUE
0.94,4e-04,-0.323670243192954,0.335289089745273,39.4460147595415,TRUE
0.945,4e-04,-0.310464435834494,0.348818514333321,40.581936788637,TRUE
0.95,4e-04,-0.297296833271617,0.362240518857324,41.7076834319971,TRUE
0.955,4e-04,-0.284171394379379,0.37555217015499,42.8230274391554,TRUE
0.96,4e-04,-0.271091971752263,0.388750686403404,43.9277549850677,TRUE
0.965,4e-04,-0.258062307981806,0.401833437838564,45.0216656781189,TRUE
0.97,4e-04,-0.245086032328523,0.414797947063131,46.1045725334237,TRUE
0.975,4e-04,-0.232166657786245,0.427641888956454,47.1763019128079,TRUE
0.98,4e-04,-0.219307578535138,0.440363090202283,48.2366934329599,TRUE
0.985,4e-04,-0.20651206777784,0.452959528450868,49.285599843341,TRUE
0.99,4e-04,-0.193783275951506,0.46542933113317,50.3228868755181,TRUE
0.995,4e-04,-0.181124229306999,0.477770773945831,51.3484330656474,TRUE
1,4e-04,-0.168537828845095,0.489982279026253,52.3621295518869,TRUE
1.005,4e-04,-0.156026849598286,0.502062412837725,53.36387984855,TRUE
1.01,4e-04,-0.143593940245682,0.514009883784902,54.3535995988329,TRUE
1.015,4e-04,-0.131241623047503,0.525823539580243,55.3312163079603,TRUE
1.02,4e-04,-0.11897229408489,0.537502364382069,56.2966690585858,TRUE
1.025,4e-04,-0.10678822378998,0.549045475724914,57.2499082102731,TRUE
1.03,4e-04,-0.0946915577507388,0.560452121262674,58.1908950848556,TRUE
1.035,4e-04,-0.0826843177745254,0.571721675344784,59.1196016394397,TRUE
1.04,4e-04,-0.0707684031941335,0.582853635445291,60.0360101287731,TRUE
1.045,4e-04,-0.0589455923998143,0.593847618464216,60.9401127586483,TRUE
1.05,4e-04,-0.0472175445807581,0.604703356920033,61.8319113319554,TRUE
1.055,4e-04,-0.0355858016595014,0.61542069505148,62.7114168889342,TRUE
1.06,4e-04,-0.0240517904028777,0.625999584846206,63.5786493431082,TRUE
1.065,4e-04,-0.0126168246933298,0.636440082013031,64.4336371143105,TRUE
1.07,4e-04,-0.00128210794468671,0.646742341913771,65.2764167601394,TRUE
0.81,6e-04,-0.621857988634811,0.00976820731947646,12.2321869242781,TRUE
0.815,6e-04,-0.609040516459021,0.0246025667622348,13.5064496398442,TRUE
0.82,6e-04,-0.596157133472491,0.0394283379654818,14.7786491117072,TRUE
0.825,6e-04,-0.583212435470387,0.0542403593829961,16.0483444246748,TRUE
0.83,6e-04,-0.570211073797088,0.0690334934077172,17.3150980978933,TRUE
0.835,6e-04,-0.55715774703802,0.0838026352361436,18.5784768345626,TRUE
0.84,6e-04,-0.544057192610073,0.0985427216001684,19.8380522563624,TRUE
0.845,6e-04,-0.530914178285453,0.113248739331785,21.093401619707,TRUE
0.85,6e-04,-0.517733493683834,0.127915733727378,22.344108511082,TRUE
0.855,6e-04,-0.504519941767611,0.142538816679663,23.5897635188498,TRUE
0.86,6e-04,-0.491278330374589,0.157113174547071,24.8299648790776,TRUE
0.865,6e-04,-0.478013463821886,0.171634075732157,26.0643190931122,TRUE
0.87,6e-04,-0.464730134613866,0.186096877942652,27.2924415148205,TRUE
0.875,6e-04,-0.451433115285917,0.200497035110967,28.5139569056097,TRUE
0.88,6e-04,-0.438127150414498,0.214830103950234,29.7284999555574,TRUE
0.885,6e-04,-0.424816948822473,0.229091750127397,30.9357157691931,TRUE
0.89,6e-04,-0.411507176007015,0.243277754036353,32.1352603147036,TRUE
0.895,6e-04,-0.398202446815591,0.2573840161567,33.326800835552,TRUE
0.9,6e-04,-0.384907318393563,0.271406561986227,34.510016223735,TRUE
0.905,6e-04,-0.371626283424898,0.285341546537869,35.6845973541238,TRUE
0.91,6e-04,-0.358363763685322,0.299185258394447,36.85024737956,TRUE
0.915,6e-04,-0.345124103925021,0.312934123317038,38.0066819865934,TRUE
0.92,6e-04,-0.331911566095772,0.326584707405309,39.1536296119631,TRUE
0.925,6e-04,-0.318730323935053,0.34013371981057,40.2908316201232,TRUE
0.93,6e-04,-0.305584457917428,0.353578015004583,41.4180424423098,TRUE
0.935,6e-04,-0.29247795058122,0.366914594609407,42.5350296778282,TRUE
0.94,6e-04,-0.279414682236256,0.380140608795598,43.6415741584094,TRUE
0.945,6e-04,-0.266398427056283,0.393253357258046,44.7374699766423,TRUE
0.95,6e-04,-0.253432849557555,0.406250289780519,45.8225244796319,TRUE
0.955,6e-04,-0.240521501463047,0.419129006401613,46.8965582291655,TRUE
0.96,6e-04,-0.227667818949852,0.431887257196292,47.9594049297794,TRUE
0.965,6e-04,-0.214875120275464,0.444522941688526,49.0109113262244,TRUE
0.97,6e-04,-0.202146603776979,0.457034107911641,50.0509370719094,TRUE
0.975,6e-04,-0.18948534623564,0.469418951134039,51.0793545699772,TRUE
0.98,6e-04,-0.176894301597738,0.481675812268692,52.0960487887197,TRUE
0.985,6e-04,-0.16437630004152,0.493803175985516,53.1009170530843,TRUE
0.99,6e-04,-0.151934047378647,0.5057996685462,54.093868814052,TRUE
0.995,6e-04,-0.139570124777639,0.51766405538143,55.0748253976842,TRUE
1,6e-04,-0.127286988795895,0.529395238430618,56.0437197356371,TRUE
1.005,6e-04,-0.1150869717061,0.540992253264346,57.0004960789394,TRUE
1.01,6e-04,-0.102972282102179,0.552454266009627,57.9451096968052,TRUE
1.015,6e-04,-0.0909450057694971,0.563780570097943,58.8775265622328,TRUE
1.02,6e-04,-0.0790071068035999,0.574970582855689,59.7977230260961,TRUE
1.025,6e-04,-0.0671604289615244,0.58602384195629,60.7056854813988,TRUE
1.03,6e-04,-0.0554066972296034,0.596940001752742,61.6014100193019,TRUE
1.035,6e-04,-0.0437475195915942,0.607718829508803,62.4849020784833,TRUE
1.04,6e-04,-0.0321843889810592,0.618360201546384,63.3561760893218,TRUE
1.045,6e-04,-0.0207186854020446,0.628864099326058,64.2152551143322,TRUE
1.05,6e-04,-0.00935167820235133,0.639230605476792,65.0621704862045,TRUE
0.79,0.000800000000000001,-0.628695407895353,0.00145559983407081,11.964713556559,TRUE
0.795,0.000800000000000001,-0.615963424936503,0.0162386072829609,13.2352770990288,TRUE
0.8,0.000800000000000001,-0.603163500104588,0.031015985252938,14.5039887405007,TRUE
0.805,0.000800000000000001,-0.59030014455622,0.0457826187735334,15.7704108510576,TRUE
0.81,0.000800000000000001,-0.577377928746498,0.0605334114647794,17.0341088140028,TRUE
0.815,0.000800000000000001,-0.564401474342708,0.0752632943003876,18.2946517689046,TRUE
0.82,0.000800000000000001,-0.551375446019644,0.0899672342609567,19.551613341184,TRUE
0.825,0.000800000000000001,-0.538304543170279,0.104640242842954,20.804572355382,TRUE
0.83,0.000800000000000001,-0.525193491565786,0.119277384390307,22.0531135293555,TRUE
0.835,0.000800000000000001,-0.512047034998909,0.133873784216643,23.2968281467804,TRUE
0.84,0.000800000000000001,-0.498869926944436,0.148424636487768,24.5353147054866,TRUE
0.845,0.000800000000000001,-0.485666922270063,0.162925211835582,25.768179539311,TRUE
0.85,0.000800000000000001,-0.472442769030191,0.177370864676575,26.9950374113368,TRUE
0.855,0.000800000000000001,-0.459202200374295,0.19175704020998,28.2155120765685,TRUE
0.86,0.000800000000000001,-0.445949926600338,0.206079281072931,29.4292368122997,TRUE
0.865,0.000800000000000001,-0.432690627382376,0.220333233632135,30.6358549146322,TRUE
0.87,0.000800000000000001,-0.41942894419996,0.234514653894067,31.8350201598248,TRUE
0.875,0.000800000000000001,-0.4061694729953,0.248619413018037,33.0263972293625,TRUE
0.88,0.000800000000000001,-0.392916757082301,0.262643502419051,34.2096620978631,TRUE
0.885,0.000800000000000001,-0.379675280329661,0.276583038449847,35.3845023831541,TRUE
0.89,0.000800000000000001,-0.366449460638195,0.29043426665404,36.5506176580755,TRUE
0.895,0.000800000000000001,-0.353243643730399,0.304193565584788,37.7077197237741,TRUE
0.9,0.000800000000000001,-0.340062097268136,0.317857450185845,38.8555328444711,TRUE
0.905,0.000800000000000001,-0.326909005312092,0.331422574734249,39.99379394388,TRUE
0.91,0.000800000000000001,-0.313788463134442,0.344885735346221,41.122252763651,TRUE
0.915,0.000800000000000001,-0.300704472393929,0.35824387205002,42.2406719844002,TRUE
0.92,0.000800000000000001,-0.287660936680407,0.371494070431645,43.3488273100531,TRUE
0.925,0.000800000000000001,-0.27466165743368,0.384633562861204,44.4465075163964,TRUE
0.93,0.000800000000000001,-0.261710330239458,0.397659729309629,45.5335144648762,TRUE
0.935,0.000800000000000001,-0.248810541503141,0.410570097767093,46.6096630828191,TRUE
0.94,0.000800000000000001,-0.235965765500288,0.42336234427604,47.6747813113695,TRUE
0.945,0.000800000000000001,-0.223179361800729,0.436034292593086,48.7287100225464,TRUE
0.95,0.000800000000000001,-0.210454573061577,0.448583913495314,49.7713029069121,TRUE
0.955,0.000800000000000001,-0.197794523182788,0.461009323747508,50.8024263334257,TRUE
0.96,0.000800000000000001,-0.1852022158174,0.473308784747783,51.8219591831167,TRUE
0.965,0.000800000000000001,-0.172680533227255,0.485480700869821,52.8297926582625,TRUE
0.97,0.000800000000000001,-0.160232235473742,0.497523617520467,53.8258300687935,TRUE
0.975,0.000800000000000001,-0.147859959932028,0.509436218931938,54.8099865976707,TRUE
0.98,0.000800000000000001,-0.135566221116262,0.521217325708102,55.7821890469916,TRUE
0.985,0.000800000000000001,-0.123353410802429,0.532865892144524,56.7423755665827,TRUE
0.99,0.000800000000000001,-0.111223798434787,0.544381003341919,57.6904953668229,TRUE
0.995,0.000800000000000001,-0.0991795318013129,0.555761872132619,58.6265084174237,TRUE
1,0.000800000000000001,-0.0872226379630627,0.567007835839386,59.5503851338592,TRUE
1.005,0.000800000000000001,-0.0753550244220803,0.578118352885643,60.4621060531043,TRUE
1.01,0.000800000000000001,-0.0635784805122365,0.589092999275743,61.3616615002888,TRUE
1.015,0.000800000000000001,-0.0518946789972724,0.599931464963445,62.2490512478274,TRUE
1.02,0.000800000000000001,-0.0403051778603346,0.610633550126139,63.1242841685235,TRUE
1.025,0.000800000000000001,-0.0288114222693213,0.621199161361814,63.9873778840858,TRUE
1.03,0.000800000000000001,-0.0174147467025834,0.631628307824991,64.8383584104257,TRUE
1.035,0.000800000000000001,-0.00611637721970972,0.64192109731718,65.6772598010356,TRUE
0.775,0.001,-0.622728338502761,0.00793232225895991,12.9637481604661,TRUE
0.78,0.001,-0.610014178245179,0.0226579527223402,14.2287329259148,TRUE
0.785,0.001,-0.597234568329542,0.037375789278269,15.4916400375715,TRUE
0.79,0.001,-0.584393995479872,0.0520807812834328,16.7520380847083,TRUE
0.795,0.001,-0.571497001372396,0.0667679001351322,18.0094989932731,TRUE
0.8,0.001,-0.558548174646575,0.0814321478289813,19.2635987493174,TRUE
0.805,0.001,-0.545552142814584,0.0960685653946764,20.5139181079137,TRUE
0.81,0.001,-0.532513564102177,0.110672241176917,21.7600432848264,TRUE
0.815,0.001,-0.519437119254136,0.12523831892962,23.0015666283053,TRUE
0.82,0.001,-0.506327503337297,0.139762005692924,24.2380872685166,TRUE
0.825,0.001,-0.493189417573898,0.154238579423971,25.469211742265,TRUE
0.83,0.001,-0.480027561237361,0.168663396354192,26.6945545908329,TRUE
0.835,0.001,-0.466846623641915,0.183031898047647,27.9137389289359,TRUE
0.84,0.001,-0.453651276256375,0.197339618137078,29.1263969829835,TRUE
0.845,0.001,-0.440446164971322,0.211582188716366,30.3321705970317,TRUE
0.85,0.001,-0.427235902547431,0.225755346370457,31.5307117050184,TRUE
0.855,0.001,-0.414025061271277,0.239854937826062,32.7216827680824,TRUE
0.86,0.001,-0.400818165843164,0.253876925208892,33.9047571759822,TRUE
0.865,0.001,-0.387619686519791,0.26781739089558,35.0796196118397,TRUE
0.87,0.001,-0.374434032532591,0.281672541950916,36.2459663796556,TRUE
0.875,0.001,-0.361265545800611,0.295438714143431,37.4035056942461,TRUE
0.88,0.001,-0.348118494954693,0.3091123755348,38.5519579334647,TRUE
0.885,0.001,-0.334997069687627,0.322690129640858,39.6910558527661,TRUE
0.89,0.001,-0.321905375442767,0.336168718164352,40.8205447623718,TRUE
0.895,0.001,-0.308847428451465,0.349545023301716,41.9401826674715,TRUE
0.9,0.001,-0.295827151127522,0.362816069628315,43.0497403720777,TRUE
0.905,0.001,-0.282848367824744,0.375979025568515,44.149001547308,TRUE
0.91,0.001,-0.269914800961624,0.389031204458915,45.2377627650252,TRUE
0.915,0.001,-0.257030067515142,0.40197006521469,46.3158334979016,TRUE
0.92,0.001,-0.244197675883782,0.41479321261068,47.3830360871006,TRUE
0.925,0.001,-0.231421023117969,0.42749839719024,48.4392056788807,TRUE
0.93,0.001,-0.218703392514415,0.440083514816183,49.484190131524,TRUE
0.935,0.001,-0.206047951569208,0.452546605879276,50.5178498940781,TRUE
0.94,0.001,-0.193457750282964,0.4648858541807,51.5400578584674,TRUE
0.945,0.001,-0.180935719809928,0.47709958550576,52.5506991865905,TRUE
0.95,0.001,-0.168484671441665,0.489186265906735,53.5496711140598,TRUE
0.955,0.001,-0.156107295914802,0.501144499713335,54.5368827322758,TRUE
0.96,0.001,-0.14380616303127,0.512973027289557,55.5122547505407,TRUE
0.965,0.001,-0.131583721578599,0.52467072255602,56.4757192399293,TRUE
0.97,0.001,-0.119442299537052,0.536236590296921,57.427219360626,TRUE
0.975,0.001,-0.107384104559737,0.547669763270776,58.3667090744265,TRUE
0.98,0.001,-0.0954112247113274,0.558969499143945,59.2941528440769,TRUE
0.985,0.001,-0.0835256294506149,0.570135177265731,60.2095253210909,TRUE
0.99,0.001,-0.0717291708418329,0.581166295303496,61.1128110236475,TRUE
0.995,0.001,-0.060023584979498,0.59206246575582,62.0040040061236,TRUE
1,0.001,-0.0484104936114596,0.602823412361223,62.8831075217622,TRUE
1.005,0.001,-0.0368914059448327,0.61344896641941,63.7501336799215,TRUE
1.01,0.001,-0.0254677206196218,0.62393906304137,64.6051030992834,TRUE
1.015,0.001,-0.0141407278349908,0.634293737343977,65.4480445583404,TRUE
1.02,0.001,-0.00291161161342689,0.644513120604022,66.2789946444015,TRUE
0.76,0.0012,-0.616708440104563,0.0143580628517184,13.953059145489,TRUE
0.765,0.0012,-0.604014828322283,0.0290238026751943,15.2122160223592,TRUE
0.77,0.0012,-0.591258246425212,0.0436796396231798,16.4690761936802,TRUE
0.775,0.0012,-0.578443153322932,0.0583205899446463,17.7232147078207,TRUE
0.78,0.0012,-0.565574058617458,0.0729416952126849,18.9742102555083,TRUE
0.785,0.0012,-0.55265551472213,0.0875380306705098,20.2216458730998,TRUE
0.79,0.0012,-0.539692108895079,0.102104713444564,21.4651096303902,TRUE
0.795,0.0012,-0.526688455219469,0.1166369105931,22.7041953003395,TRUE
0.8,0.0012,-0.513649186562725,0.131129846959776,23.9385030082214,TRUE
0.805,0.0012,-0.500578946546818,0.145578812803131,25.1676398578327,TRUE
0.81,0.0012,-0.487482381561207,0.159979171174415,26.3912205325544,TRUE
0.815,0.0012,-0.474364132849458,0.174326365017909,27.6088678692197,TRUE
0.82,0.0012,-0.461228828699652,0.188615923969797,28.8202134029259,TRUE
0.825,0.0012,-0.448081076767741,0.202843470833635,30.0248978811055,TRUE
0.83,0.0012,-0.434925456561669,0.217004727712608,31.2225717453766,TRUE
0.835,0.0012,-0.421766512112821,0.231095521780959,32.4128955798857,TRUE
0.84,0.0012,-0.408608744859663,0.245111790679305,33.5955405250674,TRUE
0.845,0.0012,-0.395456606766904,0.259049587520831,34.7701886559471,TRUE
0.85,0.0012,-0.382314493701578,0.272905085497784,35.9365333243275,TRUE
0.855,0.0012,-0.369186739085661,0.286674582080007,37.094279464399,TRUE
0.86,0.0012,-0.356077607842769,0.300354502799629,38.2431438615244,TRUE
0.865,0.0012,-0.342991290654538,0.31394140461834,39.3828553841412,TRUE
0.87,0.0012,-0.329931898540142,0.327431978875945,40.5131551789195,TRUE
0.875,0.0012,-0.316903457770376,0.340823053821078,41.6337968294984,TRUE
0.88,0.0012,-0.303909905125595,0.354111596727073,42.7445464792973,TRUE
0.885,0.0012,-0.290955083504784,0.367294715597975,43.845182919065,TRUE
0.89,0.0012,-0.278042737890923,0.380369660471588,44.9354976399836,TRUE
0.895,0.0012,-0.265176511675909,0.393333824328193,46.0152948532852,TRUE
0.9,0.0012,-0.25235994334629,0.406184743615236,47.0843914774719,TRUE
0.905,0.0012,-0.239596463529286,0.41892009839974,48.1426170943433,TRUE
0.91,0.0012,-0.226889392396776,0.431537712161585,49.1898138751419,TRUE
0.915,0.0012,-0.214241937423278,0.444035551241949,50.2258364782154,TRUE
0.92,0.0012,-0.201657191492394,0.4564117239623,51.250551919673,TRUE
0.925,0.0012,-0.189138131344757,0.468664479430197,52.2638394185762,TRUE
0.93,0.0012,-0.176687616359182,0.4807922060489,53.2655902182528,TRUE
0.935,0.0012,-0.164308387657525,0.492793429748425,54.2557073853666,TRUE
0.94,0.0012,-0.152003067522682,0.504666811956105,55.2341055883921,TRUE
0.945,0.0012,-0.139774159118195,0.516411147325056,56.2007108571681,TRUE
0.95,0.0012,-0.127624046497117,0.528025361239141,57.1554603251965,TRUE
0.955,0.0012,-0.115554994887059,0.539508507113083,58.0983019563545,TRUE
0.96,0.0012,-0.1035691512378,0.550859763506338,59.0291942576647,TRUE
0.965,0.0012,-0.0916685450173106,0.562078431069168,59.948105979746,TRUE
0.97,0.0012,-0.0798550892417477,0.573163929339119,60.855015806532,TRUE
0.975,0.0012,-0.0681305817246841,0.584115793405737,61.7499120358046,TRUE
0.98,0.0012,-0.0564967065307136,0.594933670460929,62.6327922520399,TRUE
0.985,0.0012,-0.0449550356185097,0.6056173162519,63.5036629930151,TRUE
0.99,0.0012,-0.0335070306584657,0.616166591452973,64.3625394115622,TRUE
0.995,0.0012,-0.0221540450101461,0.626581457972052,65.2094449337957,TRUE
1,0.0012,-0.0108973258449974,0.636861975206736,66.0444109150756,TRUE
0.74,0.0014,-0.623245819802336,0.00611995869400057,13.6771414310107,TRUE
0.745,0.0014,-0.610640307913388,0.0207304155452566,14.9323196966224,TRUE
0.75,0.0014,-0.597969915412083,0.0353338525992448,16.1854105949461,TRUE
0.755,0.0014,-0.585239015963145,0.0499253351553353,17.4359926179709,TRUE
0.76,0.0014,-0.57245203742168,0.0644999487103238,18.683647491347,TRUE
0.765,0.0014,-0.559613454170813,0.0790528071990984,19.9279608707763,TRUE
0.77,0.0014,-0.54672777935818,0.0935790611236995,21.1685230246843,TRUE
0.775,0.0014,-0.533799557062458,0.10807390553948,22.4049295005712,TRUE
0.78,0.0014,-0.52083335442126,0.122532587868046,23.6367817725472,TRUE
0.785,0.0014,-0.507833753751703,0.136950415507883,24.8636878676806,TRUE
0.79,0.0014,-0.494805344694634,0.151322763214963,26.085262968928,TRUE
0.795,0.0014,-0.481752716413061,0.165645080227201,27.3011299925684,TRUE
0.8,0.0014,-0.468680449874578,0.179912897108365,28.5109201382289,TRUE
0.805,0.0014,-0.455593110246733,0.194121832288902,29.7142734097637,TRUE
0.81,0.0014,-0.442495239433168,0.208267598283168,30.9108391054376,TRUE
0.815,0.0014,-0.429391348777122,0.22234600756461,32.1002762760505,TRUE
0.82,0.0014,-0.416285911957476,0.236352978082661,33.2822541498432,TRUE
0.825,0.0014,-0.40318335810097,0.250284538407313,34.4564525232179,TRUE
0.83,0.0014,-0.39008806513253,0.264136832489641,35.6225621165151,TRUE
0.835,0.0014,-0.3770043533839,0.277906124028813,36.7802848942842,TRUE
0.84,0.0014,-0.36393647947886,0.291588800438444,37.929334349689,TRUE
0.845,0.0014,-0.35088863051142,0.305181376407387,39.0694357528786,TRUE
0.85,0.0014,-0.337864918531359,0.318680497052311,40.2003263633529,TRUE
0.855,0.0014,-0.324869375349518,0.332082940661565,41.3217556065249,TRUE
0.86,0.0014,-0.311905947673149,0.345385621031937,42.4334852148681,TRUE
0.865,0.0014,-0.29897849257971,0.358585589401895,43.5352893341933,TRUE
0.87,0.0014,-0.286090773335392,0.371680035986849,44.6269545957643,TRUE
0.875,0.0014,-0.273246455562801,0.384666291123699,45.7082801551003,TRUE
0.88,0.0014,-0.260449103760236,0.397541826033669,46.7790776984498,TRUE
0.885,0.0014,-0.247702178173224,0.410304253213895,47.8391714180416,TRUE
0.89,0.0014,-0.235009032017173,0.422951326469696,48.8883979573254,TRUE
0.895,0.0014,-0.222372909048362,0.43548094060066,49.9266063275117,TRUE
0.9,0.0014,-0.209796941478871,0.447891130754844,50.9536577968048,TRUE
0.905,0.0014,-0.197284148229643,0.46018007146629,51.9694257537871,TRUE
0.91,0.0014,-0.18483743351444,0.472346075391954,52.973795546478,TRUE
0.915,0.0014,-0.172459585746274,0.484387591764766,53.9666642986278,TRUE
0.92,0.0014,-0.160153276756722,0.496303204580103,54.9479407048449,TRUE
0.925,0.0014,-0.147921061317551,0.508091630533377,55.9175448061718,TRUE
0.93,0.0014,-0.13576537695319,0.51975171672667,56.8754077477381,TRUE
0.935,0.0014,-0.123688544031803,0.531282438162545,57.8214715201168,TRUE
0.94,0.0014,-0.111692766122099,0.542682895043155,58.7556886859987,TRUE
0.945,0.0014,-0.0997801306024532,0.553952309892714,59.6780220937837,TRUE
0.95,0.0014,-0.0879526095085034,0.56509002452121,60.5884445796557,TRUE
0.955,0.0014,-0.0762120606050784,0.576095496846958,61.4869386596771,TRUE
0.96,0.0014,-0.0645602286680927,0.586968297595232,62.3734962133931,TRUE
0.965,0.0014,-0.0529987469619237,0.597708106889788,63.2481181603915,TRUE
0.97,0.0014,-0.0415291388977834,0.608314710753562,64.1108141312067,TRUE
0.975,0.0014,-0.0301528198586213,0.618787997534301,64.9616021339043,TRUE
0.98,0.0014,-0.0188710991762697,0.629127954270222,65.8005082176163,TRUE
0.985,0.0014,-0.00768518224671922,0.63933466301017,66.6275661342366,TRUE
0.725,0.0016,-0.617110644940755,0.0124992045264473,14.6521283907615,TRUE
0.73,0.0016,-0.604528490875442,0.0270471103807423,15.9012254681103,TRUE
0.735,0.0016,-0.591883929439192,0.0415859355669285,17.1480234595483,TRUE
0.74,0.0016,-0.579181304323017,0.0561108136249861,18.3921074412568,TRUE
0.745,0.0016,-0.566425009236211,0.0706169014456774,19.6330660127278,TRUE
0.75,0.0016,-0.553619480355011,0.0850993873003018,20.8704919730896,TRUE
0.755,0.0016,-0.540769188685649,0.0995534987485262,22.1039829828307,TRUE
0.76,0.0016,-0.527878632372171,0.113974510394236,23.3331422084387,TRUE
0.765,0.0016,-0.514952328979475,0.128357751460443,24.557578947583,TRUE
0.77,0.0016,-0.501994807781875,0.14269861315551,25.7769092325955,TRUE
0.775,0.0016,-0.489010602087138,0.15699255580438,26.9907564101476,TRUE
0.78,0.0016,-0.476004241625385,0.171235115720097,28.1987516951726,TRUE
0.785,0.0016,-0.462980245031488,0.185421911792618,29.400534697249,TRUE
0.79,0.0016,-0.449943112448672,0.199548651773794,30.5957539178357,TRUE
0.795,0.0016,-0.436897318279877,0.213611138239361,31.7840672169284,TRUE
0.8,0.0016,-0.423847304112212,0.227605274210853,32.9651422479002,TRUE
0.805,0.0016,-0.410797471838368,0.241527068422467,34.1386568594755,TRUE
0.81,0.0016,-0.397752176997337,0.25537264022011,35.3042994639856,TRUE
0.815,0.0016,-0.384715722355103,0.26913822408204,36.4617693712476,TRUE
0.82,0.0016,-0.371692351744229,0.282820173752777,37.6107770876018,TRUE
0.825,0.0016,-0.358686244179432,0.29641496598412,38.7510445798363,TRUE
0.83,0.0016,-0.345701508264324,0.309919203879332,39.8823055039135,TRUE
0.835,0.0016,-0.332742176902611,0.32332961983866,41.0043053985936,TRUE
0.84,0.0016,-0.319812202325026,0.336643078106458,42.1168018442294,TRUE
0.845,0.0016,-0.306915451441393,0.349856576922149,43.2195645871662,TRUE
0.85,0.0016,-0.294055701525181,0.3629672502792,44.3123756303457,TRUE
0.855,0.0016,-0.281236636236084,0.375972369298063,45.3950292908533,TRUE
0.86,0.0016,-0.26846184198419,0.388869343220749,46.4673322252895,TRUE
0.865,0.0016,-0.255734804637566,0.401655720036244,47.5291034239666,TRUE
0.87,0.0016,-0.243058906573264,0.414329186747459,48.5801741750492,TRUE
0.875,0.0016,-0.23043742407012,0.426887569291668,49.6203879998538,TRUE
0.88,0.0016,-0.217873525040111,0.439328832127597,50.6496005606133,TRUE
0.885,0.0016,-0.205370267093544,0.451651077503341,51.6676795420863,TRUE
0.89,0.0016,-0.192930595931968,0.463852544420177,52.6745045084557,TRUE
0.895,0.0016,-0.18055734406142,0.475931607308101,53.6699667370113,TRUE
0.9,0.0016,-0.168253229817434,0.487886774429538,54.6539690301498,TRUE
0.905,0.0016,-0.156020856692211,0.499716686028116,55.626425507254,TRUE
0.91,0.0016,-0.143862712953383,0.511420112239825,56.5872613780299,TRUE
0.915,0.0016,-0.131781171543005,0.522995950784019,57.5364126988844,TRUE
0.92,0.0016,-0.119778490244691,0.5344432244519,58.4738261139246,TRUE
0.925,0.0016,-0.107856812106205,0.545761078410077,59.3994585821465,TRUE
0.93,0.0016,-0.0960181661043683,0.556948777336723,60.3132770923575,TRUE
0.935,0.0016,-0.0842644680387214,0.568005702407616,61.2152583673504,TRUE
0.94,0.0016,-0.0725975216401387,0.578931348149083,62.1053885588085,TRUE
0.945,0.0016,-0.061019019880399,0.589725319174495,62.9836629343797,TRUE
0.95,0.0016,-0.0495305464686338,0.600387326820509,63.8500855583089,TRUE
0.955,0.0016,-0.0381335775205625,0.610917185698756,64.7046689669662,TRUE
0.96,0.0016,-0.0268294833865235,0.621314810178112,65.5474338405499,TRUE
0.965,0.0016,-0.0156195306244319,0.631580210812078,66.3784086721848,TRUE
0.97,0.0016,-0.00450488410404233,0.641713490725166,67.1976294355722,TRUE
0.705,0.0018,-0.623425723498459,0.00433356254569409,14.3718154927532,TRUE
0.71,0.0018,-0.610933708214947,0.018822922867761,15.6167013054762,TRUE
0.715,0.0018,-0.598377481206968,0.0333060144809129,16.8594945553099,TRUE
0.72,0.0018,-0.585761299874288,0.0477780228524294,18.0997839692186,TRUE
0.725,0.0018,-0.573089474895755,0.0622341518692136,19.3371614005075,TRUE
0.73,0.0018,-0.560366362897986,0.0766696317540139,20.5712224976603,TRUE
0.735,0.0018,-0.547596359023904,0.0910797268799714,21.801567360249,TRUE
0.74,0.0018,-0.534783889430515,0.105459743453806,23.0278011794496,TRUE
0.745,0.0018,-0.521933403745427,0.119805037038923,24.2495348608029,TRUE
0.75,0.0018,-0.509049367511682,0.134111019890757,25.4663856269689,TRUE
0.755,0.0018,-0.496136254650139,0.148373168078006,26.6779775983563,TRUE
0.76,0.0018,-0.483198539968322,0.162587028364805,27.8839423496495,TRUE
0.765,0.0018,-0.47024069174396,0.176748224830511,29.0839194404096,TRUE
0.77,0.0018,-0.457267164410677,0.190852465205471,30.2775569180871,TRUE
0.775,0.0018,-0.444282391372278,0.204895546903034,31.4645117919625,TRUE
0.78,0.0018,-0.431290777970995,0.218873362729957,32.6444504767015,TRUE
0.785,0.0018,-0.418296694633693,0.232781906259409,33.8170492044022,TRUE
0.79,0.0018,-0.405304470218675,0.246617276852861,34.9819944041951,TRUE
0.795,0.0018,-0.392318385584156,0.260375684319254,36.1389830486466,TRUE
0.8,0.0018,-0.379342667397824,0.27405345320199,37.2877229664058,TRUE
0.805,0.0018,-0.366381482205216,0.287647026686435,38.4279331207203,TRUE
0.81,0.0018,-0.353438930772797,0.301152970122756,39.5593438536314,TRUE
0.815,0.0018,-0.34051904271982,0.314567974160996,40.681697095838,TRUE
0.82,0.0018,-0.327625771451152,0.327888857497358,41.7947465423927,TRUE
0.825,0.0018,-0.314762989401373,0.341112569232623,42.8982577945565,TRUE
0.83,0.0018,-0.301934483598544,0.354236190845561,43.9920084683019,TRUE
0.835,0.0018,-0.289143951554189,0.367256937785966,45.0757882700962,TRUE
0.84,0.0018,-0.276394997484173,0.3801721606937,46.1493990407408,TRUE
0.845,0.0018,-0.26369112886338,0.392979346251672,47.2126547681669,TRUE
0.85,0.0018,-0.251035753315328,0.405676117682225,48.2653815702056,TRUE
0.855,0.0018,-0.238432175836225,0.418260234897674,49.3074176484552,TRUE
0.86,0.0018,-0.225883596351322,0.430729594317049,50.3386132144619,TRUE
0.865,0.0018,-0.213393107599987,0.443082228362102,51.3588303895097,TRUE
0.87,0.0018,-0.200963693344429,0.455316304646659,52.3679430793862,TRUE
0.875,0.0018,-0.188598226895773,0.467430124874169,53.3658368255454,TRUE
0.88,0.0018,-0.176299469949909,0.479422123459031,54.3524086341376,TRUE
0.885,0.0018,-0.164070071724516,0.491290865887787,55.3275667844055,TRUE
0.89,0.0018,-0.151912568387592,0.503035046836753,56.2912306179736,TRUE
0.895,0.0018,-0.139829382767047,0.514653488062904,57.2433303105674,TRUE
0.9,0.0018,-0.127822824330055,0.526145136085074,58.1838066277018,TRUE
0.905,0.0018,-0.115895089420284,0.537509059672555,59.1126106658726,TRUE
0.91,0.0018,-0.104048261740549,0.548744447158191,60.0297035807696,TRUE
0.915,0.0018,-0.0922843130679817,0.559850603592904,60.9350563040038,TRUE
0.92,0.0018,-0.0806051041885146,0.570826947758377,61.8286492498154,TRUE
0.925,0.0018,-0.069012386037189,0.581673009054346,62.7104720131873,TRUE
0.93,0.0018,-0.0575078010306872,0.592388424276513,63.5805230607495,TRUE
0.935,0.0018,-0.0460928845783985,0.602972934300728,64.4388094158098,TRUE
0.94,0.0018,-0.0347690667583771,0.613426380688509,65.2853463387938,TRUE
0.945,0.0018,-0.0235376741446077,0.623748702228479,66.1201570043235,TRUE
0.95,0.0018,-0.0123999317721984,0.633939931427649,66.9432721760999,TRUE
0.955,0.0018,-0.00135696522730409,0.644000190965902,67.7547298806996,TRUE
0.69,0.002,-0.617185541400433,0.0106646163278967,15.3320145322032,TRUE
0.695,0.002,-0.604719498180175,0.0250890147911296,16.5705894042559,TRUE
0.7,0.002,-0.592191704619389,0.0395051324310895,17.8068673778585,TRUE
0.705,0.002,-0.579606386294332,0.0539082239390198,19.0404438550398,TRUE
0.71,0.002,-0.566967817985349,0.0682935654503778,20.2709176380965,TRUE
0.715,0.002,-0.554280316458618,0.0826564622521434,21.4978915785664,TRUE
0.72,0.002,-0.54154823316267,0.0969922563787013,22.7209732124577,TRUE
0.725,0.002,-0.528775946868235,0.111296334067896,23.9397753793846,TRUE
0.73,0.002,-0.515967856280094,0.125564133049774,25.1539168233656,TRUE
0.735,0.002,-0.503128372649478,0.139791149641697,26.3630227731565,TRUE
0.74,0.002,-0.490261912415305,0.153972945624787,27.5667255001209,TRUE
0.745,0.002,-0.477372889902002,0.168105154878126,28.7646648517848,TRUE
0.75,0.002,-0.46446571010104,0.182183489748727,29.9564887593734,TRUE
0.755,0.002,-0.451544761562415,0.196203747137008,31.1418537177909,TRUE
0.76,0.002,-0.43861440942134,0.210161814279316,32.3204252366739,TRUE
0.765,0.002,-0.425678988584225,0.22405367421098,33.4918782613228,TRUE
0.77,0.002,-0.412742797096754,0.237875410895296,34.6558975624963,TRUE
0.775,0.002,-0.399810089715401,0.251623214005946,35.8121780942353,TRUE
0.78,0.002,-0.386885071702262,0.265293383352358,36.9604253190646,TRUE
0.785,0.002,-0.3739718928614,0.278882332939593,38.1003555001029,TRUE
0.79,0.002,-0.361074641833254,0.292386594656456,39.2316959597926,TRUE
0.795,0.002,-0.348197340661878,0.305802821587499,40.354185305135,TRUE
0.8,0.002,-0.335343939647991,0.319127790946689,41.4675736194894,TRUE
0.805,0.002,-0.32251831249903,0.332358406632355,42.5716226211581,TRUE
0.81,0.002,-0.309724251785504,0.345491701405041,43.6661057891373,TRUE
0.815,0.002,-0.296965464711197,0.358524838691574,44.7508084565642,TRUE
0.82,0.002,-0.28424556920292,0.371455114020488,45.8255278725298,TRUE
0.825,0.002,-0.271568090323765,0.384279956095464,46.8900732330548,TRUE
0.83,0.002,-0.258936457012081,0.396996927515016,47.9442656821514,TRUE
0.835,0.002,-0.246353999146766,0.409603725148005,48.9879382839951,TRUE
0.84,0.002,-0.233823944937818,0.422098180175854,50.0209359673342,TRUE
0.845,0.002,-0.221349418639653,0.434478257813438,51.0431154433462,TRUE
0.85,0.002,-0.208933438583198,0.446742056721692,52.0543450982264,TRUE
0.855,0.002,-0.196578915521504,0.458887808125799,53.0545048618562,TRUE
0.86,0.002,-0.184288651282312,0.470913874653628,54.0434860539494,TRUE
0.865,0.002,-0.172065337719976,0.482818748909659,55.0211912091156,TRUE
0.87,0.002,-0.159911555958005,0.4946010518002,55.9875338823078,TRUE
0.875,0.002,-0.147829775912678,0.506259530626008,56.9424384361413,TRUE
0.88,0.002,-0.135822356087277,0.517793056958737,57.8858398115791,TRUE
0.885,0.002,-0.123891543625866,0.529200624317766,58.8176832834781,TRUE
0.89,0.002,-0.112039474614869,0.540481345663995,59.7379242024836,TRUE
0.895,0.002,-0.100268174620265,0.551634450727159,60.6465277247379,TRUE
0.9,0.002,-0.0885795594477758,0.562659283183049,61.5434685308488,TRUE
0.905,0.002,-0.0769754361131611,0.573555297696792,62.4287305355278,TRUE
0.91,0.002,-0.0654575040094947,0.584322056848044,63.302306589274,TRUE
0.915,0.002,-0.054027356258203,0.594959227953563,64.1641981734333,TRUE
0.92,0.002,-0.0426864812305894,0.605466579802168,65.0144150899168,TRUE
0.925,0.002,-0.0314362642266103,0.615843979316631,65.8529751468098,TRUE
0.93,0.002,-0.0202779892977915,0.626091388156453,66.6799038410472,TRUE
0.935,0.002,-0.00921284120131373,0.636208859274941,67.4952340392738,TRUE
0.67,0.0022,-0.623284193915457,0.00257533096562943,15.0473371602832,TRUE
0.675,0.0022,-0.61091003818344,0.0169381960140142,16.28148730474,TRUE
0.68,0.0022,-0.598472431069329,0.0312955180359431,17.5135440011544,TRUE
0.685,0.0022,-0.585975511254925,0.0456426060968143,18.7431064795058,TRUE
0.69,0.0022,-0.573423469656409,0.0599747859774572,19.9697769855029,TRUE
0.695,0.0022,-0.560820542425771,0.0742874077613,21.1931614215731,TRUE
0.7,0.0022,-0.548171003853663,0.0885758533292751,22.4128699757036,TRUE
0.705,0.0022,-0.535479159201179,0.102835543734489,23.6285177358108,TRUE
0.71,0.0022,-0.522749337488361,0.117061946429449,24.8397252874047,TRUE
0.715,0.0022,-0.509985884267143,0.131250582319687,26.046119292421,TRUE
0.72,0.0022,-0.497193154406366,0.145397032618725,27.2473330472136,TRUE
0.725,0.0022,-0.484375504916025,0.1594969454807,28.4430070178316,TRUE
0.73,0.0022,-0.471537287837473,0.173546042388381,29.6327893508455,TRUE
0.735,0.0022,-0.458682843225491,0.187540124275922,30.816336358142,TRUE
0.74,0.0022,-0.445816492247326,0.201475077367384,31.9933129742629,TRUE
0.745,0.0022,-0.432942530422729,0.215346878713863,33.1633931850343,TRUE
0.75,0.0022,-0.420065221027856,0.229151601413897,34.3262604263978,TRUE
0.755,0.0022,-0.40718878868461,0.242885419503806,35.4816079525345,TRUE
0.76,0.0022,-0.394317413155578,0.256544612506542,36.629139172546,TRUE
0.765,0.0022,-0.381455223363213,0.27012556962964,37.7685679551342,TRUE
0.77,0.0022,-0.368606291650313,0.283624793604869,38.8996189008951,TRUE
0.775,0.0022,-0.355774628297207,0.297038904164154,40.0220275820164,TRUE
0.78,0.0022,-0.342964176309328,0.310364641148318,41.1355407493355,TRUE
0.785,0.0022,-0.330178806487137,0.323598867247106,42.2399165068771,TRUE
0.79,0.0022,-0.317422312788586,0.336738570370821,43.3349244541492,TRUE
0.795,0.0022,-0.304698407992542,0.349780865655706,44.4203457966205,TRUE
0.8,0.0022,-0.292010719669853,0.362722997106903,45.4959734249491,TRUE
0.805,0.0022,-0.279362786467011,0.375562338884465,46.5616119636586,TRUE
0.81,0.0022,-0.26675805470565,0.388296396239405,47.6170777900842,TRUE
0.815,0.0022,-0.254199875299522,0.400922806108189,48.6621990245194,TRUE
0.82,0.0022,-0.241691500988968,0.41343933737539,49.6968154925976,TRUE
0.825,0.0022,-0.229236083891424,0.425843890815367,50.7207786610318,TRUE
0.83,0.0022,-0.216836673365042,0.438134498724958,51.7339515479136,TRUE
0.835,0.0022,-0.204496214181193,0.450309324260039,52.7362086088422,TRUE
0.84,0.0022,-0.19221754500032,0.462366660489674,53.7274356002097,TRUE
0.845,0.0022,-0.180003397144496,0.474304929182228,54.707529421014,TRUE
0.85,0.0022,-0.16785639365893,0.486122679338421,55.6763979346084,TRUE
0.855,0.0022,-0.155779048653765,0.497818585486686,56.6339597718172,TRUE
0.86,0.0022,-0.143773766916585,0.509391445756615,57.5801441168667,TRUE
0.865,0.0022,-0.131842843785374,0.520840179746398,58.5148904775832,TRUE
0.87,0.0022,-0.119988465270946,0.532163826200363,59.4381484413066,TRUE
0.875,0.0022,-0.108212708417372,0.543361540512659,60.349877417959,TRUE
0.88,0.0022,-0.0965175418884348,0.554432592073132,61.250046371685,TRUE
0.885,0.0022,-0.0849048267678332,0.565376361471182,62.1386335424577,TRUE
0.89,0.0022,-0.0733763175605357,0.576192337573233,63.0156261590102,TRUE
0.895,0.0022,-0.0619336633825684,0.586880114489056,63.8810201444142,TRUE
0.9,0.0022,-0.0505784093263663,0.597439388441859,64.734819815585,TRUE
0.905,0.0022,-0.0393119979888538,0.60786995455657,65.5770375779441,TRUE
0.91,0.0022,-0.0281357711494292,0.618171703580284,66.4076936164205,TRUE
0.915,0.0022,-0.0170509715851789,0.628344618548272,67.2268155839161,TRUE
0.92,0.0022,-0.00605874501081496,0.638388771408419,68.034438288305,TRUE
0.655,0.0024,-0.616949380800587,0.00885663222924875,15.9923630120474,TRUE
0.66,0.0024,-0.60460361504008,0.0231523723908923,17.2199958316616,TRUE
0.665,0.0024,-0.592196842119583,0.0374406066428963,18.4453382566387,TRUE
0.67,0.0024,-0.57973316734759,0.0517167139096356,19.6679962502952,TRUE
0.675,0.0024,-0.567216744297403,0.0659760927286278,20.8875790502774,TRUE
0.68,0.0024,-0.554651767922684,0.080214168631808,22.1036997899839,TRUE
0.685,0.0024,-0.542042467588625,0.0944264014254265,23.3159761070902,TRUE
0.69,0.0024,-0.529393100045546,0.108608292341734,24.5240307369583,TRUE
0.695,0.0024,-0.516707942371816,0.122755391036536,25.7274920888172,TRUE
0.7,0.0024,-0.503991284912926,0.136863302407661,26.9259948026981,TRUE
0.705,0.0024,-0.491247424243293,0.150927693210643,28.1191802852401,TRUE
0.71,0.0024,-0.478480656176972,0.164944298449169,29.3066972226025,TRUE
0.715,0.0024,-0.465695268852816,0.17890892751937,30.4882020688709,TRUE
0.72,0.0024,-0.452895535918916,0.192817470088559,31.6633595084872,TRUE
0.725,0.0024,-0.44008570984021,0.206665901690723,32.831842891394,TRUE
0.73,0.0024,-0.427270015352119,0.22045028902281,33.9933346397465,TRUE
0.735,0.0024,-0.414452643081867,0.234166794927718,35.1475266252097,TRUE
0.74,0.0024,-0.401637743357892,0.247811683051713,36.2941205160282,TRUE
0.745,0.0024,-0.388829420226279,0.261381322165974,37.4328280932295,TRUE
0.75,0.0024,-0.376031725691756,0.274872190143836,38.5633715354841,TRUE
0.755,0.0024,-0.363248654199141,0.288280877587282,39.6854836723232,TRUE
0.76,0.0024,-0.35048413736959,0.301604091098086,40.798908205571,TRUE
0.765,0.0024,-0.33774203900427,0.314838656190948,41.9033998990152,TRUE
0.77,0.0024,-0.325026150366456,0.327981519847763,42.9987247364921,TRUE
0.775,0.0024,-0.312340185751289,0.341029752713944,44.0846600487103,TRUE
0.78,0.0024,-0.299687778350792,0.353980550939441,45.1609946092805,TRUE
0.785,0.0024,-0.287072476420016,0.366831237668717,46.2275287005504,TRUE
0.79,0.0024,-0.274497739748559,0.379579264185465,47.2840741499666,TRUE
0.795,0.0024,-0.261966936440068,0.392222210719305,48.3304543378008,TRUE
0.8,0.0024,-0.249483340000786,0.404757786923017,49.3665041771826,TRUE
0.805,0.0024,-0.237050126736698,0.417183832030086,50.3920700674709,TRUE
0.81,0.0024,-0.224670373457385,0.429498314703447,51.4070098220853,TRUE
0.815,0.0024,-0.212347055483367,0.441699332587293,52.4111925719842,TRUE
0.82,0.0024,-0.200083044952408,0.453785111574685,53.4044986460445,TRUE
0.825,0.0024,-0.187881109419114,0.465754004804442,54.3868194296431,TRUE
0.83,0.0024,-0.175743910741021,0.47760449140143,55.3580572027866,TRUE
0.835,0.0024,-0.163674004243421,0.489335174974855,56.3181249591605,TRUE
0.84,0.0024,-0.151673838154236,0.500944781889613,57.2669462074955,TRUE
0.845,0.0024,-0.139745753299499,0.512432159325969,58.2044547566548,TRUE
0.85,0.0024,-0.127891983049253,0.523796273143091,59.1305944858535,TRUE
0.855,0.0024,-0.11611465350313,0.535036205561992,60.0453191014113,TRUE
0.86,0.0024,-0.104415783904324,0.546151152683466,60.9485918814305,TRUE
0.865,0.0024,-0.0927972872703025,0.557140421856462,61.8403854097658,TRUE
0.87,0.0024,-0.081260971228239,0.568003428912207,62.7206813006308,TRUE
0.875,0.0024,-0.0698085390429697,0.578739695279081,63.5894699151477,TRUE
0.88,0.0024,-0.0584415908250604,0.589348844992971,64.4467500711131,TRUE
0.885,0.0024,-0.0471616249065728,0.599830601617417,65.2925287472052,TRUE
0.89,0.0024,-0.0359700393720456,0.610184785087433,66.1268207828167,TRUE
0.895,0.0024,-0.0248681337323401,0.620411308490395,66.9496485746406,TRUE
0.9,0.0024,-0.013857110729074,0.630510174796887,67.7610417710896,TRUE
0.905,0.0024,-0.00293807825760638,0.640481473553781,68.5610369655686,TRUE
0.635,0.0026,-0.622838017707778,0.000847210895668931,15.7033864307798,TRUE
0.64,0.0026,-0.610585606440196,0.0150787035680857,16.9264001828069,TRUE
0.645,0.0026,-0.598270587006664,0.0293053515185669,18.147323681203,TRUE
0.65,0.0026,-0.585896977632994,0.0435225900745352,19.3657668652499,TRUE
0.655,0.0026,-0.573468847617665,0.0577258696547766,20.5813425770257,TRUE
0.66,0.0026,-0.56099031066526,0.0719106630254823,21.7936671744503,TRUE
0.665,0.0026,-0.548465518123297,0.086072472472967,23.0023611329515,TRUE
0.67,0.0026,-0.53589865214824,0.100206836866712,24.2070496335642,TRUE
0.675,0.0026,-0.523293918826663,0.114309338587129,25.4073631353598,TRUE
0.68,0.0026,-0.510655541277606,0.128375610293291,26.602937930198,TRUE
0.685,0.0026,-0.497987752761985,0.142401341506999,27.7934166779085,TRUE
0.69,0.0026,-0.48529478982467,0.15638228499067,28.9784489201238,TRUE
0.695,0.0026,-0.472580885494283,0.170314262897944,30.1576915711212,TRUE
0.7,0.0026,-0.459850262565219,0.184193172677281,31.3308093841692,TRUE
0.705,0.0026,-0.447107126985538,0.198014992710454,32.4974753920234,TRUE
0.71,0.0026,-0.434355661373486,0.211775787669417,33.657371320367,TRUE
0.715,0.0026,-0.42160001868432,0.225471713576802,34.8101879731549,TRUE
0.72,0.0026,-0.408844316047944,0.239099022557057,35.9556255889759,TRUE
0.725,0.0026,-0.396092628796559,0.252654067267058,37.0933941677174,TRUE
0.73,0.0026,-0.383348984700181,0.266133304996881,38.2232137669759,TRUE
0.735,0.0026,-0.370617358426372,0.27953330143328,39.3448147678232,TRUE
0.74,0.0026,-0.35790166623906,0.292850734080268,40.4579381096981,TRUE
0.745,0.0026,-0.345205760949699,0.306082395333029,41.5623354943498,TRUE
0.75,0.0026,-0.332533427132464,0.319225195203184,42.6577695589148,TRUE
0.755,0.0026,-0.319888376613474,0.332276163695199,43.7440140183541,TRUE
0.76,0.0026,-0.307274244242483,0.345232452835391,44.8208537776184,TRUE
0.765,0.0026,-0.294694583953773,0.358091338356628,45.8880850140444,TRUE
0.77,0.0026,-0.282152865121414,0.370850221043335,46.945515230606,TRUE
0.775,0.0026,-0.269652469212454,0.383506627742894,47.9929632807656,TRUE
0.78,0.0026,-0.257196686740071,0.396058212050845,49.0302593657717,TRUE
0.785,0.0026,-0.244788714517232,0.408502754678576,50.057245005351,TRUE
0.79,0.0026,-0.232431653209964,0.420838163513292,51.0737729828262,TRUE
0.795,0.0026,-0.220128505188004,0.433062473381118,52.0797072657681,TRUE
0.8,0.0026,-0.207882172669291,0.445173845525094,53.0749229033605,TRUE
0.805,0.0026,-0.195695456153596,0.457170566810591,54.059305901705,TRUE
0.81,0.0026,-0.183571053139433,0.469051048671421,55.0327530783468,TRUE
0.815,0.0026,-0.171511557117403,0.480813825810432,55.995171897332,TRUE
0.82,0.0026,-0.159519456832189,0.492457554668868,56.9464802861385,TRUE
0.825,0.0026,-0.147597135804564,0.503981011679131,57.8866064358346,TRUE
0.83,0.0026,-0.135746872104063,0.51538309131581,58.8154885858322,TRUE
0.835,0.0026,-0.12397083836231,0.526662803960013,59.7330747945984,TRUE
0.84,0.0026,-0.112271102016424,0.537819273592085,60.6393226976843,TRUE
0.845,0.0026,-0.10064962577152,0.548851735327759,61.5341992544089,TRUE
0.85,0.0026,-0.0891082682708704,0.559759532812671,62.4176804845237,TRUE
0.855,0.0026,-0.0776487849620869,0.570542115489984,63.2897511961449,TRUE
0.86,0.0026,-0.0662728291474206,0.581199035755595,64.1504047062154,TRUE
0.865,0.0026,-0.0549819532061957,0.59172994601507,64.9996425547151,TRUE
0.87,0.0026,-0.0437776099772979,0.60213459565608,65.8374742137983,TRUE
0.875,0.0026,-0.0326611542897025,0.612412827949665,66.6639167929892,TRUE
0.88,0.0026,-0.0216338446290605,0.622564576893186,67.4789947415191,TRUE
0.885,0.0026,-0.0106968449285475,0.63258986400729,68.2827395488331,TRUE
0.62,0.0028,-0.616418959595308,0.00707733413708708,16.6329293864755,TRUE
0.625,0.0028,-0.604197160569904,0.02123978295109,17.8492424280842,TRUE
0.63,0.0028,-0.591915175433239,0.0353954736928724,19.0632756243373,TRUE
0.635,0.0028,-0.579576987775235,0.0495399118553861,20.2746456754294,TRUE
0.64,0.0028,-0.56718662840159,0.0636686207960201,21.4829724280889,TRUE
0.645,0.0028,-0.554748168781405,0.0777771487907542,22.6878794694444,TRUE
0.65,0.0028,-0.542265714411767,0.0918610759964184,23.8889947088189,TRUE
0.655,0.0028,-0.529743398124338,0.105916021295834,25.0859509453712,TRUE
0.66,0.0028,-0.517185373359092,0.119937649001411,26.2783864195913,TRUE
0.665,0.0028,-0.50459580743036,0.133921675393677,27.4659453467537,TRUE
0.67,0.0028,-0.491978874810081,0.147863875072293,28.6482784305451,TRUE
0.675,0.0028,-0.479338750452833,0.16176008709835,29.8250433552038,TRUE
0.68,0.0028,-0.466679603186692,0.17560622090799,30.9959052546361,TRUE
0.685,0.0028,-0.454005589193265,0.189398261978952,32.1605371571184,TRUE
0.69,0.0028,-0.441320845599468,0.203132277233038,33.318620404331,TRUE
0.695,0.0028,-0.428629484202645,0.216804420159249,34.4698450436284,TRUE
0.7,0.0028,-0.415935585349577,0.230410935643906,35.6139101925968,TRUE
0.705,0.0028,-0.40324319198872,0.243948164495882,36.7505243751137,TRUE
0.71,0.0028,-0.390556303913788,0.25741254765678,37.8794058282761,TRUE
0.715,0.0028,-0.377878872215383,0.270800630087724,39.0002827797272,TRUE
0.72,0.0028,-0.365214793955982,0.284109064326179,40.1128936950633,TRUE
0.725,0.0028,-0.352567907082084,0.297334613708031,41.2169874951611,TRUE
0.73,0.0028,-0.339941985585819,0.310474155251864,42.3123237434114,TRUE
0.735,0.0028,-0.327340734926706,0.32352468220415,43.3986728029947,TRUE
0.74,0.0028,-0.314767787722753,0.336483306245674,44.4758159644706,TRUE
0.745,0.0028,-0.302226699718437,0.349347259361164,45.5435455440879,TRUE
0.75,0.0028,-0.289720946035604,0.3621138953756,46.6016649533465,TRUE
0.755,0.0028,-0.277253917711721,0.374780691162157,47.6499887404605,TRUE
0.76,0.0028,-0.264828918528466,0.38734524752807,48.6883426044799,TRUE
0.765,0.0028,-0.252449162132113,0.399805289786008,49.7165633829274,TRUE
0.77,0.0028,-0.24011776944582,0.412158668019693,50.7344990138978,TRUE
0.775,0.0028,-0.227837766372494,0.42440335705357,51.7420084736473,TRUE
0.78,0.0028,-0.215612081785719,0.4365374561373,52.7389616907695,TRUE
0.785,0.0028,-0.203443545804933,0.44855918835668,53.725239438117,TRUE
0.79,0.0028,-0.191334888349974,0.460466899783338,54.7007332036768,TRUE
0.795,0.0028,-0.179288737969038,0.472259058376195,55.6653450416498,TRUE
0.8,0.0028,-0.16730762093314,0.483934252648174,56.618987405015,TRUE
0.805,0.0028,-0.155393960589317,0.495491190112086,57.5615829608836,TRUE
0.81,0.0028,-0.143550076963999,0.506928695519908,58.4930643899587,TRUE
0.815,0.0028,-0.131778186607339,0.518245708909899,59.4133741714265,TRUE
0.82,0.0028,-0.120080402668629,0.52944128347611,60.3224643545963,TRUE
0.825,0.0028,-0.1084587351925,0.540514583274876,61.2202963186025,TRUE
0.83,0.0028,-0.0969150916251146,0.55146488078283,62.1068405214626,TRUE
0.835,0.0028,-0.0854512775192769,0.562291554320837,62.9820762397609,TRUE
0.84,0.0028,-0.0740689974270822,0.572994085358061,63.8459913002036,TRUE
0.845,0.0028,-0.0627698559686163,0.583572055710072,64.6985818042511,TRUE
0.85,0.0028,-0.0515553590650349,0.594025144644632,65.5398518470025,TRUE
0.855,0.0028,-0.0404269153243965,0.604353125908345,66.3698132314573,TRUE
0.86,0.0028,-0.0293858375685844,0.614555864686996,67.1884851792422,TRUE
0.865,0.0028,-0.018433344489808,0.624633314511887,67.9958940388337,TRUE
0.87,0.0028,-0.00757056242526147,0.634585514123998,68.7920729922662,TRUE
0.605,0.003,-0.609977174343634,0.0132466589224333,17.5512690560946,TRUE
0.61,0.003,-0.597788234775563,0.027338241355688,18.7607043576415,TRUE
0.615,0.003,-0.585541501193506,0.041421211945366,19.9676772266052,TRUE
0.62,0.003,-0.573240920110708,0.0554911477671951,21.1718112475969,TRUE
0.625,0.003,-0.560890481513256,0.0695436463743661,22.3727333788716,TRUE
0.63,0.003,-0.548494212428306,0.0835743326478395,23.5700745268919,TRUE
0.635,0.003,-0.536056170422152,0.0975788655469827,24.7634701082075,TRUE
0.64,0.003,-0.523580437052405,0.111552944736481,25.9525605966772,TRUE
0.645,0.003,-0.511071111298585,0.125492317066233,27.1369920541429,TRUE
0.65,0.003,-0.498532302995373,0.139392782881921,28.316416642774,TRUE
0.655,0.003,-0.485968126292465,0.153250202145012,29.4904931174032,TRUE
0.66,0.003,-0.473382693164584,0.167060500342174,30.6588872963026,TRUE
0.665,0.003,-0.460780106994629,0.180819674165387,31.8212725089728,TRUE
0.67,0.003,-0.448164456252258,0.19452379694548,32.9773300196551,TRUE
0.675,0.003,-0.435539808289327,0.208169023823318,34.1267494254207,TRUE
0.68,0.003,-0.422910203272712,0.22175159664443,35.2692290278337,TRUE
0.685,0.003,-0.410279648273899,0.235267848564542,36.4044761773377,TRUE
0.69,0.003,-0.397652111533632,0.248714208355112,37.5322075896642,TRUE
0.695,0.003,-0.385031516918575,0.262087204399714,38.6521496337162,TRUE
0.7,0.003,-0.372421738585688,0.2753834683738,39.7640385905301,TRUE
0.705,0.003,-0.359826595868545,0.28859973860213,40.86762088307,TRUE
0.71,0.003,-0.34724984839845,0.301732863089813,41.9626532767538,TRUE
0.715,0.003,-0.334695191471645,0.314779802224623,43.0489030507574,TRUE
0.72,0.003,-0.322166251672487,0.327737631149871,44.1261481402748,TRUE
0.725,0.003,-0.309666582760868,0.340603541808689,45.1941772500524,TRUE
0.73,0.003,-0.297199661830718,0.353374844662125,46.252789939632,TRUE
0.735,0.003,-0.284768885744856,0.366048970084884,47.301796680864,TRUE
0.74,0.003,-0.272377567850044,0.378623469443919,48.3410188883549,TRUE
0.745,0.003,-0.260028934974616,0.391096015866376,49.3702889236191,TRUE
0.75,0.003,-0.247726124709681,0.403464404704567,50.3894500737966,TRUE
0.755,0.003,-0.235472182973535,0.415726553706761,51.3983565058806,TRUE
0.76,0.003,-0.223270061857665,0.427880502903547,52.3968731974735,TRUE
0.765,0.003,-0.211122617751495,0.439924414220455,53.3848758451562,TRUE
0.77,0.003,-0.199032609741877,0.451856570828249,54.3622507516071,TRUE
0.775,0.003,-0.187002698282291,0.463675376243039,55.3288946926563,TRUE
0.78,0.003,-0.175035444125717,0.475379353188906,56.2847147654954,TRUE
0.785,0.003,-0.163133307514258,0.486967142236197,57.2296282192909,TRUE
0.79,0.003,-0.151298647617768,0.498437500229052,58.1635622694689,TRUE
0.795,0.003,-0.139533722213037,0.509789298515959,59.0864538969494,TRUE
0.8,0.003,-0.127840687594426,0.521021520997357,59.9982496336097,TRUE
0.805,0.003,-0.116221598706317,0.532133262004346,60.8989053352547,TRUE
0.81,0.003,-0.104678409487248,0.543123724022637,61.7883859433589,TRUE
0.815,0.003,-0.0932129734152673,0.55399221527573,62.6666652368252,TRUE
0.82,0.003,-0.0818270442436759,0.564738147181238,63.5337255749871,TRUE
0.825,0.003,-0.0705222769161744,0.575361031693993,64.3895576330455,TRUE
0.83,0.003,-0.0593002286502072,0.585860478549361,65.234160131104,TRUE
0.835,0.003,-0.0481623601772791,0.596236192419816,66.067539557923,TRUE
0.84,0.003,-0.037110037128945,0.606487969997473,66.8897098904764,TRUE
0.845,0.003,-0.0261445315572717,0.616615697014849,67.7006923103457,TRUE
0.85,0.003,-0.0152670235786193,0.626619345215664,68.5005149179437,TRUE
0.855,0.003,-0.00447860312979011,0.636498969287002,69.289212445506,TRUE
0.585,0.0032,-0.615611426756345,0.00532855341874863,17.2535727472967,TRUE
0.59,0.0032,-0.603516819186546,0.0193535867987392,18.4582296423504,TRUE
0.595,0.0032,-0.591362916118799,0.033372581134727,19.6606210019035,TRUE
0.6,0.0032,-0.579153578629338,0.0473811701161674,20.8603743820233,TRUE
0.605,0.0032,-0.566892713866668,0.0613750036357746,22.0571203566225,TRUE
0.61,0.0032,-0.554584268827436,0.0753497545177027,23.2504930839362,TRUE
0.615,0.0032,-0.542232224050986,0.0893011251627425,24.440130861731,TRUE
0.62,0.0032,-0.529840587255926,0.103224854086908,25.625676669297,TRUE
0.625,0.0032,-0.517413386942194,0.11711672233044,26.8067786943488,TRUE
0.63,0.0032,-0.504954665982071,0.130972559715131,27.9830908430562,TRUE
0.635,0.0032,-0.492468475223466,0.144788250928788,29.1542732315244,TRUE
0.64,0.0032,-0.479958867128448,0.158559741416813,30.3199926571543,TRUE
0.645,0.0032,-0.467429889469577,0.172283043062006,31.4799230484338,TRUE
0.65,0.0032,-0.454885579105961,0.185954239635082,32.6337458918397,TRUE
0.655,0.0032,-0.442329955860265,0.199569491999747,33.7811506346578,TRUE
0.66,0.0032,-0.429767016517034,0.213125043057666,34.9218350626743,TRUE
0.665,0.0032,-0.417200728961735,0.226617222420208,36.0555056518285,TRUE
0.67,0.0032,-0.404635026478847,0.240042450795428,37.1818778930627,TRUE
0.675,0.0032,-0.392073802226187,0.253397244080384,38.3006765897547,TRUE
0.68,0.0032,-0.379520903901419,0.266678217150522,39.411636127259,TRUE
0.685,0.0032,-0.366980128615358,0.279882087339538,40.5145007142352,TRUE
0.69,0.0032,-0.354455217985384,0.293005677604733,41.6090245955771,TRUE
0.695,0.0032,-0.341949853460795,0.306045919374567,42.6949722369048,TRUE
0.7,0.0032,-0.329467651890575,0.318999855076651,43.7721184807107,TRUE
0.705,0.0032,-0.317012161342536,0.33186464034604,44.8402486743861,TRUE
0.71,0.0032,-0.304586857181388,0.344637545915123,45.8991587704758,TRUE
0.715,0.0032,-0.292195138411788,0.357315959187916,46.9486553996307,TRUE
0.72,0.0032,-0.279840324291043,0.369897385502881,47.988555916835,TRUE
0.725,0.0032,-0.267525651214669,0.382379449089719,49.0186884215904,TRUE
0.73,0.0032,-0.255254269876698,0.394759893726771,50.0388917528333,TRUE
0.735,0.0032,-0.243029242705253,0.407036583106793,51.0490154594469,TRUE
0.74,0.0032,-0.23085354157267,0.419207500919885,52.0489197473085,TRUE
0.745,0.0032,-0.218730045778209,0.431270750663273,53.0384754038786,TRUE
0.75,0.0032,-0.206661540300276,0.443224555188484,54.0175637013987,TRUE
0.755,0.0032,-0.194650714313976,0.45506725599716,54.9860762798159,TRUE
0.76,0.0032,-0.182700159968848,0.466797312297404,55.94391501059,TRUE
0.765,0.0032,-0.170812371420693,0.47841329983304,56.8909918425755,TRUE
0.77,0.0032,-0.158989744110567,0.489913909498642,57.8272286311915,TRUE
0.775,0.0032,-0.147234574283271,0.501297945753476,58.7525569521101,TRUE
0.78,0.0032,-0.135549058736996,0.512564324847765,59.6669179007014,TRUE
0.785,0.0032,-0.123935294795162,0.523712072874828,60.5702618784725,TRUE
0.79,0.0032,-0.112395280491028,0.53474032366271,61.4625483677346,TRUE
0.795,0.0032,-0.100930914955201,0.545648316518914,62.3437456957154,TRUE
0.8,0.0032,-0.0895439989958036,0.556435393841758,63.213830789319,TRUE
0.805,0.0032,-0.0782362358608459,0.567100998611718,64.0727889217084,TRUE
0.81,0.0032,-0.0670092321720763,0.577644671775913,64.9206134518583,TRUE
0.815,0.0032,-0.055864499019527,0.5880660495386,65.7573055581914,TRUE
0.82,0.0032,-0.0448034532058442,0.598364860570234,66.5828739673747,TRUE
0.825,0.0032,-0.0338274186295454,0.608540923147259,67.39733467931,TRUE
0.83,0.0032,-0.0229376277963508,0.618594142234404,68.2007106893125,TRUE
0.835,0.0032,-0.0121352234478909,0.628524506520777,68.9930317084201,TRUE
0.84,0.0032,-0.00142126029720347,0.63833208542063,69.7743338827354,TRUE
0.57,0.0034,-0.609101771796405,0.0114440214299991,18.1560225495061,TRUE
0.575,0.0034,-0.597041943084877,0.0253966492945542,19.3536553819876,TRUE
0.58,0.0034,-0.584925181492831,0.0393414339740372,20.5488473242208,TRUE
0.585,0.0034,-0.57275531021942,0.0532740805360778,21.7412327951422,TRUE
0.59,0.0034,-0.560536194914011,0.0671903127464896,22.9304494448205,TRUE
0.595,0.0034,-0.548271737571197,0.0810858795990505,24.1161387021525,TRUE
0.6,0.0034,-0.535965870356688,0.0949565617550486,25.2979463107341,TRUE
0.605,0.0034,-0.523622549386711,0.108798177870016,26.4755228510507,TRUE
0.61,0.0034,-0.511245748483557,0.122606590785818,27.6485242472208,TRUE
0.615,0.0034,-0.498839452929906,0.136377713567101,28.8166122566139,TRUE
0.62,0.0034,-0.486407653244283,0.150107515362097,29.9794549407654,TRUE
0.625,0.0034,-0.47395433899971,0.163792027068859,31.1367271161231,TRUE
0.63,0.0034,-0.461483492707044,0.177427346789228,32.2881107832786,TRUE
0.635,0.0034,-0.448999083783955,0.191009645054093,33.4332955334585,TRUE
0.64,0.0034,-0.436505062629679,0.204535169804924,34.5719789311846,TRUE
0.645,0.0034,-0.424005354824873,0.218000251117947,35.7038668721436,TRUE
0.65,0.0034,-0.411503855474905,0.231401305658887,36.8286739154482,TRUE
0.655,0.0034,-0.399004423713869,0.244734840857704,37.946123589607,TRUE
0.66,0.0034,-0.386510877385456,0.257997458794336,39.0559486716673,TRUE
0.665,0.0034,-0.374026987915633,0.271185859788053,40.1578914391283,TRUE
0.67,0.0034,-0.361556475390766,0.284296845684595,41.2517038943681,TRUE
0.675,0.0034,-0.349103003853517,0.297327322836876,42.3371479614606,TRUE
0.68,0.0034,-0.336670176827502,0.310274304776556,43.4139956553914,TRUE
0.685,0.0034,-0.324261533080286,0.32313491457535,44.4820292238144,TRUE
0.69,0.0034,-0.311880542632913,0.335906386896375,45.541041261609,TRUE
0.695,0.0034,-0.299530603022751,0.348586069737301,46.5908347986216,TRUE
0.7,0.0034,-0.287215035825067,0.361171425868414,47.6312233610807,TRUE
0.705,0.0034,-0.274937083437357,0.373660033970001,48.6620310072827,TRUE
0.71,0.0034,-0.26269990612912,0.386049589474667,49.6830923382402,TRUE
0.715,0.0034,-0.250506579358463,0.398337905121362,50.6942524840728,TRUE
0.72,0.0034,-0.238360091355663,0.410522911228893,51.6953670669999,TRUE
0.725,0.0034,-0.226263340972609,0.422602655697689,52.6863021418695,TRUE
0.73,0.0034,-0.214219135795915,0.43457530374943,53.6669341152127,TRUE
0.735,0.0034,-0.202230190520376,0.44643913741492,54.637149643877,TRUE
0.74,0.0034,-0.190299125578481,0.458192554781241,55.5968455143273,TRUE
0.745,0.0034,-0.178428466020716,0.469834069009823,56.5459285037487,TRUE
0.75,0.0034,-0.166620640640562,0.481362307137512,57.4843152241068,TRUE
0.755,0.0034,-0.154877981337282,0.492776008673124,58.411931950348,TRUE
0.76,0.0034,-0.143202722708899,0.504074024002269,59.3287144339296,TRUE
0.765,0.0034,-0.131597001867164,0.515255312613412,60.2346077028786,TRUE
0.77,0.0034,-0.120062858465727,0.526318941158292,61.1295658495757,TRUE
0.775,0.0034,-0.108602234932288,0.537264081359848,62.0135518074521,TRUE
0.78,0.0034,-0.0972169768951101,0.548090007780782,62.8865371177736,TRUE
0.785,0.0034,-0.0859088337939512,0.558796095465762,63.7485016876675,TRUE
0.79,0.0034,-0.0746794596652418,0.56938181747016,64.5994335405203,TRUE
0.795,0.0034,-0.0635304140911522,0.579846742287934,65.4393285598488,TRUE
0.8,0.0034,-0.0524631633020776,0.590190531191033,66.2681902277114,TRUE
0.805,0.0034,-0.0414790814220504,0.600412935492356,67.0860293586891,TRUE
0.81,0.0034,-0.0305794518465573,0.610513793743945,67.8928638304283,TRUE
0.815,0.0034,-0.0197654687423466,0.620493028881673,68.6887183116919,TRUE
0.82,0.0034,-0.00903823865888563,0.630350645327266,69.4736239888228,TRUE
0.55,0.0036,-0.614544105230762,0.00361187556308252,17.8542484259369,TRUE
0.555,0.0036,-0.602579465129366,0.0174958657482531,19.0469531118422,TRUE
0.56,0.0036,-0.590556481493287,0.0313745057692256,20.2374100388514,TRUE
0.565,0.0036,-0.578478892695116,0.0452435584767418,21.4252576849516,TRUE
0.57,0.0036,-0.566350481956752,0.0590988013547024,22.6101374172783,TRUE
0.575,0.0036,-0.554175071447817,0.0729360329255242,23.7916940315246,TRUE
0.58,0.0036,-0.541956516304822,0.0867510790808648,24.9695762808624,TRUE
0.585,0.0036,-0.529698698592752,0.100539799315593,26.1434373925485,TRUE
0.59,0.0036,-0.517405521230926,0.114298092843519,27.3129355704625,TRUE
0.595,0.0036,-0.505080901904989,0.128021904574113,28.477734481909,TRUE
0.6,0.0036,-0.492728766986749,0.141707230930361,29.6375037271044,TRUE
0.605,0.0036,-0.480353045483344,0.155350125488821,30.7919192898722,TRUE
0.61,0.0036,-0.467957663036789,0.168946704424112,31.9406639681826,TRUE
0.615,0.0036,-0.455546535994462,0.182493151741203,33.0834277832818,TRUE
0.62,0.0036,-0.443123565570419,0.195985724280164,34.2199083662878,TRUE
0.625,0.0036,-0.430692632116683,0.209420756479387,35.3498113212468,TRUE
0.63,0.0036,-0.418257589522779,0.222794664884698,36.4728505637841,TRUE
0.635,0.0036,-0.405822259760836,0.236103952393209,37.5887486346104,TRUE
0.64,0.0036,-0.393390427592512,0.249345212222303,38.6972369872826,TRUE
0.645,0.0036,-0.3809658354529,0.262515131595601,39.7980562497524,TRUE
0.65,0.0036,-0.368552178525359,0.27561049513933,40.8909564593707,TRUE
0.655,0.0036,-0.35615310002,0.288628187984004,41.9756972711488,TRUE
0.66,0.0036,-0.343772186667241,0.301565198567869,43.0520481392079,TRUE
0.665,0.0036,-0.331412964436565,0.314418621140014,44.1197884714743,TRUE
0.67,0.0036,-0.31907889448926,0.327185657962521,45.1787077577991,TRUE
0.675,0.0036,-0.306773369372573,0.339863621212439,46.2286056718015,TRUE
0.68,0.0036,-0.294499709461396,0.352449934585682,47.2692921468406,TRUE
0.685,0.0036,-0.28226115965223,0.364942134606283,48.3005874266288,TRUE
0.69,0.0036,-0.270060886312923,0.377337871645617,49.3223220910963,TRUE
0.695,0.0036,-0.257901974490337,0.389634910657369,50.3343370582055,TRUE
0.7,0.0036,-0.245787425376915,0.401831131635084,51.3364835624958,TRUE
0.705,0.0036,-0.233720154035898,0.413924529800099,52.3286231112159,TRUE
0.71,0.0036,-0.221702987383806,0.425913215528567,53.310627418962,TRUE
0.715,0.0036,-0.209738662427723,0.437795414027065,54.2823783218028,TRUE
0.72,0.0036,-0.197829824753916,0.449569464766992,55.2437676719172,TRUE
0.725,0.0036,-0.185979027263333,0.461233820688585,56.1946972138145,TRUE
0.73,0.0036,-0.1741887291487,0.472787047185881,57.1350784432381,TRUE
0.735,0.0036,-0.162461295107087,0.484227820884435,58.0648324498798,TRUE
0.74,0.0036,-0.150798994781101,0.495554928223887,58.9838897450479,TRUE
0.745,0.0036,-0.139204002421203,0.506767263857794,59.8921900754452,TRUE
0.75,0.0036,-0.127678396761093,0.517863828883264,60.7896822242124,TRUE
0.755,0.0036,-0.116224161097547,0.528843728913092,61.6763238003923,TRUE
0.76,0.0036,-0.104843183565729,0.539706172003048,62.5520810179601,TRUE
0.765,0.0036,-0.0935372576005948,0.550450466447001,63.4169284655482,TRUE
0.77,0.0036,-0.0823080825747488,0.561076018452385,64.2708488679769,TRUE
0.775,0.0036,-0.0711572646028708,0.571582329708391,65.113832840674,TRUE
0.78,0.0036,-0.0600863175027115,0.581968994859017,65.9458786380404,TRUE
0.785,0.0036,-0.0490966639025329,0.592235698892839,66.7669918967816,TRUE
0.79,0.0036,-0.038189636484857,0.602382214461053,67.5771853751952,TRUE
0.795,0.0036,-0.0273664793564016,0.612408399134965,68.3764786893566,TRUE
0.8,0.0036,-0.0166283495341501,0.622314192613732,69.1648980471132,TRUE
0.805,0.0036,-0.00597631853763481,0.632099613892696,69.9424759807459,TRUE
0.535,0.0038,-0.607976527834513,0.00967250074043721,18.740681091028,TRUE
0.54,0.0038,-0.596048397027136,0.023482773268184,19.9262367264117,TRUE
0.545,0.0038,-0.584064251834405,0.0372859409061495,21.1093763523414,TRUE
0.55,0.0038,-0.572027792198964,0.0510778374106308,22.2897452632637,TRUE
0.555,0.0038,-0.559942759415631,0.0648543135512125,23.4669918428447,TRUE
0.56,0.0038,-0.547812930346782,0.0786112433238301,24.6407680851809,TRUE
0.565,0.0038,-0.53564211157004,0.0923445300823877,25.810730105006,TRUE
0.57,0.0038,-0.523434133479238,0.10605011256786,26.9765386351672,TRUE
0.575,0.0038,-0.511192844359754,0.119723970814412,28.1378595097112,TRUE
0.58,0.0038,-0.498922104459222,0.133362131912865,29.2943641310108,TRUE
0.585,0.0038,-0.48662578007451,0.146960675612702,30.4457299194488,TRUE
0.59,0.0038,-0.474307737675482,0.160515739744793,31.5916407442833,TRUE
0.595,0.0038,-0.461971838085691,0.174023525448122,32.7317873344191,TRUE
0.6,0.0038,-0.449621930739544,0.187480302184953,33.8658676679328,TRUE
0.605,0.0038,-0.437261848034889,0.200882412530131,34.99358733931,TRUE
0.61,0.0038,-0.42489539979911,0.214226276721537,36.1146599034833,TRUE
0.615,0.0038,-0.412526367886053,0.227508396960063,37.2288071958821,TRUE
0.62,0.0038,-0.400158500920062,0.240725361448922,38.3357596278383,TRUE
0.625,0.0038,-0.387795509202446,0.253873848163489,39.4352564568157,TRUE
0.63,0.0038,-0.375441059794523,0.266950628344411,40.5270460310686,TRUE
0.635,0.0038,-0.363098771790316,0.279952569708088,41.6108860084556,TRUE
0.64,0.0038,-0.350772211790669,0.292876639370183,42.686543549268,TRUE
0.645,0.0038,-0.338464889589401,0.305719906479175,43.7537954830512,TRUE
0.65,0.0038,-0.326180254080789,0.318479544558451,44.8124284495218,TRUE
0.655,0.0038,-0.313921689396408,0.331152833556763,45.8622390137929,TRUE
0.66,0.0038,-0.301692511278059,0.34373716160823,46.9030337562378,TRUE
0.665,0.0038,-0.289495963692256,0.356230026504339,47.9346293374183,TRUE
0.67,0.0038,-0.277335215690441,0.368629036881602,48.9568525386092,TRUE
0.675,0.0038,-0.265213358517872,0.380931913129689,49.969540278537,TRUE
0.68,0.0038,-0.253133402972915,0.393136488025921,50.972539607035,TRUE
0.685,0.0038,-0.241098277017279,0.405240707103003,51.9657076763961,TRUE
0.69,0.0038,-0.229110823636643,0.417242628757778,52.9489116912699,TRUE
0.695,0.0038,-0.217173798949987,0.429140424109648,53.9220288380119,TRUE
0.7,0.0038,-0.205289870564988,0.440932376617994,54.8849461944474,TRUE
0.705,0.0038,-0.19346161617583,0.452616881468636,55.8375606210548,TRUE
0.71,0.0038,-0.181691522398923,0.464192444739893,56.7797786346107,TRUE
0.715,0.0038,-0.169981983841177,0.47565768235933,57.7115162653701,TRUE
0.72,0.0038,-0.158335302394737,0.487011318862622,58.6326988988738,TRUE
0.725,0.0038,-0.14675368675141,0.498252185966318,59.5432611034932,TRUE
0.73,0.0038,-0.135239252129385,0.509379220966494,60.4431464448269,TRUE
0.735,0.0038,-0.123794020204334,0.520391464975447,61.3323072880685,TRUE
0.74,0.0038,-0.112419919236511,0.53128806100865,62.2107045894566,TRUE
0.745,0.0038,-0.101118784385052,0.542068251934204,63.0783076779108,TRUE
0.75,0.0038,-0.0898923582004015,0.55273137829696,63.9350940279376,TRUE
0.755,0.0038,-0.0787422912854761,0.563276876029379,64.7810490248746,TRUE
0.76,0.0038,-0.0676701431160272,0.573704274060983,65.6161657235106,TRUE
0.765,0.0038,-0.0566773830105124,0.584013191838086,66.4404446010958,TRUE
0.77,0.0038,-0.0457653912397126,0.594203336765151,67.2538933057173,TRUE
0.775,0.0038,-0.0349354602663168,0.604274501578857,68.0565264009873,TRUE
0.78,0.0038,-0.0241887961047277,0.614226561665581,68.8483651079458,TRUE
0.785,0.0038,-0.0135265197914149,0.624059472332619,69.6294370450435,TRUE
0.79,0.0038,-0.00294966895627558,0.633773266043066,70.3997759670291,TRUE
0.515,0.004,-0.613234329260898,0.00192864753383332,18.4350001982669,TRUE
0.52,0.004,-0.601402002301043,0.0156684472655911,19.6154956224962,TRUE
0.525,0.004,-0.589512337090403,0.0294035545955831,20.7937642331003,TRUE
0.53,0.004,-0.577568949660032,0.0431298618858743,21.9694554470207,TRUE
0.535,0.004,-0.565575499602388,0.0568432746547222,23.1422214424353,TRUE
0.54,0.004,-0.553535684484992,0.0705397176640614,24.3117176715633,TRUE
0.545,0.004,-0.541453234187175,0.0842151409400917,25.4776033637246,TRUE
0.55,0.004,-0.529331905180016,0.0978655257063578,26.6395420169549,TRUE
0.555,0.004,-0.517175474769747,0.111486890209221,27.7972018765356,TRUE
0.56,0.004,-0.504987735324925,0.125075295416319,28.9502563988794,TRUE
0.565,0.004,-0.49277248850758,0.138626850569353,30.0983846992917,TRUE
0.57,0.004,-0.480533539528319,0.152137718573475,31.2412719822221,TRUE
0.575,0.004,-0.468274691445046,0.165604121206488,32.3786099527216,TRUE
0.58,0.004,-0.455999739524466,0.179022344132171,33.5100972079245,TRUE
0.585,0.004,-0.443712465684994,0.19238874170321,34.6354396074874,TRUE
0.59,0.004,-0.431416633039018,0.205699741540392,35.754350622034,TRUE
0.595,0.004,-0.419115980551661,0.218951848876058,36.8665516587749,TRUE
0.6,0.004,-0.40681421783236,0.232141650651104,37.9717723635919,TRUE
0.605,0.004,-0.394515020074615,0.245265819356186,39.0697508990038,TRUE
0.61,0.004,-0.382222023158244,0.258321116609195,40.1602341975522,TRUE
0.615,0.004,-0.369938818927427,0.271304396462435,41.2429781902715,TRUE
0.62,0.004,-0.357668950656649,0.284212608434383,42.3177480100314,TRUE
0.625,0.004,-0.34541590871555,0.297042800262252,43.3843181696565,TRUE
0.63,0.004,-0.3331831264424,0.309792120373007,44.442472714852,TRUE
0.635,0.004,-0.320973976234786,0.322457820071769,45.4920053520697,TRUE
0.64,0.004,-0.308791765864806,0.335037255447913,46.5327195515663,TRUE
0.645,0.004,-0.296639735024841,0.347527889000371,47.5644286260024,TRUE
0.65,0.004,-0.284521052108773,0.359927290984881,48.5869557850329,TRUE
0.655,0.004,-0.272438811232283,0.37223314048708,49.6001341664304,TRUE
0.66,0.004,-0.260396029494677,0.384443226226377,50.6038068443673,TRUE
0.665,0.004,-0.248395644483566,0.396555447096606,51.5978268155608,TRUE
0.67,0.004,-0.236440512022577,0.408567812450328,52.5820569640558,TRUE
0.675,0.004,-0.224533404161222,0.420478442134545,53.5563700054844,TRUE
0.68,0.004,-0.21267700740504,0.432285566286355,54.5206484116948,TRUE
0.685,0.004,-0.200873921183155,0.443987524897732,55.4747843166928,TRUE
0.69,0.004,-0.189126656549515,0.455582767159266,56.4186794048766,TRUE
0.695,0.004,-0.177437635113199,0.467069850593177,57.3522447825839,TRUE
0.7,0.004,-0.165809188192469,0.478447439986381,58.2754008339882,TRUE
0.705,0.004,-0.154243556186476,0.489714306134732,59.1880770624104,TRUE
0.71,0.004,-0.142742888157953,0.500869324409842,60.0902119181126,TRUE
0.715,0.004,-0.131309241619617,0.511911473160079,60.9817526136573,TRUE
0.72,0.004,-0.119944582516534,0.522839831957487,61.8626549279069,TRUE
0.725,0.004,-0.108650785396263,0.533653579702407,62.7328829997355,TRUE
0.73,0.004,-0.0974296337582444,0.544351992597586,63.5924091125141,TRUE
0.735,0.004,-0.0862828205735703,0.554934442003492,64.4412134704113,TRUE
0.74,0.004,-0.0752119489661001,0.565400392186402,65.2792839675332,TRUE
0.745,0.004,-0.0642185330456476,0.575749397970709,66.1066159508983,TRUE
0.75,0.004,-0.0533039988839085,0.585981102306571,66.9232119782175,TRUE
0.755,0.004,-0.0424696856236926,0.596095233763869,67.7290815714147,TRUE
0.76,0.004,-0.0317168467120559,0.606091603963022,68.5242409667901,TRUE
0.765,0.004,-0.0210466512479362,0.615970104952946,69.3087128626901,TRUE
0.77,0.004,-0.0104601854350065,0.625730706546014,70.0825261655101,TRUE
0.5,0.0042,-0.606618517461209,0.00793356387446382,19.3053488312908,TRUE
0.505,0.0042,-0.594824247213748,0.0215985515366907,20.4785906813935,TRUE
0.51,0.0042,-0.582974930793233,0.0352571411524743,21.6494444191182,TRUE
0.515,0.0042,-0.571074145475654,0.0489052952745388,22.8175662089921,TRUE
0.52,0.0042,-0.559125508729157,0.0625389918806102,23.9826151642662,TRUE
0.525,0.0042,-0.54713267274193,0.0761542302752049,25.1442538421444,TRUE
0.53,0.0042,-0.535099318884079,0.0897470369181639,26.3021487287995,TRUE
0.535,0.0042,-0.523029152122939,0.10331347116028,27.4559707125641,TRUE
0.54,0.0042,-0.510925895411367,0.116849630866926,28.605395543751,TRUE
0.545,0.0042,-0.498793284068539,0.130351657911249,29.7501042796297,TRUE
0.55,0.0042,-0.486635060172643,0.143815743519337,30.8897837131756,TRUE
0.555,0.0042,-0.474454966984587,0.157238133450596,32.0241267842944,TRUE
0.56,0.0042,-0.462256743421468,0.170615132997607,33.1528329723281,TRUE
0.565,0.0042,-0.450044118598078,0.183943111790742,34.2756086687489,TRUE
0.57,0.0042,-0.437820806454126,0.197218508394012,35.3921675290578,TRUE
0.575,0.0042,-0.425590500484163,0.210437834679741,36.5022308030202,TRUE
0.58,0.0042,-0.413356868586438,0.223597679970993,37.6055276424827,TRUE
0.585,0.0042,-0.401123548046048,0.236694714941869,38.7017953861371,TRUE
0.59,0.0042,-0.388894140666812,0.249725695267214,39.7907798207153,TRUE
0.595,0.0042,-0.376672208065303,0.262687465014496,40.8722354182172,TRUE
0.6,0.0042,-0.364461267139438,0.275576959772083,41.9459255488969,TRUE
0.605,0.0042,-0.3522647857229,0.288391209509366,43.0116226698424,TRUE
0.61,0.0042,-0.340086178435562,0.301127341165608,44.0691084891064,TRUE
0.615,0.0042,-0.327928802738909,0.313782580965641,45.1181741054503,TRUE
0.62,0.0042,-0.315795955204289,0.326354256461845,46.1586201238771,TRUE
0.625,0.0042,-0.303690868000628,0.338839798303049,47.1902567472264,TRUE
0.63,0.0042,-0.291616705607072,0.351236741732234,48.2129038442064,TRUE
0.635,0.0042,-0.279576561754863,0.363542727816001,49.2263909943268,TRUE
0.64,0.0042,-0.267573456601563,0.375755504409882,50.2305575102846,TRUE
0.645,0.0042,-0.255610334139665,0.387872926864571,51.2252524384328,TRUE
0.65,0.0042,-0.243690059840493,0.399892958479099,52.2103345380344,TRUE
0.655,0.0042,-0.231815418533278,0.411813670707834,53.18567224007,TRUE
0.66,0.0042,-0.219989112518255,0.423633243129008,54.1511435864262,TRUE
0.665,0.0042,-0.208213759911683,0.435349963183154,55.1066361503418,TRUE
0.67,0.0042,-0.196491893219808,0.446962225690499,56.0520469390332,TRUE
0.675,0.0042,-0.1848259581379,0.458468532156911,56.9872822794585,TRUE
0.68,0.0042,-0.173218312569745,0.46986748987845,57.9122576882065,TRUE
0.685,0.0042,-0.161671225862244,0.481157810855025,58.8268977265235,TRUE
0.69,0.0042,-0.150186878249114,0.492338310523917,59.7311358415026,TRUE
0.695,0.0042,-0.138767360497084,0.503407906324227,60.6249141944744,TRUE
0.7,0.0042,-0.127414673747487,0.514365616103454,61.5081834776383,TRUE
0.705,0.0042,-0.116130729545643,0.525210556377534,62.380902719974,TRUE
0.71,0.0042,-0.104917350050092,0.535941940455682,63.2430390834623,TRUE
0.715,0.0042,-0.0937762684133389,0.5465590764414,64.0945676506369,TRUE
0.72,0.0042,-0.0827091293255771,0.557061365120895,64.9354712044658,TRUE
0.725,0.0042,-0.0717174897125748,0.567448297750038,65.765740001545,TRUE
0.73,0.0042,-0.060802819578824,0.577719453750815,66.5853715395585,TRUE
0.735,0.0042,-0.0499665029868986,0.587874498327981,67.3943703199324,TRUE
0.74,0.0042,-0.039209839163967,0.597913180016369,68.1927476065777,TRUE
0.745,0.0042,-0.0285340437263705,0.607835328169007,68.9805211815847,TRUE
0.75,0.0042,-0.0179402500132616,0.617640850395839,69.7577150986927,TRUE
0.755,0.0042,-0.00742951052034709,0.627329729962509,70.5243594353246,TRUE
0.48,0.0044,-0.611699298706928,0.000279987365561734,18.995952192097,TRUE
0.485,0.0044,-0.600001220588784,0.0138729114111255,20.1640188127008,TRUE
0.49,0.0044,-0.588246855061834,0.0274617690738228,21.3298824354757,TRUE
0.495,0.0044,-0.576439696675477,0.0410425820133544,22.4932033884518,TRUE
0.5,0.0044,-0.564583282201466,0.0546113836625372,23.6536446344787,TRUE
0.505,0.0044,-0.55268118535418,0.0681642250033852,24.810872258001,TRUE
0.51,0.0044,-0.540737011436538,0.081697180283462,25.9645559428023,TRUE
0.515,0.0044,-0.528754391930185,0.0952063526533135,27.1143694391337,TRUE
0.52,0.0044,-0.5167369790487,0.108687879706246,28.259991018699,TRUE
0.525,0.0044,-0.504688440272648,0.12213793890234,29.4011039160405,TRUE
0.53,0.0044,-0.492612452885239,0.135552752859252,30.5373967549418,TRUE
0.535,0.0044,-0.480512698527135,0.148928594493172,31.6685639585505,TRUE
0.54,0.0044,-0.468392857788696,0.162261791994197,32.7943061420141,TRUE
0.545,0.0044,-0.45625660485753,0.175548733621325,33.9143304865173,TRUE
0.55,0.0044,-0.444107602238714,0.188785872303338,35.0283510937139,TRUE
0.555,0.0044,-0.431949495564456,0.201969730032955,36.1360893196495,TRUE
0.56,0.0044,-0.419785908509279,0.215096902042781,37.2372740873851,TRUE
0.565,0.0044,-0.407620437826036,0.228164060752797,38.331642177637,TRUE
0.57,0.0044,-0.395456648517203,0.241167959480395,39.4189384968725,TRUE
0.575,0.0044,-0.38329806915501,0.254105435905192,40.4989163224032,TRUE
0.58,0.0044,-0.371148187362968,0.266973415282195,41.5713375241438,TRUE
0.585,0.0044,-0.35901044547035,0.279768913398118,42.6359727628087,TRUE
0.59,0.0044,-0.346888236350101,0.292489039266978,43.692601664434,TRUE
0.595,0.0044,-0.33478489944958,0.30513099756234,44.7410129712225,TRUE
0.6,0.0044,-0.322703717022407,0.317692090784848,45.7810046688117,TRUE
0.605,0.0044,-0.31064791056856,0.330169721164848,46.8123840901675,TRUE
0.61,0.0044,-0.298620637488742,0.342561392301143,47.8349679964045,TRUE
0.615,0.0044,-0.286624987957915,0.35486471053798,48.8485826349237,TRUE
0.62,0.0044,-0.274663982021745,0.367077386083491,49.8530637753451,TRUE
0.625,0.0044,-0.262740566918678,0.379197233873795,50.8482567237936,TRUE
0.63,0.0044,-0.250857614629217,0.391222174187939,51.8340163161694,TRUE
0.635,0.0044,-0.23901791965299,0.403150233019706,52.810206891102,TRUE
0.64,0.0044,-0.227224197013194,0.414979542213172,53.7767022433476,TRUE
0.645,0.0044,-0.215479080487022,0.426708339369606,54.7333855584421,TRUE
0.65,0.0044,-0.203785121059815,0.438334967533962,55.6801493294719,TRUE
0.655,0.0044,-0.192144785599804,0.449857874669841,56.6168952568596,TRUE
0.66,0.0044,-0.180560455749528,0.46127561293227,57.5435341321008,TRUE
0.665,0.0044,-0.169034427029274,0.472586837748104,58.4599857064097,TRUE
0.67,0.0044,-0.157568908147222,0.483790306714218,59.3661785452532,TRUE
0.675,0.0044,-0.146166020510339,0.494884878323951,60.2620498697687,TRUE
0.68,0.0044,-0.134827797929571,0.505869510532463,61.1475453860641,TRUE
0.685,0.0044,-0.123556186512315,0.516743259171851,62.0226191034064,TRUE
0.69,0.0044,-0.112353044734829,0.527505276226918,62.8872331422947,TRUE
0.695,0.0044,-0.101220143686774,0.538154807982548,63.7413575334129,TRUE
0.7,0.0044,-0.0901591674798692,0.548691193053584,64.5849700084373,TRUE
0.705,0.0044,-0.0791717138123246,0.559113860308043,65.4180557836623,TRUE
0.71,0.0044,-0.0682592946805913,0.569422326694313,66.2406073373818,TRUE
0.715,0.0044,-0.0574233372297815,0.579616194982877,67.0526241819421,TRUE
0.72,0.0044,-0.0466651847340687,0.589695151432789,67.8541126313522,TRUE
0.725,0.0044,-0.0359860976983186,0.599658963392937,68.6450855653096,TRUE
0.73,0.0044,-0.0253872550722342,0.609507476847796,69.4255621904602,TRUE
0.735,0.0044,-0.014869755568327,0.619240613917048,70.1955677996853,TRUE
0.74,0.0044,-0.00443461907515048,0.628858370318105,70.9551335301619,TRUE
0.465,0.0046,-0.60504462557819,0.00622844458225767,19.8502053795368,TRUE
0.47,0.0046,-0.593385975491487,0.0197456696404086,21.0109334102022,TRUE
0.475,0.0046,-0.581673289791457,0.0332571713088116,22.1693039236146,TRUE
0.48,0.0046,-0.569910024154653,0.0467590405066698,23.3249839064675,TRUE
0.485,0.0046,-0.558099673240597,0.0602473820873712,24.4776431558152,TRUE
0.49,0.0046,-0.546245765523035,0.0737183204358704,25.626954748932,TRUE
0.495,0.0046,-0.534351858057127,0.0871680050004079,26.7725955037137,TRUE
0.5,0.0046,-0.522421531200529,0.100592615740264,27.9142464281178,TRUE
0.505,0.0046,-0.51045838330647,0.113988368471765,29.0515931572042,TRUE
0.51,0.0046,-0.498466025406905,0.127351520095342,30.184326376401,TRUE
0.515,0.0046,-0.486448075903709,0.140678373687188,31.3121422297027,TRUE
0.52,0.0046,-0.474408155285689,0.153965283439801,32.4347427115847,TRUE
0.525,0.0046,-0.462349880888818,0.167208659436643,33.551836041514,TRUE
0.53,0.0046,-0.450276861716734,0.180404972247055,34.6631370200256,TRUE
0.535,0.0046,-0.438192693337963,0.193550757328598,35.7683673654362,TRUE
0.54,0.0046,-0.426100952875774,0.206642619225113,36.8672560303707,TRUE
0.545,0.0046,-0.414005194105844,0.219677235549863,37.9595394973794,TRUE
0.55,0.0046,-0.401908942676163,0.232651360744335,39.0449620530383,TRUE
0.555,0.0046,-0.389815691462771,0.245561829604467,40.1232760400259,TRUE
0.56,0.0046,-0.377728896074011,0.258405560567285,41.1942420867893,TRUE
0.565,0.0046,-0.365651970515051,0.271179558752152,42.2576293145122,TRUE
0.57,0.0046,-0.353588283023414,0.283880918752103,43.3132155212121,TRUE
0.575,0.0046,-0.341541152085249,0.296506827171901,44.3607873428973,TRUE
0.58,0.0046,-0.329513842641008,0.309054564910725,45.4001403918169,TRUE
0.585,0.0046,-0.317509562488113,0.321521509188516,46.4310793719376,TRUE
0.59,0.0046,-0.305531458887151,0.333905135316214,47.4534181718772,TRUE
0.595,0.0046,-0.293582615376999,0.346203018211174,48.4669799356151,TRUE
0.6,0.0046,-0.281666048803257,0.358412833660158,49.4715971113855,TRUE
0.605,0.0046,-0.269784706563271,0.370532359333272,50.4671114792421,TRUE
0.61,0.0046,-0.257941464069992,0.382559475553193,51.4533741578543,TRUE
0.615,0.0046,-0.246139122435928,0.394492165824907,52.4302455911672,TRUE
0.62,0.0046,-0.234380406377424,0.40632851713202,53.3975955156187,TRUE
0.625,0.0046,-0.22266796233861,0.418066720006438,54.3553029086597,TRUE
0.63,0.0046,-0.211004356833417,0.429705068378925,55.3032559193809,TRUE
0.635,0.0046,-0.199392075003257,0.441241959218645,56.2413517820824,TRUE
0.64,0.0046,-0.187833519387117,0.452675891970355,57.169496713667,TRUE
0.645,0.0046,-0.176331008900119,0.464005467798358,58.0876057957637,TRUE
0.65,0.0046,-0.164886778015874,0.475229388646767,58.9956028425115,TRUE
0.655,0.0046,-0.15350297614736,0.486346456125924,59.8934202549531,TRUE
0.66,0.0046,-0.142181667220457,0.497355570235098,60.7809988629983,TRUE
0.665,0.0046,-0.130924829433783,0.508255727931779,61.6582877559214,TRUE
0.67,0.0046,-0.119734355198021,0.519046021558,62.5252441023612,TRUE
0.675,0.0046,-0.108612051247515,0.529725637134219,63.3818329607829,TRUE
0.68,0.0046,-0.0975596389166244,0.540293852531264,64.2280270813564,TRUE
0.685,0.0046,-0.0865787545729883,0.550750035530845,65.0638067001881,TRUE
0.69,0.0046,-0.0756709501997071,0.561093641784989,65.8891593268282,TRUE
0.695,0.0046,-0.0648376941181991,0.571324212684674,66.7040795259536,TRUE
0.7,0.0046,-0.0540803718434431,0.581441373147705,67.5085686941002,TRUE
0.705,0.0046,-0.0434002870632017,0.59144482933567,68.3026348322942,TRUE
0.71,0.0046,-0.0327986627328276,0.601334366309555,69.086292315399,TRUE
0.715,0.0046,-0.0222766422772486,0.611109845633316,69.859561658963,TRUE
0.72,0.0046,-0.0118352908918151,0.620771202934359,70.6224692843213,TRUE
0.725,0.0046,-0.00147559693375512,0.630318445429581,71.3750472826653,TRUE
0.45,0.0048,-0.598393669252842,0.0121106001009459,20.6927548009044,TRUE
0.455,0.0048,-0.586776189138895,0.0255509322222238,21.8460323172663,TRUE
0.46,0.0048,-0.575106884958179,0.0389839421548242,22.9968043981673,TRUE
0.465,0.0048,-0.563389171926825,0.0524057906146332,24.1447447246796,TRUE
0.47,0.0048,-0.551626501123239,0.0658126542735151,25.2895299498125,TRUE
0.475,0.0048,-0.539822354433641,0.0792007311786365,26.4308401515818,TRUE
0.48,0.0048,-0.52798023944319,0.0925662461008194,27.5683592762526,TRUE
0.485,0.0048,-0.516103684290031,0.105905455794512,28.7017755703361,TRUE
0.49,0.0048,-0.504196232499673,0.119214654152494,29.8307819999809,TRUE
0.495,0.0048,-0.492261437817047,0.13249017723905,30.9550766564712,TRUE
0.5,0.0048,-0.480302859053457,0.145728408186058,32.0743631466172,TRUE
0.505,0.0048,-0.468324054965379,0.158925781937233,33.1883509669078,TRUE
0.51,0.0048,-0.456328579181716,0.172078789826639,34.2967558603829,TRUE
0.515,0.0048,-0.444319975195679,0.185183983978525,35.3993001552732,TRUE
0.52,0.0048,-0.43230177143693,0.198237981516534,36.4957130845568,TRUE
0.525,0.0048,-0.420277476439011,0.2112374685714,37.5857310856768,TRUE
0.53,0.0048,-0.408250574116398,0.224179204077342,38.6690980797705,TRUE
0.535,0.0048,-0.396224519164755,0.237060023348479,39.745565729862,TRUE
0.54,0.0048,-0.384202732597139,0.249876841427773,40.8148936775788,TRUE
0.545,0.0048,-0.372188597428039,0.262626656202162,41.8768497580523,TRUE
0.55,0.0048,-0.360185454516195,0.275306551278723,42.9312101927717,TRUE
0.555,0.0048,-0.34819659857621,0.287913698617879,43.9777597602606,TRUE
0.56,0.0048,-0.336225274367919,0.300445360920854,45.0162919445465,TRUE
0.565,0.0048,-0.324274673071536,0.312898893769688,46.0466090614913,TRUE
0.57,0.0048,-0.312347928855509,0.325271747519273,47.0685223631455,TRUE
0.575,0.0048,-0.300448115643014,0.337561468941951,48.0818521203773,TRUE
0.58,0.0048,-0.288578244081967,0.34976570262625,49.0864276841161,TRUE
0.585,0.0048,-0.276741258722419,0.36188219213236,50.0820875256277,TRUE
0.59,0.0048,-0.264940035404177,0.373908780907865,51.0686792563159,TRUE
0.595,0.0048,-0.253177378856521,0.385843412968178,52.0460596276141,TRUE
0.6,0.0048,-0.241456020510908,0.39768413334693,53.0140945115945,TRUE
0.605,0.0048,-0.229778616526643,0.409429088322354,53.9726588629801,TRUE
0.61,0.0048,-0.218147746028612,0.421076525426403,54.9216366632966,TRUE
0.615,0.0048,-0.206565909555311,0.432624793243974,55.8609208479466,TRUE
0.62,0.0048,-0.195035527714609,0.444072341010208,56.7904132170274,TRUE
0.625,0.0048,-0.183558940043967,0.455417718014285,57.7100243307471,TRUE
0.63,0.0048,-0.172138404071076,0.466659572818634,58.6196733903198,TRUE
0.635,0.0048,-0.160776094570305,0.477796652302783,59.5192881052419,TRUE
0.64,0.0048,-0.149474103009705,0.488827800541416,60.4088045478669,TRUE
0.645,0.0048,-0.138234437182824,0.499751957526402,61.2881669962057,TRUE
0.65,0.0048,-0.127059021019091,0.510568157742775,62.1573277658812,TRUE
0.655,0.0048,-0.115949694566125,0.52127552860871,63.0162470321703,TRUE
0.66,0.0048,-0.104908214136955,0.531873288789623,63.8648926430542,TRUE
0.665,0.0048,-0.0939362526148405,0.542360746396516,64.7032399241944,TRUE
0.67,0.0048,-0.0830353999081162,0.55273729707862,65.531271476732,TRUE
0.675,0.0048,-0.0722071635473031,0.563002422020322,66.3489769687955,TRUE
0.68,0.0048,-0.0614529694165653,0.573155685852179,67.1563529215755,TRUE
0.685,0.0048,-0.0507741626114899,0.583196734485662,67.9534024908062,TRUE
0.69,0.0048,-0.0401720084151259,0.593125292881058,68.7401352444614,TRUE
0.695,0.0048,-0.0296476933841804,0.602941162757678,69.5165669374477,TRUE
0.7,0.0048,-0.0192023265373215,0.612644220255261,70.2827192840436,TRUE
0.705,0.0048,-0.0088369406375772,0.622234413555148,71.0386197288015,TRUE
0.43,0.005,-0.603271428323907,0.00455815453942946,20.3754975249706,TRUE
0.435,0.005,-0.591749777584576,0.0179255696965875,21.5235465273881,TRUE
0.44,0.005,-0.580175137103959,0.0312879035227018,22.6692709948896,TRUE
0.445,0.005,-0.568550842449239,0.044641374388021,23.8123486501105,TRUE
0.45,0.005,-0.556880266924216,0.0579822132032893,24.9524598904343,TRUE
0.455,0.005,-0.545166816693818,0.0713066687208058,26.089288233186,TRUE
0.46,0.005,-0.533413925846674,0.0846110127767954,27.2225207520807,TRUE
0.465,0.005,-0.521625051412314,0.09789154545811,28.3518485035343,TRUE
0.47,0.005,-0.509803668349722,0.111144600176711,29.4769669414952,TRUE
0.475,0.005,-0.497953264523944,0.124366548635939,30.597576319519,TRUE
0.48,0.005,-0.486077335687395,0.137553805673191,31.7133820788777,TRUE
0.485,0.005,-0.474179380482298,0.150702833964353,32.824095221569,TRUE
0.49,0.005,-0.462262895480446,0.163810148576101,33.9294326671739,TRUE
0.495,0.005,-0.450331370276079,0.176872321353079,35.0291175925961,TRUE
0.5,0.005,-0.438388282647225,0.189885985127857,36.1228797538063,TRUE
0.505,0.005,-0.426437093800312,0.202847837742552,37.2104557888107,TRUE
0.51,0.005,-0.414481243712251,0.215754645872031,38.2915895011579,TRUE
0.515,0.005,-0.4025241465835,0.228603248639682,39.3660321233973,TRUE
0.52,0.005,-0.390569186414865,0.241390561017793,40.4335425600027,TRUE
0.525,0.005,-0.378619712719998,0.254113577005744,41.493887609376,TRUE
0.53,0.005,-0.366679036384687,0.26676937258029,42.5468421646437,TRUE
0.535,0.005,-0.354750425683156,0.279355108413379,43.5921893930605,TRUE
0.54,0.005,-0.342837102460627,0.291868032354049,44.6297208939314,TRUE
0.545,0.005,-0.330942238490482,0.304305481672056,45.6592368350572,TRUE
0.55,0.005,-0.319068952013352,0.316664885061994,46.6805460678033,TRUE
0.555,0.005,-0.30722030446449,0.328943764407701,47.6934662209782,TRUE
0.56,0.005,-0.295399297394789,0.341139736307804,48.6978237737945,TRUE
0.565,0.005,-0.283608869589837,0.353250513364212,49.6934541082633,TRUE
0.57,0.005,-0.271851894390385,0.365273905236331,50.6802015414532,TRUE
0.575,0.005,-0.260131177216694,0.377207819464665,51.6579193381082,TRUE
0.58,0.005,-0.248449453298243,0.389050262068284,52.6264697041915,TRUE
0.585,0.005,-0.236809385609422,0.400799337921455,53.5857237619749,TRUE
0.59,0.005,-0.225213563010896,0.41245325091542,54.5355615073522,TRUE
0.595,0.005,-0.21366449859557,0.424010303911978,55.475871750098,TRUE
0.6,0.005,-0.202164628237188,0.435468898496127,56.406552037839,TRUE
0.605,0.005,-0.190716309338968,0.446827534535527,57.3275085645369,TRUE
0.61,0.005,-0.179321819778853,0.458084809555034,58.2386560643151,TRUE
0.615,0.005,-0.167983357047403,0.469239417934942,59.1399176914821,TRUE
0.62,0.005,-0.156703037573685,0.480290149941897,60.0312248876268,TRUE
0.625,0.005,-0.145482896234028,0.491235890601721,60.9125172366691,TRUE
0.63,0.005,-0.13432488603795,0.502075618423616,61.7837423087612,TRUE
0.635,0.005,-0.123230877985203,0.512808403985319,62.6448554939349,TRUE
0.64,0.005,-0.112202661087422,0.523433408388927,63.4958198263901,TRUE
0.645,0.005,-0.101241942547588,0.533949881597113,64.3366058003107,TRUE
0.65,0.005,-0.0903503480901975,0.544357160659454,65.1671911780873,TRUE
0.655,0.005,-0.0795294224348352,0.554654667838532,65.9875607918072,TRUE
0.66,0.005,-0.0687806299056242,0.564841908645375,66.7977063388588,TRUE
0.665,0.005,-0.0581053551689387,0.574918469793638,67.5976261724728,TRUE
0.67,0.005,-0.0475049040916485,0.584884017081749,68.3873250880017,TRUE
0.675,0.005,-0.0369805047121218,0.594738293212056,69.1668141057103,TRUE
0.68,0.005,-0.0265333083162217,0.604481115555705,69.9361102508232,TRUE
0.685,0.005,-0.0161643906105442,0.614112373871765,70.6952363315452,TRUE
0.69,0.005,-0.00587475298523342,0.623632027988781,71.4442207157362,TRUE
0.415,0.0052,-0.596595547468483,0.0103826282353875,21.201997892909,TRUE
0.42,0.0052,-0.585116166278982,0.0236725780726101,22.3425419546774,TRUE
0.425,0.0052,-0.573585962594545,0.0369558949823671,23.4806199985723,TRUE
0.43,0.0052,-0.562008231742683,0.0502288658721991,24.6159163214857,TRUE
0.435,0.0052,-0.550386303796066,0.0634877921133465,25.7481180459884,TRUE
0.44,0.0052,-0.538723538807233,0.0767289946713472,26.876915549446,TRUE
0.445,0.0052,-0.527023321990406,0.0899488191729957,28.0020028840568,TRUE
0.45,0.0052,-0.515289058866421,0.103143640893501,29.1230781864918,TRUE
0.455,0.0052,-0.503524170386832,0.116309869648155,30.2398440758747,TRUE
0.46,0.0052,-0.491732088053215,0.129443954573359,31.3520080389004,TRUE
0.465,0.0052,-0.479916249047604,0.142542388782509,32.4592828009611,TRUE
0.47,0.0052,-0.468080091389746,0.155601713882931,33.5613866822227,TRUE
0.475,0.0052,-0.456227049136587,0.16861852434085,34.6580439376728,TRUE
0.48,0.0052,-0.444360547639009,0.18158947168223,35.7489850802478,TRUE
0.485,0.0052,-0.432483998870353,0.194511268518203,36.8339471862333,TRUE
0.49,0.0052,-0.420600796840758,0.207380692384777,37.9126741822226,TRUE
0.495,0.0052,-0.408714313110689,0.220194589387499,38.9849171130128,TRUE
0.5,0.0052,-0.396827892416379,0.232949877642764,40.0504343899122,TRUE
0.505,0.0052,-0.384944848419174,0.245643550508533,41.1089920190284,TRUE
0.51,0.0052,-0.373068459589953,0.25827267959827,42.1603638092029,TRUE
0.515,0.0052,-0.361201965239004,0.270834417573,43.2043315593542,TRUE
0.52,0.0052,-0.349348561700842,0.283326000707438,44.2406852250838,TRUE
0.525,0.0052,-0.337511398682544,0.295744751227259,45.2692230644953,TRUE
0.53,0.0052,-0.325693575783312,0.308088079415577,46.2897517632627,TRUE
0.535,0.0052,-0.313898139191961,0.320353485487755,47.3020865390758,TRUE
0.54,0.0052,-0.302128078568142,0.332538561234712,48.3060512256696,TRUE
0.545,0.0052,-0.290386324112151,0.344640991435777,49.3014783367291,TRUE
0.55,0.0052,-0.278675743827209,0.356658555043172,50.2882091100314,TRUE
0.555,0.0052,-0.266999140977218,0.368589126140998,51.2660935322612,TRUE
0.56,0.0052,-0.255359251742028,0.380430674682521,52.2349903450009,TRUE
0.565,0.0052,-0.243758743071431,0.392181267010264,53.1947670324542,TRUE
0.57,0.0052,-0.232200210738171,0.403839066164204,54.1452997915212,TRUE
0.575,0.0052,-0.220686177589482,0.415402331983998,55.0864734848888,TRUE
0.58,0.0052,-0.209219091995862,0.426869421011803,56.018181577846,TRUE
0.585,0.0052,-0.197801326495029,0.438238786202787,56.9403260595709,TRUE
0.59,0.0052,-0.186435176628331,0.449508976450938,57.8528173496699,TRUE
0.595,0.0052,-0.175122859966191,0.460678635938165,58.7555741907733,TRUE
0.6,0.0052,-0.163866515318575,0.471746503315111,59.6485235280186,TRUE
0.605,0.0052,-0.152668202125924,0.482711410722327,60.5316003762612,TRUE
0.61,0.0052,-0.14152990002544,0.493572282660783,61.4047476758719,TRUE
0.615,0.0052,-0.130453508587212,0.504328134720789,62.2679161379782,TRUE
0.62,0.0052,-0.119440847214202,0.514978072178624,63.1210640800144,TRUE
0.625,0.0052,-0.108493655199819,0.525521288470162,63.964157252439,TRUE
0.63,0.0052,-0.0976135919364316,0.535957063550874,64.7971686574709,TRUE
0.635,0.0052,-0.0868022372679928,0.546284762151533,65.6200783606865,TRUE
0.64,0.0052,-0.0760610919796559,0.556503831938886,66.4328732963038,TRUE
0.645,0.0052,-0.0653915784171784,0.566613801590461,67.2355470669614,TRUE
0.65,0.0052,-0.0547950412287328,0.576614278792516,68.0280997387824,TRUE
0.655,0.0052,-0.0442727482217053,0.586504948169963,68.810537632485,TRUE
0.66,0.0052,-0.0338258913269994,0.596285569156901,69.5828731112814,TRUE
0.665,0.0052,-0.0234555876633891,0.60595597381611,70.3451243662747,TRUE
0.67,0.0052,-0.0131628806944863,0.615516064615647,71.0973152000364,TRUE
0.675,0.0052,-0.00294874147095397,0.624965812170349,71.8394748090156,TRUE
0.395,0.0054,-0.601315091663426,0.00292349595436524,20.8815310883474,TRUE
0.4,0.0054,-0.589931462548008,0.0161394615825677,22.0167688437101,TRUE
0.405,0.0054,-0.578495918221485,0.0293509552201428,23.1497171331477,TRUE
0.41,0.0054,-0.567011676001359,0.0425543213395851,24.2800642948508,TRUE
0.415,0.0054,-0.555481989669363,0.055745915655976,25.40750120942,TRUE
0.42,0.0054,-0.543910144878347,0.0689221101407748,26.5317217211676,TRUE
0.425,0.0054,-0.532299454499476,0.0820792979833222,27.6524230513504,TRUE
0.43,0.0054,-0.520653253925049,0.0952138984843141,28.7693062020405,TRUE
0.435,0.0054,-0.508974896342311,0.108322361865897,29.8820763493892,TRUE
0.44,0.0054,-0.497267747993703,0.121401173983515,30.9904432250967,TRUE
0.445,0.0054,-0.485535183438894,0.134446860925199,32.0941214849618,TRUE
0.45,0.0054,-0.473780580833811,0.147455993484609,33.1928310634524,TRUE
0.455,0.0054,-0.462007317241636,0.16042519149488,34.286297513315,TRUE
0.46,0.0054,-0.450218763990428,0.173351128011047,35.3742523293141,TRUE
0.465,0.0054,-0.438418282091607,0.186230533329699,36.4564332552797,TRUE
0.47,0.0054,-0.426609217733101,0.199060198835364,37.5325845737212,TRUE
0.475,0.0054,-0.414794897860361,0.211836980664056,38.6024573773594,TRUE
0.48,0.0054,-0.402978625857898,0.224557803175387,39.665809822013,TRUE
0.485,0.0054,-0.391163677343266,0.237219662225624,40.7224073603721,TRUE
0.49,0.0054,-0.379353296084749,0.249819628235081,41.772022956278,TRUE
0.495,0.0054,-0.367550690053204,0.262354849044275,42.8144372792254,TRUE
0.5,0.0054,-0.355759027617721,0.274822552554273,43.8494388788906,TRUE
0.505,0.0054,-0.343981433893918,0.287220049147724,44.8768243395792,TRUE
0.51,0.0054,-0.332220987252821,0.299544733888043,45.8963984145773,TRUE
0.515,0.0054,-0.320480715997393,0.311794088495246,46.9079741404717,TRUE
0.52,0.0054,-0.308763595212894,0.323965683097914,47.9113729315885,TRUE
0.525,0.0054,-0.297072543796306,0.33605717776168,48.9064246547805,TRUE
0.53,0.0054,-0.285410421669227,0.348066323795602,49.892967684863,TRUE
0.535,0.0054,-0.273780027177675,0.359990964838606,50.8708489410739,TRUE
0.54,0.0054,-0.26218409468139,0.371829037729067,51.8399239049974,TRUE
0.545,0.0054,-0.250625292334384,0.383578573161339,52.8000566204508,TRUE
0.55,0.0054,-0.239106220057583,0.395237696133816,53.751119675892,TRUE
0.555,0.0054,-0.227629407703678,0.406804626193756,54.6929941699559,TRUE
0.56,0.0054,-0.216197313413442,0.418277677484758,55.6255696607716,TRUE
0.565,0.0054,-0.20481232216209,0.429655258603315,56.5487440997546,TRUE
0.57,0.0054,-0.193476744493526,0.440935872271413,57.4624237506027,TRUE
0.575,0.0054,-0.182192815439652,0.452118114832566,58.3665230942528,TRUE
0.58,0.0054,-0.170962693621329,0.463200675579092,59.2609647205802,TRUE
0.585,0.0054,-0.159788460526982,0.474182335918756,60.1456792076428,TRUE
0.59,0.0054,-0.148672119964322,0.485061968389188,61.0206049892836,TRUE
0.595,0.0054,-0.137615597680207,0.495838535528699,61.8856882119169,TRUE
0.6,0.0054,-0.126620741143195,0.506511088612306,62.7408825813275,TRUE
0.605,0.0054,-0.11568931948301,0.517078766261844,63.5861492003098,TRUE
0.61,0.0054,-0.104823023580778,0.527540792939163,64.4214563979749,TRUE
0.615,0.0054,-0.0940234663036416,0.537896477331384,65.2467795515409,TRUE
0.62,0.0054,-0.0832921828770767,0.548145210637166,66.0621009014132,TRUE
0.625,0.0054,-0.0726306313881152,0.558286464762887,66.8674093603462,TRUE
0.63,0.0054,-0.0620401934124586,0.56831979043749,67.6627003174593,TRUE
0.635,0.0054,-0.0515221747584224,0.57824481525465,68.4479754378613,TRUE
0.64,0.0054,-0.0410778063205408,0.588061241650694,69.2232424586125,TRUE
0.645,0.0054,-0.0307082450356722,0.597768844826523,69.9885149817306,TRUE
0.65,0.0054,-0.0204145749344218,0.60736747062154,70.743812264919,TRUE
0.655,0.0054,-0.0101978082807647,0.616857033347347,71.4891590106665,TRUE
0.66,0.0054,-5.88867928031704e-05,0.62623751358866,72.224585154341,TRUE
0.38,0.0056,-0.59462261168534,0.0086898962651564,21.6920965000685,TRUE
0.385,0.0056,-0.583282194704892,0.0218280030198234,22.8197916587129,TRUE
0.39,0.0056,-0.571891983300759,0.034960132644327,23.9450620896959,TRUE
0.395,0.0056,-0.560455154927978,0.0480826967378289,25.0676025714393,TRUE
0.4,0.0056,-0.548974920643212,0.0611921199704856,26.1871105656936,TRUE
0.405,0.0056,-0.537454520617462,0.0742848449345179,27.3032866234882,TRUE
0.41,0.0056,-0.525897219597614,0.0873573369383645,28.4158347827085,TRUE
0.415,0.0056,-0.51430630233152,0.100406088728959,29.5244629560745,TRUE
0.42,0.0056,-0.502685068971425,0.113427625127562,30.6288833083532,TRUE
0.425,0.0056,-0.491036830470522,0.126418507565085,31.7288126216843,TRUE
0.43,0.0056,-0.479364903987332,0.139375338503382,32.8239726479688,TRUE
0.435,0.0056,-0.467672608312419,0.152294765729663,33.9140904473315,TRUE
0.44,0.0056,-0.455963259331699,0.165173486511812,34.9988987117439,TRUE
0.445,0.0056,-0.444240165540266,0.178008251603238,36.0781360729678,TRUE
0.45,0.0056,-0.432506623620236,0.190795869086611,37.1515473940619,TRUE
0.455,0.0056,-0.42076591409565,0.203533208046769,38.2188840437749,TRUE
0.46,0.0056,-0.409021297076916,0.216217202063917,39.2799041532323,TRUE
0.465,0.0056,-0.397276008106675,0.22884485251921,40.334372854415,TRUE
0.47,0.0056,-0.385533254118318,0.241413231705733,41.3820625000086,TRUE
0.475,0.0056,-0.373796209517677,0.253919485738884,42.4227528642976,TRUE
0.48,0.0056,-0.362068012397652,0.266360837261137,43.4562313248587,TRUE
0.485,0.0056,-0.35035176089478,0.278734587937127,44.4822930249005,TRUE
0.49,0.0056,-0.33865050969591,0.291038120736014,45.5007410161773,TRUE
0.495,0.0056,-0.326967266702347,0.303268901999003,46.5113863824894,TRUE
0.5,0.0056,-0.315304989857942,0.315424483290894,47.514048343864,TRUE
0.505,0.0056,-0.303666584146778,0.327502503035428,48.508554341586,TRUE
0.51,0.0056,-0.29205489876523,0.339500687935095,49.4947401043224,TRUE
0.515,0.0056,-0.280472724472296,0.351416854176963,50.472449695657,TRUE
0.52,0.0056,-0.268922791121288,0.363248908426878,51.4415355434133,TRUE
0.525,0.0056,-0.257407765375097,0.374994848615181,52.4018584512095,TRUE
0.53,0.0056,-0.245930248606447,0.386652764517834,53.3532875927436,TRUE
0.535,0.0056,-0.234492774983758,0.398220838137513,54.2957004893603,TRUE
0.54,0.0056,-0.223097809742458,0.409697343889897,55.2289829714979,TRUE
0.545,0.0056,-0.211747747640887,0.42108064860091,56.1530291246548,TRUE
0.55,0.0056,-0.200444911599179,0.432369211321277,57.0677412205529,TRUE
0.555,0.0056,-0.189191551518912,0.443561582965142,57.9730296342074,TRUE
0.56,0.0056,-0.177989843280641,0.454656405779992,58.8688127476381,TRUE
0.565,0.0056,-0.166841887915897,0.465652412655436,59.7550168409797,TRUE
0.57,0.0056,-0.155749710949656,0.476548426278716,60.6315759717653,TRUE
0.575,0.0056,-0.144715261908851,0.487343358145089,61.4984318431693,TRUE
0.58,0.0056,-0.13374041399199,0.49803620743139,62.3555336620052,TRUE
0.585,0.0056,-0.122826963894619,0.508626059741256,63.2028379872735,TRUE
0.59,0.0056,-0.111976631784959,0.519112085730581,64.0403085700581,TRUE
0.595,0.0056,-0.101191061423779,0.529493539621822,64.8679161855613,TRUE
0.6,0.0056,-0.0904718204222946,0.539769757615784,65.6856384580637,TRUE
0.605,0.0056,-0.0798204006316718,0.549940156209469,66.4934596795774,TRUE
0.61,0.0056,-0.0692382186575362,0.560004230428512,67.2913706229528,TRUE
0.615,0.0056,-0.0587266164927673,0.569961551982605,68.0793683501762,TRUE
0.62,0.0056,-0.0482868622617484,0.579811767352165,68.8574560165799,TRUE
0.625,0.0056,-0.0379201510692172,0.589554595814326,69.62564267166,TRUE
0.63,0.0056,-0.0276276059468017,0.599189827416144,70.3839430571772,TRUE
0.635,0.0056,-0.0174102788903851,0.608717320902648,71.1323774031852,TRUE
0.64,0.0056,-0.0072691519814446,0.618137001607164,71.8709712226091,TRUE
0.36,0.0058,-0.599191286690476,0.00132507519067346,21.3686630240981,TRUE
0.365,0.0058,-0.587946368538241,0.0143883355715926,22.4909883948962,TRUE
0.37,0.0058,-0.576650632123841,0.027447700721871,23.6110611674699,TRUE
0.375,0.0058,-0.565307178693217,0.0404996394852549,24.7285801450743,TRUE
0.38,0.0058,-0.55391914466832,0.0535406307437387,25.8432465447427,TRUE
0.385,0.0058,-0.542489697324893,0.0665671681539283,26.9547643955297,TRUE
0.39,0.0058,-0.531022030412963,0.0795757648369525,28.0628409293211,TRUE
0.395,0.0058,-0.519519359734108,0.0925629580073692,29.1671869630112,TRUE
0.4,0.0058,-0.507984918689647,0.105525313526844,30.2675172708967,TRUE
0.405,0.0058,-0.496421953813982,0.118459430368815,31.3635509461819,TRUE
0.41,0.0058,-0.484833720307229,0.131361944980831,32.455011750552,TRUE
0.415,0.0058,-0.473223477581193,0.144229535531849,33.5416284508257,TRUE
0.42,0.0058,-0.461594484832504,0.157058926032366,34.6231351417711,TRUE
0.425,0.0058,-0.44994999665649,0.169846890315988,35.6992715542348,TRUE
0.43,0.0058,-0.438293258714979,0.182590255871751,36.7697833478103,TRUE
0.435,0.0058,-0.426627503470836,0.195285907517334,37.8344223873487,TRUE
0.44,0.0058,-0.414955946001541,0.207930790904093,38.8929470026953,TRUE
0.445,0.0058,-0.403281779903563,0.220521915845758,39.9451222311149,TRUE
0.45,0.0058,-0.391608173298737,0.233056359463495,40.990720041956,TRUE
0.455,0.0058,-0.379938264953134,0.245531269140964,42.0295195431831,TRUE
0.46,0.0058,-0.368275160518299,0.257943865283941,43.0613071694931,TRUE
0.465,0.0058,-0.356621928903945,0.270291443879987,44.0858768518148,TRUE
0.47,0.0058,-0.344981598790485,0.282571378854598,45.1030301680699,TRUE
0.475,0.0058,-0.333357155288966,0.29478112422121,46.1125764751605,TRUE
0.48,0.0058,-0.321751536755179,0.306918216023315,47.1143330222181,TRUE
0.485,0.0058,-0.310167631763918,0.318980274067896,48.1081250452336,TRUE
0.49,0.0058,-0.29860827624852,0.330965003450208,49.0937858432545,TRUE
0.495,0.0058,-0.287076250810004,0.342870195870825,50.0711568364078,TRUE
0.5,0.0058,-0.275574278199319,0.354693730746667,51.0400876060725,TRUE
0.505,0.0058,-0.264105020975383,0.366433576118491,52.0004359175867,TRUE
0.51,0.0058,-0.252671079340818,0.37808778935808,52.9520677259321,TRUE
0.515,0.0058,-0.24127498915651,0.389654517679044,53.8948571648928,TRUE
0.52,0.0058,-0.229919220135365,0.401131998455792,54.8286865202301,TRUE
0.525,0.0058,-0.218606174214912,0.412518559355835,55.7534461874632,TRUE
0.53,0.0058,-0.207338184107732,0.423812618291101,56.6690346148811,TRUE
0.535,0.0058,-0.196117512028002,0.435012683194466,57.5753582324451,TRUE
0.54,0.0058,-0.184946348591839,0.446117351628117,58.4723313672728,TRUE
0.545,0.0058,-0.173826811888575,0.457125310230753,59.3598761464148,TRUE
0.55,0.0058,-0.162760946719491,0.468035334010972,60.2379223876584,TRUE
0.555,0.0058,-0.151750724000113,0.478846285494456,61.1064074791056,TRUE
0.56,0.0058,-0.140798040321654,0.48955711373281,61.9652762482829,TRUE
0.565,0.0058,-0.129904717666829,0.500166853182079,62.8144808215485,TRUE
0.57,0.0058,-0.119072503274856,0.510674622459095,63.6539804745623,TRUE
0.575,0.0058,-0.108303069650173,0.521079622983901,64.4837414745838,TRUE
0.58,0.0058,-0.0975980147090885,0.531381137516532,65.3037369153581,TRUE
0.585,0.0058,-0.0869588620583662,0.541578528596419,66.1139465453393,TRUE
0.59,0.0058,-0.0763870613995405,0.55167123689267,66.9143565899917,TRUE
0.595,0.0058,-0.0658839890526055,0.561658779473366,67.7049595688915,TRUE
0.6,0.0058,-0.0554509485925909,0.571540748001926,68.485754108338,TRUE
0.605,0.0058,-0.0450891715924849,0.581316806868441,69.2567447501585,TRUE
0.61,0.0058,-0.0347998184658813,0.590986691263693,70.017941757376,TRUE
0.615,0.0058,-0.0245839794027545,0.600550205203405,70.7693609173785,TRUE
0.62,0.0058,-0.0144426753917447,0.61000721951001,71.511023343209,TRUE
0.625,0.0058,-0.00437685932242344,0.619357669759027,72.2429552735662,TRUE
0.345,0.006,-0.592490099126827,0.00703310379629875,22.1634453750347,TRUE
0.35,0.006,-0.581289187706992,0.0200182786269984,23.2782061540657,TRUE
0.355,0.006,-0.570039530556905,0.0329980987373418,24.3905850732392,TRUE
0.36,0.006,-0.558744189573983,0.0459690985595061,25.5002872302782,TRUE
0.365,0.006,-0.547406259096761,0.0589278243012973,26.6070202682079,TRUE
0.37,0.006,-0.536028861683999,0.0718708385275812,27.7104947589772,TRUE
0.375,0.006,-0.524615143844438,0.0847947246909498,28.8104245793667,TRUE
0.38,0.006,-0.513168271730745,0.0976960915977847,29.9065272780543,TRUE
0.385,0.006,-0.501691426811263,0.11057157779623,30.9985244327506,TRUE
0.39,0.006,-0.49018780153317,0.123417855873026,32.0861419963689,TRUE
0.395,0.006,-0.478660594990598,0.136231636646647,33.1691106312499,TRUE
0.4,0.006,-0.467113008611101,0.149009673244752,34.2471660305221,TRUE
0.405,0.006,-0.455548241873637,0.161748765054599,35.320049225743,TRUE
0.41,0.006,-0.443969488070958,0.17444576153571,36.3875068800355,TRUE
0.415,0.006,-0.432379930128906,0.187097565884857,37.4492915660068,TRUE
0.42,0.006,-0.420782736494737,0.199701138544152,38.5051620278105,TRUE
0.425,0.006,-0.409181057106067,0.212253500543885,39.5548834267905,TRUE
0.43,0.006,-0.397578019451551,0.224751736672545,40.5982275702238,TRUE
0.435,0.006,-0.385976724733748,0.237192998467347,41.6349731227592,TRUE
0.44,0.006,-0.374380244144085,0.24957450701947,42.664905800227,TRUE
0.445,0.006,-0.362791615259073,0.261893555589068,43.6878185455782,TRUE
0.45,0.006,-0.351213838566301,0.274147512026052,44.7035116867871,TRUE
0.455,0.006,-0.33964987412794,0.286333820993504,45.7117930766316,TRUE
0.46,0.006,-0.328102638388794,0.298450005991472,46.7124782143411,TRUE
0.465,0.006,-0.316575001135118,0.310493671179781,47.7053903491752,TRUE
0.47,0.006,-0.305069782609676,0.322462502999329,48.6903605660704,TRUE
0.475,0.006,-0.29358975078771,0.334354271592173,49.6672278535564,TRUE
0.48,0.006,-0.282137618817721,0.346166832021505,50.6358391542131,TRUE
0.485,0.006,-0.270716042630172,0.3578981252934,51.5960493979983,TRUE
0.49,0.006,-0.259327618716463,0.369546179182909,52.5477215188345,TRUE
0.495,0.006,-0.247974882079792,0.381109108867808,53.4907264548963,TRUE
0.5,0.006,-0.23666030435874,0.392585117373923,54.4249431330907,TRUE
0.505,0.006,-0.225386292123775,0.403972495836571,55.350258438265,TRUE
0.51,0.006,-0.214155185346122,0.415269623583192,56.2665671677178,TRUE
0.515,0.006,-0.202969256037844,0.426474968042782,57.173771971627,TRUE
0.52,0.006,-0.191830707061351,0.437587084488162,58.0717832800344,TRUE
0.525,0.006,-0.180741671105944,0.448604615617535,58.9605192170585,TRUE
0.53,0.006,-0.169704209828501,0.459526290982142,59.8399055030245,TRUE
0.535,0.006,-0.158720313154884,0.470350926267126,60.7098753452204,TRUE
0.54,0.006,-0.147791898738163,0.481077422432967,61.5703693180012,TRUE
0.545,0.006,-0.136920811569381,0.491704764725076,62.4213352329704,TRUE
0.55,0.006,-0.126108823736139,0.502232021559251,63.2627279999746,TRUE
0.555,0.006,-0.115357634323992,0.512658343290878,64.0945094796473,TRUE
0.56,0.006,-0.104668869455325,0.522982960875767,64.9166483282365,TRUE
0.565,0.006,-0.0940440824601021,0.53320518443059,65.7291198354426,TRUE
0.57,0.006,-0.0834847541727139,0.543324401700843,66.5319057559867,TRUE
0.575,0.006,-0.0729922933489091,0.553340076444235,67.3249941356164,TRUE
0.58,0.006,-0.0625680371966998,0.563251746737304,68.1083791322398,TRUE
0.585,0.006,-0.0522132520150072,0.573059023212968,68.882060832866,TRUE
0.59,0.006,-0.0419291339337359,0.582761587236545,69.6460450670047,TRUE
0.595,0.006,-0.0317168097489518,0.592359189027652,70.400343217163,TRUE
0.6,0.006,-0.0215773378467982,0.60185164573515,71.1449720270498,TRUE
0.605,0.006,-0.0115117092098448,0.611238839472137,71.8799534080773,TRUE
0.61,0.006,-0.0015208484995777,0.620520715317711,72.6053142447204,TRUE
0.33,0.0062,-0.585809294106941,0.0126729760196363,22.9466348473438,TRUE
0.335,0.0062,-0.574653762717589,0.0255792843064079,24.0537616200548,TRUE
0.34,0.0062,-0.563451514254039,0.038478833056768,25.1583832790785,TRUE
0.345,0.0062,-0.552205570219808,0.0513682223465989,26.2602112052547,TRUE
0.35,0.0062,-0.540918981936402,0.0642440656457213,27.358959444685,TRUE
0.355,0.0062,-0.529594826425335,0.0771029942461186,28.4543450779542,TRUE
0.36,0.0062,-0.518236202248231,0.0899416616355735,29.5460885814061,TRUE
0.365,0.0062,-0.506846225318017,0.102756747803577,30.6339141794052,TRUE
0.37,0.0062,-0.495428024694284,0.115544963466734,31.717550186565,TRUE
0.375,0.0062,-0.483984738375824,0.12830305420133,32.7967293389685,TRUE
0.38,0.0062,-0.472519509103309,0.141027804471222,33.8711891134675,TRUE
0.385,0.0062,-0.461035480184839,0.153716041539786,34.9406720342031,TRUE
0.39,0.0062,-0.449535791356909,0.166364639255258,36.0049259655533,TRUE
0.395,0.0062,-0.438023574693006,0.178970521699479,37.0637043907842,TRUE
0.4,0.0062,-0.426501950571686,0.19153066669076,38.1167666757474,TRUE
0.405,0.0062,-0.414974023715568,0.204042109132332,39.1638783170391,TRUE
0.41,0.0062,-0.403442879312193,0.216501944198631,40.204811174114,TRUE
0.415,0.0062,-0.391911579227171,0.228907330352462,41.239343684917,TRUE
0.42,0.0062,-0.380383158319466,0.241255492186936,42.2672610646766,TRUE
0.425,0.0062,-0.36886062086804,0.253543723086884,43.2883554875775,TRUE
0.43,0.0062,-0.357346937118455,0.265769387705342,44.3024262511076,TRUE
0.435,0.0062,-0.345845039957324,0.277929924251512,45.3092799229479,TRUE
0.44,0.0062,-0.334357821721813,0.290022846587489,46.3087304703494,TRUE
0.445,0.0062,-0.322888131150668,0.302045746131857,47.3005993720132,TRUE
0.45,0.0062,-0.311438770482507,0.313996293569092,48.284715712558,TRUE
0.455,0.0062,-0.300012492706374,0.325872240364521,49.2609162597291,TRUE
0.46,0.0062,-0.288611998968786,0.337671420085368,50.2290455245644,TRUE
0.465,0.0062,-0.277239936140798,0.34939174952914,51.1889558047985,TRUE
0.47,0.0062,-0.265898894547829,0.361031229661386,52.1405072118377,TRUE
0.475,0.0062,-0.254591405864289,0.37258794636548,53.0835676816973,TRUE
0.48,0.0062,-0.243319941174336,0.384060071007785,54.0180129703411,TRUE
0.485,0.0062,-0.23208690919939,0.395445860822104,54.9437266339065,TRUE
0.49,0.0062,-0.220894654692376,0.406743659117936,55.8605999943431,TRUE
0.495,0.0062,-0.209745456998015,0.417951895317536,56.7685320910284,TRUE
0.5,0.0062,-0.19864152877787,0.429069084827253,57.667429618956,TRUE
0.505,0.0062,-0.187585014898297,0.440093828749059,58.5572068541218,TRUE
0.51,0.0062,-0.176577991478873,0.45102481343854,59.4377855667571,TRUE
0.515,0.0062,-0.165622465098383,0.461860809915944,60.3090949230754,TRUE
0.52,0.0062,-0.154720372154981,0.472600673137179,61.171071376219,TRUE
0.525,0.0062,-0.143873578376681,0.483243341131873,62.023658547099,TRUE
0.53,0.0062,-0.133083878477979,0.493787834015786,62.8668070958324,TRUE
0.535,0.0062,-0.122352995958009,0.504233252885035,63.7004745844828,TRUE
0.54,0.0062,-0.111682583035351,0.51457877859967,64.524625331812,TRUE
0.545,0.0062,-0.101074220714322,0.524823670464197,65.3392302607451,TRUE
0.55,0.0062,-0.0905294189773374,0.534967264812696,66.1442667392482,TRUE
0.555,0.0062,-0.0800496170977431,0.545008973506108,66.9397184153048,TRUE
0.56,0.0062,-0.0696361840673389,0.554948282349282,67.7255750466692,TRUE
0.565,0.0062,-0.0592904191327042,0.564784749435234,68.5018323260572,TRUE
0.57,0.0062,-0.0490135524343215,0.574518003423987,69.2684917024184,TRUE
0.575,0.0062,-0.0388067457424576,0.584147741763211,70.0255601989193,TRUE
0.58,0.0062,-0.0286710932837011,0.593673728857723,70.7730502282391,TRUE
0.585,0.0062,-0.0186076226520879,0.603095794194711,71.5109794057658,TRUE
0.59,0.0062,-0.00861729579873842,0.612413830431342,72.2393703612491,TRUE
0.31,0.0064,-0.590212666489449,0.00541276387265848,22.6164782481831,TRUE
0.315,0.0064,-0.579151502316689,0.0182442654821774,23.7182471868583,TRUE
0.32,0.0064,-0.568042656273316,0.0310710017038465,24.8176784331189,TRUE
0.325,0.0064,-0.556889077265054,0.0438896276338387,25.9144872176115,TRUE
0.33,0.0064,-0.545693745469854,0.0566968089429769,27.0083911829085,TRUE
0.335,0.0064,-0.534459668371429,0.0694892261989402,28.099110745672,TRUE
0.34,0.0064,-0.523189876745382,0.0822635791433055,29.1863694517262,TRUE
0.345,0.0064,-0.511887420610338,0.0950165909106456,30.2698943229903,TRUE
0.35,0.0064,-0.500555365156588,0.10774501217722,31.3494161952688,TRUE
0.355,0.0064,-0.489196786664763,0.120445625227165,32.4246700459389,TRUE
0.36,0.0064,-0.477814768426993,0.133115247924549,33.4953953106246,TRUE
0.365,0.0064,-0.466412396682889,0.145750737580131,34.5613361880033,TRUE
0.37,0.0064,-0.454992756582499,0.158348994702261,35.6222419319481,TRUE
0.375,0.0064,-0.443558928188131,0.170906966621912,36.6778671302706,TRUE
0.38,0.0064,-0.43211398252662,0.183421650982532,37.7279719693949,TRUE
0.385,0.0064,-0.420660977703266,0.195890099086065,38.7723224843619,TRUE
0.39,0.0064,-0.409202955088215,0.208309419087233,39.8106907936305,TRUE
0.395,0.0064,-0.397742935585606,0.220676779028903,40.8428553182156,TRUE
0.4,0.0064,-0.386283915995269,0.232989409712172,41.868600984774,TRUE
0.405,0.0064,-0.374828865476207,0.245244607395566,42.8877194123233,TRUE
0.41,0.0064,-0.363380722120497,0.257439736318571,43.9000090823481,TRUE
0.415,0.0064,-0.351942389645603,0.269572231045525,44.9052754921273,TRUE
0.42,0.0064,-0.340516734212455,0.281639598626713,45.9033312911779,TRUE
0.425,0.0064,-0.329106581375955,0.293639420574294,46.8939964007898,TRUE
0.43,0.0064,-0.317714713173883,0.305569354651529,47.8770981166883,TRUE
0.435,0.0064,-0.306343865359482,0.317427136474503,48.8524711949293,TRUE
0.44,0.0064,-0.294996724782259,0.329210580926352,49.8199579211947,TRUE
0.445,0.0064,-0.28367592692087,0.340917583384694,50.779408163717,TRUE
0.45,0.0064,-0.272384053571211,0.352546120763711,51.7306794101178,TRUE
0.455,0.0064,-0.261123630692146,0.36409425237298,52.6736367885,TRUE
0.46,0.0064,-0.24989712641064,0.3755601205958,53.6081530731826,TRUE
0.465,0.0064,-0.238706949187344,0.38694195139039,54.5341086755144,TRUE
0.47,0.0064,-0.227555446143078,0.398238054617841,55.4513916202449,TRUE
0.475,0.0064,-0.216444901545989,0.409446824201309,56.3598975079674,TRUE
0.48,0.0064,-0.205377535458574,0.420566738121336,57.2595294641867,TRUE
0.485,0.0064,-0.194355502543191,0.43159635825268,58.150198075591,TRUE
0.49,0.0064,-0.183380891024117,0.442534330048395,59.0318213141346,TRUE
0.495,0.0064,-0.172455721803718,0.453379382077261,59.9043244495595,TRUE
0.5,0.0064,-0.161581947729815,0.464130325420961,60.7676399510025,TRUE
0.505,0.0064,-0.150761453010875,0.474786052937656,61.6217073783471,TRUE
0.51,0.0064,-0.139996052775285,0.485345538398829,62.4664732639896,TRUE
0.515,0.0064,-0.129287492770561,0.495807835506423,63.3018909856973,TRUE
0.52,0.0064,-0.11863744919804,0.506172076797446,64.1279206312342,TRUE
0.525,0.0064,-0.1080475286783,0.516437472443291,64.9445288554366,TRUE
0.53,0.0064,-0.0975192683423048,0.526603308951053,65.7516887304094,TRUE
0.535,0.0064,-0.087054136043036,0.536668947774185,66.5493795895132,TRUE
0.54,0.0064,-0.0766535306822124,0.546633823839754,67.3375868657999,TRUE
0.545,0.0064,-0.0663187826465298,0.556497443999547,68.1163019255429,TRUE
0.55,0.0064,-0.0560511543477452,0.56625938541217,68.8855218974944,TRUE
0.555,0.0064,-0.0458518408608525,0.575919293863186,69.6452494984853,TRUE
0.56,0.0064,-0.035721970654525,0.585476882030187,70.3954928559658,TRUE
0.565,0.0064,-0.0256626064080033,0.594931927699537,71.1362653280637,TRUE
0.57,0.0064,-0.0156747459085815,0.604284271941353,71.867585321718,TRUE
0.575,0.0064,-0.00575932302389682,0.613533817249074,72.5894761094195,TRUE
0.295,0.0066,-0.583534443998229,0.0109939757400438,23.3841723510663,TRUE
0.3,0.0066,-0.572519224467877,0.0237466343128971,24.4783095439412,TRUE
0.305,0.0066,-0.561458301741927,0.0364931661907853,25.5699913727265,TRUE
0.31,0.0066,-0.550354585079349,0.0492302903815655,26.6589391872546,TRUE
0.315,0.0066,-0.539211012510822,0.061954738004423,27.7448768610899,TRUE
0.32,0.0066,-0.528030546970273,0.0746632564667563,28.8275311400285,TRUE
0.325,0.0066,-0.51681617238591,0.0873526135923338,29.9066319832932,TRUE
0.33,0.0066,-0.505570889742734,0.100019601688588,30.9819128964364,TRUE
0.335,0.0066,-0.494297713128477,0.112661041541233,32.0531112550066,TRUE
0.34,0.0066,-0.482999665774991,0.12527378632479,33.1199686180778,TRUE
0.345,0.0066,-0.471679776106942,0.137854725418027,34.1822310307906,TRUE
0.35,0.0066,-0.460341073809599,0.150400788113846,35.2396493151093,TRUE
0.355,0.0066,-0.44898658592724,0.162908947213678,36.2919793480534,TRUE
0.36,0.0066,-0.437619333003486,0.175376222497048,37.3389823267258,TRUE
0.365,0.0066,-0.426242325274512,0.187799684057601,38.3804250195207,TRUE
0.37,0.0066,-0.414858558925738,0.200176455497574,39.4160800029602,TRUE
0.375,0.0066,-0.403471012422166,0.212503716973354,40.4457258836763,TRUE
0.38,0.0066,-0.392082642922071,0.224778708085544,41.4691475051221,TRUE
0.385,0.0066,-0.380696382783227,0.236998730607665,42.486136138667,TRUE
0.39,0.0066,-0.369315136170319,0.249161151048399,43.4964896587979,TRUE
0.395,0.0066,-0.357941775771605,0.261263403043053,44.5000127022206,TRUE
0.4,0.0066,-0.346579139632259,0.273302989570679,45.4965168107195,TRUE
0.405,0.0066,-0.335230028111247,0.285277484994091,46.4858205577084,TRUE
0.41,0.0066,-0.32389720096787,0.297184536920737,47.4677496584631,TRUE
0.415,0.0066,-0.312583374583504,0.309021867883202,48.4421370640984,TRUE
0.42,0.0066,-0.301291219323347,0.320787276838788,49.4088230394078,TRUE
0.425,0.0066,-0.290023357042332,0.332478640488397,50.3676552247489,TRUE
0.43,0.0066,-0.27878235873868,0.344093914415594,51.3184886822102,TRUE
0.435,0.0066,-0.267570742357883,0.355631134047422,52.2611859263507,TRUE
0.44,0.0066,-0.256390970749265,0.367088415439157,53.1956169398542,TRUE
0.445,0.0066,-0.245245449776591,0.378463955885809,54.1216591744841,TRUE
0.45,0.0066,-0.234136526583579,0.389756034363733,55.0391975377721,TRUE
0.455,0.0066,-0.223066488014548,0.400963011806245,55.948124365909,TRUE
0.46,0.0066,-0.212037559189831,0.41208333121762,56.848339383344,TRUE
0.465,0.0066,-0.201051902235036,0.423115517630312,57.7397496496296,TRUE
0.47,0.0066,-0.190111615162675,0.434058177910615,58.6222694940754,TRUE
0.475,0.0066,-0.179218730904188,0.444910000418376,59.495820438801,TRUE
0.48,0.0066,-0.168375216489903,0.455669754526667,60.3603311107942,TRUE
0.485,0.0066,-0.157582972374023,0.466336290007607,61.2157371435988,TRUE
0.49,0.0066,-0.146843831901334,0.476908536290767,62.0619810692681,TRUE
0.495,0.0066,-0.136159560911933,0.487385501600775,62.8990122012288,TRUE
0.5,0.0066,-0.125531857479942,0.497766271980892,63.7267865087049,TRUE
0.505,0.0066,-0.114962351781881,0.508050010209452,64.5452664833532,TRUE
0.51,0.0066,-0.104452606090064,0.518235954616111,65.3544209987612,TRUE
0.515,0.0066,-0.0940041148861999,0.528323417804935,66.1542251634531,TRUE
0.52,0.0066,-0.0836183050901189,0.538311785291306,66.9446601680426,TRUE
0.525,0.0066,-0.0732965363984296,0.548200514059645,67.7257131271644,TRUE
0.53,0.0066,-0.0630401017277436,0.557989131048863,68.4973769167986,TRUE
0.535,0.0066,-0.0528502277570092,0.567677231572397,69.2596500075946,TRUE
0.54,0.0066,-0.0427280755634206,0.577264477679533,70.0125362947817,TRUE
0.545,0.0066,-0.0326747413463344,0.586750596464632,70.7560449252345,TRUE
0.55,0.0066,-0.0226912572335821,0.596135378330682,71.4901901222474,TRUE
0.555,0.0066,-0.0127785921646061,0.605418675213437,72.2149910085444,TRUE
0.56,0.0066,-0.00293765284484457,0.614600398772224,72.9304714280372,TRUE
0.275,0.0068,-0.587804342712284,0.00382921761573566,23.0516609260519,TRUE
0.28,0.0068,-0.576882891769638,0.0165066277414463,24.1404066191792,TRUE
0.285,0.0068,-0.565914832956954,0.0291798292461949,25.2268598271167,TRUE
0.29,0.0068,-0.554903004960857,0.0418455954564729,26.3107457065007,TRUE
0.295,0.0068,-0.543850276570579,0.054500709163321,27.3917916974109,TRUE
0.3,0.0068,-0.532759542953819,0.0671419666960768,28.4697278649752,TRUE
0.305,0.0068,-0.521633721887199,0.0797661819560481,29.5442872344608,TRUE
0.31,0.0068,-0.51047574995269,0.0923701903983176,30.6152061188852,TRUE
0.315,0.0068,-0.499288578711477,0.104950852950178,31.6822244382177,TRUE
0.32,0.0068,-0.488075170866756,0.117505059855016,32.7450860292861,TRUE
0.325,0.0068,-0.476838496426912,0.130029734430861,33.8035389455415,TRUE
0.33,0.0068,-0.465581528880422,0.142521836733265,34.8573357458903,TRUE
0.335,0.0068,-0.454307241393674,0.15497836711265,35.9062337718494,TRUE
0.34,0.0068,-0.44301860304267,0.167396369656839,36.9499954123399,TRUE
0.345,0.0068,-0.431718575089314,0.179772935510017,37.9883883554915,TRUE
0.35,0.0068,-0.420410107312657,0.19210520606004,39.0211858268924,TRUE
0.355,0.0068,-0.409096134405096,0.204390375986616,40.0481668137803,TRUE
0.36,0.0068,-0.397779572443111,0.216625696163585,41.0691162747371,TRUE
0.365,0.0068,-0.386463315441658,0.228808476409213,42.0838253345138,TRUE
0.37,0.0068,-0.37515023200083,0.240936088079145,43.0920914636781,TRUE
0.375,0.0068,-0.363843162052882,0.253005966497367,44.0937186428448,TRUE
0.38,0.0068,-0.352544913717126,0.265015613221291,45.0885175113129,TRUE
0.385,0.0068,-0.341258260269643,0.276962598137795,46.0763055000011,TRUE
0.39,0.0068,-0.329985937234124,0.288844561387789,47.0569069486345,TRUE
0.395,0.0068,-0.318730639599546,0.300659215117606,48.0301532071996,TRUE
0.4,0.0068,-0.307495019169739,0.312404345056237,48.995882721745,TRUE
0.405,0.0068,-0.296281682049271,0.324077811918117,49.9539411046638,TRUE
0.41,0.0068,-0.285093186269407,0.335677552631855,50.904181189648,TRUE
0.415,0.0068,-0.273932039557289,0.347201581395947,51.8464630715601,TRUE
0.42,0.0068,-0.262800697250807,0.358647990563162,52.7806541315177,TRUE
0.425,0.0068,-0.251701560361038,0.370014951355843,53.7066290475302,TRUE
0.43,0.0068,-0.240636973783475,0.381300714414983,54.6242697910745,TRUE
0.435,0.0068,-0.229609224658703,0.392503610186427,55.5334656100344,TRUE
0.44,0.0068,-0.218620540882583,0.403622049148056,56.4341129984646,TRUE
0.445,0.0068,-0.207673089765433,0.414654521882272,57.3261156536731,TRUE
0.45,0.0068,-0.196768976839191,0.425599598998508,58.209384421146,TRUE
0.455,0.0068,-0.185910244811012,0.43645593091087,59.0838372278618,TRUE
0.46,0.0068,-0.175098872661292,0.447222247476339,59.9493990045659,TRUE
0.465,0.0068,-0.164336774883632,0.457897357499286,60.806001597592,TRUE
0.47,0.0068,-0.153625800863901,0.468480148108271,61.6535836708323,TRUE
0.475,0.0068,-0.142967734395084,0.478969584011337,62.4920905984706,TRUE
0.48,0.0068,-0.132364293324341,0.489364706636174,63.3214743490956,TRUE
0.485,0.0068,-0.121817129328317,0.499664633161676,64.1416933618215,TRUE
0.49,0.0068,-0.111327827812486,0.5098685554475,64.9527124150382,TRUE
0.495,0.0068,-0.100897907930078,0.519975738868312,65.7545024884179,TRUE
0.5,0.0068,-0.0905288227158732,0.529985521059434,66.5470406187927,TRUE
0.505,0.0068,-0.0802219593300136,0.539897310580613,67.3303097505186,TRUE
0.51,0.0068,-0.0699786394067892,0.54971058550457,68.1042985809252,TRUE
0.515,0.0068,-0.0598001195032528,0.559424891936996,68.8690014014425,TRUE
0.52,0.0068,-0.0496875916424208,0.569039842474476,69.6244179349808,TRUE
0.525,0.0068,-0.0396421839457397,0.57855511460683,70.3705531701243,TRUE
0.53,0.0068,-0.029664961349478,0.587970449070117,71.107417192683,TRUE
0.535,0.0068,-0.0197569263996768,0.597285648156478,71.8350250151265,TRUE
0.54,0.0068,-0.00991902012029958,0.606500573986789,72.5533964044064,TRUE
0.545,0.0068,-0.000152122949272291,0.615615146751897,73.2625557086513,TRUE
0.26,0.007,-0.581135388273641,0.00935175074475449,23.8040928894055,TRUE
0.265,0.007,-0.570260321096705,0.0219504779178547,24.8852218803653,TRUE
0.27,0.007,-0.55934057382239,0.0345436777082529,25.9639460651407,TRUE
0.275,0.007,-0.548378946328351,0.0471281855491695,27.039996549002,TRUE
0.28,0.007,-0.53737826621438,0.0597008477969985,28.1131068248677,TRUE
0.285,0.007,-0.526341385171329,0.0722585256675097,29.183013101969,TRUE
0.29,0.007,-0.515271175311071,0.0847980991286445,30.2494546278057,TRUE
0.295,0.007,-0.504170525468449,0.0973164707387189,31.3121740024835,TRUE
0.3,0.007,-0.493042337486197,0.109810569419126,32.3709174845596,TRUE
0.305,0.007,-0.481889522493841,0.122277354150977,33.4254352875626,TRUE
0.31,0.007,-0.4707149971915,0.134713817585515,34.4754818663985,TRUE
0.315,0.007,-0.459521680149402,0.147116989558555,35.5208161929015,TRUE
0.32,0.007,-0.448312488133757,0.159483940499736,36.561202019841,TRUE
0.325,0.007,-0.437090332469385,0.171811784727849,37.5964081327498,TRUE
0.33,0.007,-0.425858115449243,0.184097683624107,38.6262085889956,TRUE
0.335,0.007,-0.414618726800637,0.196338848675815,39.6503829435767,TRUE
0.34,0.007,-0.403375040217568,0.208532544383519,40.668716461184,TRUE
0.345,0.007,-0.392129909968206,0.220676091025374,41.6810003141322,TRUE
0.35,0.007,-0.380886167586075,0.232766867273143,42.6870317658274,TRUE
0.355,0.007,-0.369646618653003,0.244802312654927,43.6866143394992,TRUE
0.36,0.007,-0.358414039681408,0.256779929860408,44.6795579719912,TRUE
0.365,0.007,-0.347191175102916,0.268697286885127,45.6656791524629,TRUE
0.37,0.007,-0.335980734369767,0.280552019010957,46.6448010459217,TRUE
0.375,0.007,-0.324785389174858,0.292341830620712,47.6167536015599,TRUE
0.38,0.007,-0.313607770795679,0.30406449684543,48.5813736459355,TRUE
0.385,0.007,-0.302450467566797,0.31571786504363,49.5385049610868,TRUE
0.39,0.007,-0.291316022484924,0.327299856112437,50.4879983477316,TRUE
0.395,0.007,-0.280206930949981,0.338808465631153,51.4297116737503,TRUE
0.4,0.007,-0.269125638644978,0.350241764838436,52.3635099082027,TRUE
0.405,0.007,-0.2580745395569,0.361597901444859,53.2892651411763,TRUE
0.41,0.007,-0.247055974140213,0.372875100283183,54.2068565898059,TRUE
0.415,0.007,-0.236072227624009,0.384071663799182,55.116170590847,TRUE
0.42,0.007,-0.225125528463248,0.395185972386381,56.0171005802193,TRUE
0.425,0.007,-0.214218046934005,0.406216484568522,56.909547059974,TRUE
0.43,0.007,-0.203351893872109,0.417161737033982,57.7934175531659,TRUE
0.435,0.007,-0.192529119554054,0.428020344526767,58.6686265471392,TRUE
0.44,0.007,-0.18175171271858,0.438790999599061,59.535095425759,TRUE
0.445,0.007,-0.1710215997269,0.449472472230601,60.3927523911386,TRUE
0.45,0.007,-0.160340643859094,0.460063609320422,61.2415323754324,TRUE
0.455,0.007,-0.14971064474383,0.470563334056788,62.081376943272,TRUE
0.46,0.007,-0.139133337918194,0.480970645171251,62.9122341854366,TRUE
0.465,0.007,-0.128610394514106,0.491284616083012,63.7340586043538,TRUE
0.47,0.007,-0.118143421067469,0.501504393939838,64.5468109920286,TRUE
0.475,0.007,-0.107733959445976,0.51162919856188,65.350458301002,TRUE
0.48,0.007,-0.0973834868912339,0.521658321294821,66.1449735089347,TRUE
0.485,0.007,-0.0870934161706808,0.531591123778776,66.930335477409,TRUE
0.49,0.007,-0.0768650958345874,0.541427036639375,67.7065288055337,TRUE
0.495,0.007,-0.0666998105733115,0.551165558107431,68.4735436789272,TRUE
0.5,0.007,-0.0565987816698469,0.560806252573515,69.2313757146415,TRUE
0.505,0.007,-0.046563167542624,0.570348749083702,69.9800258025794,TRUE
0.51,0.007,-0.0365940643734732,0.579792739782613,70.7194999439369,TRUE
0.515,0.007,-0.0266925068156142,0.589137978309784,71.4498090871921,TRUE
0.52,0.007,-0.01685946877654,0.598384278155212,72.1709689621396,TRUE
0.525,0.007,-0.00709586427066124,0.607531510979792,72.8829999124513,TRUE
0.24,0.0072,-0.585278494563098,0.00228264894483494,23.4694848934898,TRUE
0.245,0.0072,-0.574496470551546,0.0148058480367031,24.5452000487352,TRUE
0.25,0.0072,-0.563668918218378,0.0273253633912485,25.6186687246313,TRUE
0.255,0.0072,-0.552798568969392,0.0398380839099479,26.6896257796833,TRUE
0.26,0.0072,-0.54188818314941,0.052340906935656,27.7578082324236,TRUE
0.265,0.0072,-0.530940546548344,0.0648307420888903,28.822955583369,TRUE
0.27,0.0072,-0.519958466863888,0.0773045150686347,29.8848101310011,TRUE
0.275,0.0072,-0.508944770131262,0.0897591714068077,30.9431172808796,TRUE
0.28,0.0072,-0.497902297130509,0.102191680165789,31.9976258470312,TRUE
0.285,0.0072,-0.486833899781893,0.114599037568678,33.0480883447951,TRUE
0.29,0.0072,-0.475742437539884,0.126978270552317,34.0942612743408,TRUE
0.295,0.0072,-0.464630773796175,0.139326440233492,35.1359053941251,TRUE
0.3,0.0072,-0.453501772302003,0.151640645279176,36.1727859835965,TRUE
0.305,0.0072,-0.442358293619893,0.163918025172137,37.2046730945077,TRUE
0.31,0.0072,-0.431203191614679,0.176155763363781,38.2313417902509,TRUE
0.315,0.0072,-0.420039309993392,0.188351090306627,39.2525723726833,TRUE
0.32,0.0072,-0.408869478903267,0.200501286359408,40.2681505959679,TRUE
0.325,0.0072,-0.397696511596751,0.212603684558388,41.2778678670143,TRUE
0.33,0.0072,-0.386523201171996,0.224655673249131,42.2815214321614,TRUE
0.335,0.0072,-0.375352317396857,0.236654698573578,43.2789145498052,TRUE
0.34,0.0072,-0.364186603623961,0.248598266807985,44.2698566487339,TRUE
0.345,0.0072,-0.353028773803899,0.260483946547885,45.2541634719949,TRUE
0.35,0.0072,-0.341881509603061,0.272309370736963,46.2316572061727,TRUE
0.355,0.0072,-0.330747457632105,0.284072238537364,47.2021665960222,TRUE
0.36,0.0072,-0.319629226790474,0.295770317039622,48.1655270444517,TRUE
0.365,0.0072,-0.308529385731806,0.307401442811063,49.121580697911,TRUE
0.37,0.0072,-0.297450460454501,0.31896352328216,50.0701765172909,TRUE
0.375,0.0072,-0.286394932021126,0.330454537970953,51.0111703344938,TRUE
0.38,0.0072,-0.275365234409756,0.341872539546234,51.9444248948808,TRUE
0.385,0.0072,-0.264363752499749,0.353215654730795,52.8698098858527,TRUE
0.39,0.0072,-0.253392820193914,0.364482085046577,53.7872019518599,TRUE
0.395,0.0072,-0.242454718678432,0.375670107404093,54.6964846961829,TRUE
0.4,0.0072,-0.231551674821352,0.38677807453898,55.5975486698565,TRUE
0.405,0.0072,-0.220685859709973,0.397804415299015,56.4902913481509,TRUE
0.41,0.0072,-0.20985938732685,0.408747634785344,57.3746170950509,TRUE
0.415,0.0072,-0.199074313363747,0.419606314352084,58.2504371162023,TRUE
0.42,0.0072,-0.188332634172303,0.430379111468793,59.1176694008197,TRUE
0.425,0.0072,-0.17763628584981,0.441064759450664,59.9762386530712,TRUE
0.43,0.0072,-0.166987143458018,0.451662067061537,60.8260762134737,TRUE
0.435,0.0072,-0.156387020372529,0.462169917995118,61.6671199708438,TRUE
0.44,0.0072,-0.145837667759972,0.472587270239988,62.4993142653665,TRUE
0.445,0.0072,-0.135340774179793,0.482913155334162,63.3226097833465,TRUE
0.45,0.0072,-0.124897965307227,0.493146677515108,64.1369634442147,TRUE
0.455,0.0072,-0.114510803773707,0.503287012771257,64.9423382803669,TRUE
0.46,0.0072,-0.10418078912075,0.513333407801089,65.7387033104061,TRUE
0.465,0.0072,-0.0939093578631265,0.523285178885952,66.5260334063629,TRUE
0.47,0.0072,-0.0836978836569428,0.53314171068278,67.3043091554597,TRUE
0.475,0.0072,-0.0735476775680981,0.542902454942851,68.0735167169771,TRUE
0.48,0.0072,-0.0634599884364708,0.552566929162727,68.8336476747731,TRUE
0.485,0.0072,-0.0534360033310579,0.562134715173403,69.5846988859929,TRUE
0.49,0.0072,-0.0434768480912414,0.57160545767366,70.3266723264934,TRUE
0.495,0.0072,-0.0335835879492841,0.580978862713479,71.0595749334951,TRUE
0.5,0.0072,-0.0237572282291444,0.590254696133249,71.7834184459519,TRUE
0.505,0.0072,-0.013998715116688,0.599432781964387,72.4982192431193,TRUE
0.51,0.0072,-0.00430893649638874,0.608513000796789,73.2039981817779,TRUE
0.225,0.0074,-0.578625033493762,0.00774655507432352,24.2069101566048,TRUE
0.23,0.0074,-0.56788971612234,0.0201913562639457,25.2750353635374,TRUE
0.235,0.0074,-0.557110746665245,0.0326311965105764,26.3408068909719,TRUE
0.24,0.0074,-0.546290818631728,0.0450630249628337,27.4039653705387,TRUE
0.245,0.0074,-0.535432652206648,0.0574838005947747,28.4642536910222,TRUE
0.25,0.0074,-0.52453899084471,0.0698904959122369,29.5214173080845,TRUE
0.255,0.0074,-0.513612597827316,0.0822801006205966,30.5752045478352,TRUE
0.26,0.0074,-0.502656252792064,0.0946496252436407,31.6253669034091,TRUE
0.265,0.0074,-0.491672748244966,0.106996104683498,32.6716593237439,TRUE
0.27,0.0074,-0.480664886065459,0.119316601711874,33.7138404937905,TRUE
0.275,0.0074,-0.469635474014239,0.131608210383184,34.7516731054212,TRUE
0.28,0.0074,-0.458587322253857,0.14386805936056,35.7849241183522,TRUE
0.285,0.0074,-0.44752323989185,0.156093315146162,36.8133650104371,TRUE
0.29,0.0074,-0.436446031555999,0.168281185207662,37.8367720167401,TRUE
0.295,0.0074,-0.425358494011059,0.180428920993301,38.8549263568473,TRUE
0.3,0.0074,-0.414263412826015,0.192533820828461,39.8676144499281,TRUE
0.305,0.0074,-0.403163559100592,0.204593232687215,40.8746281171142,TRUE
0.31,0.0074,-0.392061686259388,0.216604556832965,41.8757647708178,TRUE
0.315,0.0074,-0.380960526921585,0.228565248322827,42.8708275906696,TRUE
0.32,0.0074,-0.369862789853766,0.240472819371081,43.8596256858118,TRUE
0.325,0.0074,-0.358771157012915,0.252324841567603,44.8419742433408,TRUE
0.33,0.0074,-0.347688280686165,0.264118947947859,45.8176946627506,TRUE
0.335,0.0074,-0.336616780733377,0.275852834911654,46.7866146762827,TRUE
0.34,0.0074,-0.325559241938085,0.28752426398847,47.7485684551456,TRUE
0.345,0.0074,-0.314518211471833,0.299131063447864,48.7033967016206,TRUE
0.35,0.0074,-0.303496196476341,0.310671129754003,49.6509467271209,TRUE
0.355,0.0074,-0.292495661767428,0.322142428864019,50.591072516325,TRUE
0.36,0.0074,-0.281519027664017,0.333542997370467,51.5236347775504,TRUE
0.365,0.0074,-0.270568667945034,0.344870943488707,52.4485009795827,TRUE
0.37,0.0074,-0.259646907936431,0.356124447890617,53.3655453752155,TRUE
0.375,0.0074,-0.248756022730026,0.367301764386529,54.2746490117999,TRUE
0.38,0.0074,-0.23789823553534,0.378401220457781,55.1756997291396,TRUE
0.385,0.0074,-0.227075716165052,0.389421217642766,56.0685921451012,TRUE
0.39,0.0074,-0.216290579654231,0.400360231779749,56.9532276293436,TRUE
0.395,0.0074,-0.205544885012992,0.411216813110154,57.8295142655968,TRUE
0.4,0.0074,-0.194840634111763,0.42198958624639,58.6973668029475,TRUE
0.405,0.0074,-0.184179770697916,0.432677250008608,59.5567065966105,TRUE
0.41,0.0074,-0.17356417954209,0.443278577135064,60.4074615386855,TRUE
0.415,0.0074,-0.162995685712138,0.45379241387109,61.2495659794131,TRUE
0.42,0.0074,-0.152476053972271,0.464217679441818,62.0829606394577,TRUE
0.425,0.0074,-0.142006988304623,0.474553365414082,62.9075925137565,TRUE
0.43,0.0074,-0.131590131550164,0.484798534953023,63.723414767479,TRUE
0.435,0.0074,-0.121227065165576,0.494952321979104,64.5303866246463,TRUE
0.44,0.0074,-0.110919309092499,0.505013930231296,65.3284732499619,TRUE
0.445,0.0074,-0.100668321735261,0.514982632242308,66.1176456244051,TRUE
0.45,0.0074,-0.0904755000430849,0.52485776823173,66.8978804151328,TRUE
0.455,0.0074,-0.0803421796925128,0.534638744923019,67.6691598402335,TRUE
0.46,0.0074,-0.0702696353657192,0.544325034290195,68.431471528866,TRUE
0.465,0.0074,-0.0602590811202061,0.55391617224011,69.1848083773092,TRUE
0.47,0.0074,-0.0503116708453213,0.563411757236074,69.9291684014355,TRUE
0.475,0.0074,-0.0404284988009478,0.572811448868548,70.6645545861096,TRUE
0.48,0.0074,-0.0306106002336832,0.582114966378497,71.3909747319984,TRUE
0.485,0.0074,-0.0208589520657963,0.59132208713889,72.108441300264,TRUE
0.49,0.0074,-0.0111744736522507,0.600432645099682,72.8169712555932,TRUE
0.495,0.0074,-0.00155802760110086,0.609446529201486,73.5165859080011,TRUE
0.205,0.0076,-0.582647803720848,0.000773099143218462,23.8704614439693,TRUE
0.21,0.0076,-0.572004690749988,0.0131422424701794,24.9331609748033,TRUE
0.215,0.0076,-0.561317130387619,0.0255081958843718,25.9936606084974,TRUE
0.22,0.0076,-0.550587749825224,0.0378679610252409,27.0517046672489,TRUE
0.225,0.0076,-0.539819204041669,0.0502185470331244,28.1070395150391,TRUE
0.23,0.0076,-0.52901417252745,0.0625569741591526,29.1594138608586,TRUE
0.235,0.0076,-0.518175355967594,0.0748802773438122,30.2085790564526,TRUE
0.24,0.0076,-0.507305472892798,0.0871855097541932,31.2542893877698,TRUE
0.245,0.0076,-0.496407256308381,0.099469746270149,32.2963023593223,TRUE
0.25,0.0076,-0.485483450310729,0.111730086909848,33.3343789707002,TRUE
0.255,0.0076,-0.474536806700836,0.12396366018551,34.3682839845179,TRUE
0.26,0.0076,-0.463570081604532,0.13616762638046,35.3977861851102,TRUE
0.265,0.0076,-0.452586032108831,0.148339180739023,36.4226586273377,TRUE
0.27,0.0076,-0.441587412923701,0.160475556561199,37.4426788749053,TRUE
0.275,0.0076,-0.430576973078338,0.172574028194548,38.4576292276477,TRUE
0.28,0.0076,-0.419557452660796,0.184631913916166,39.4672969372824,TRUE
0.285,0.0076,-0.408531579609506,0.196646578698184,40.4714744111834,TRUE
0.29,0.0076,-0.397502066564929,0.208615436850763,41.4699594037811,TRUE
0.295,0.0076,-0.386471607789199,0.220535954537102,42.4625551952484,TRUE
0.3,0.0076,-0.375442876161235,0.23240565215558,43.4490707571839,TRUE
0.305,0.0076,-0.364418520254356,0.24422210658474,44.4293209050634,TRUE
0.31,0.0076,-0.353401161503031,0.255982953287403,45.4031264372788,TRUE
0.315,0.0076,-0.342393391464858,0.267685888270846,46.3703142606428,TRUE
0.32,0.0076,-0.331397769183452,0.279328669900538,47.3307175022871,TRUE
0.325,0.0076,-0.320416818657348,0.29090912056556,48.2841756079378,TRUE
0.33,0.0076,-0.309453026419568,0.302425128194423,49.2305344265993,TRUE
0.335,0.0076,-0.298508839231935,0.313874647620574,50.1696462817293,TRUE
0.34,0.0076,-0.287586661897703,0.32525570179746,51.1013700290336,TRUE
0.345,0.0076,-0.276688855195566,0.336566382863561,52.0255711010574,TRUE
0.35,0.0076,-0.26581773393752,0.347804853058364,52.9421215387886,TRUE
0.355,0.0076,-0.254975565152608,0.358969345490723,53.8509000105337,TRUE
0.36,0.0076,-0.244164566397994,0.370058164761572,54.7517918183622,TRUE
0.365,0.0076,-0.233386904198351,0.381069687443402,55.644688892451,TRUE
0.37,0.0076,-0.222644692614041,0.392002362419349,56.529489773694,TRUE
0.375,0.0076,-0.211939991938093,0.402854711085148,57.4060995849702,TRUE
0.38,0.0076,-0.20127480752153,0.413625327417579,58.2744299914908,TRUE
0.385,0.0076,-0.190651088726151,0.424312877913371,59.1343991506701,TRUE
0.39,0.0076,-0.180070728003481,0.434916101402839,59.9859316519834,TRUE
0.395,0.0076,-0.16953556009817,0.445433808742818,60.8289584472951,TRUE
0.4,0.0076,-0.159047361373811,0.455864882393689,61.6634167721542,TRUE
0.405,0.0076,-0.148607849258731,0.466208275885511,62.4892500585642,TRUE
0.41,0.0076,-0.138218681809074,0.476463013178446,63.3064078397464,TRUE
0.415,0.0076,-0.127881457386124,0.486628187922841,64.1148456474201,TRUE
0.42,0.0076,-0.117597714444619,0.496702962624406,64.9145249021258,TRUE
0.425,0.0076,-0.107368931428523,0.506686567720055,65.7054127971226,TRUE
0.43,0.0076,-0.0971965267705417,0.516578300570016,66.4874821763829,TRUE
0.435,0.0076,-0.0870818589914635,0.526377524371851,67.260711407213,TRUE
0.44,0.0076,-0.0770262268952633,0.536083667002059,68.0250842480127,TRUE
0.445,0.0076,-0.0670308698557673,0.545696219790857,68.780589711689,TRUE
0.45,0.0076,-0.0570969681905711,0.555214736235785,69.5272219252211,TRUE
0.455,0.0076,-0.0472256436178174,0.56463883065961,70.2649799858705,TRUE
0.46,0.0076,-0.0374179597913825,0.573968176818029,70.9938678145101,TRUE
0.465,0.0076,-0.0276749229099759,0.58320250646248,71.7138940065408,TRUE
0.47,0.0076,-0.0179974823956473,0.592341607863313,72.4250716808392,TRUE
0.475,0.0076,-0.00838653163718557,0.601385324298411,73.1274183271747,TRUE
0.19,0.0078,-0.576015604642275,0.00617849548201877,24.5931539784183,TRUE
0.195,0.0078,-0.56541941396828,0.0184696396635982,25.6483009848426,TRUE
0.2,0.0078,-0.554780600232126,0.0307563572733419,26.7011457881344,TRUE
0.205,0.0078,-0.544101753701153,0.0430357083002446,27.7514383046611,TRUE
0.21,0.0078,-0.533385490280399,0.0553047615470751,28.7989305831167,TRUE
0.215,0.0078,-0.522634448320193,0.0675605981177343,29.8433770961994,TRUE
0.22,0.0078,-0.511851285387978,0.0798003148703834,30.8845350266515,TRUE
0.225,0.0078,-0.501038675013563,0.0920210278268716,31.922164546886,TRUE
0.23,0.0078,-0.490199303416996,0.104219875529195,32.9560290914585,TRUE
0.235,0.0078,-0.479335866228303,0.116394022334,33.9858956216721,TRUE
0.24,0.0078,-0.468451065208278,0.128540661636428,35.0115348816386,TRUE
0.245,0.0078,-0.457547604979446,0.140657019014965,36.0327216451609,TRUE
0.25,0.0078,-0.446628189776177,0.152740355289329,37.0492349528391,TRUE
0.255,0.0078,-0.435695520222771,0.164787969483849,38.0608583388496,TRUE
0.26,0.0078,-0.424752290148128,0.176797201689248,39.0673800468902,TRUE
0.265,0.0078,-0.413801183445351,0.188765435816207,40.068593234835,TRUE
0.27,0.0078,-0.40284487098436,0.200690102234607,41.0642961676879,TRUE
0.275,0.0078,-0.391886007585249,0.21256868029285,42.0542923984788,TRUE
0.28,0.0078,-0.380927229059803,0.224398700712234,43.0383909367936,TRUE
0.285,0.0078,-0.369971149328153,0.236177747851873,44.0164064046843,TRUE
0.29,0.0078,-0.359020357617186,0.247903461840259,44.988159179754,TRUE
0.295,0.0078,-0.348077415746867,0.259573540570108,45.9534755252672,TRUE
0.3,0.0078,-0.337144855510181,0.271185741553723,46.9121877071828,TRUE
0.305,0.0078,-0.326225176151937,0.28273788363668,47.8641340980618,TRUE
0.31,0.0078,-0.315320841951182,0.294227848568206,48.8091592678467,TRUE
0.315,0.0078,-0.304434279911505,0.305653582427188,49.7471140615623,TRUE
0.32,0.0078,-0.293567877562966,0.317013096903306,50.6778556640297,TRUE
0.325,0.0078,-0.28272398087894,0.328304470433311,51.6012476517325,TRUE
0.33,0.0078,-0.271904892310606,0.339525849193006,52.5171600320164,TRUE
0.335,0.0078,-0.261112868941346,0.350675447945972,53.4254692698421,TRUE
0.34,0.0078,-0.250350120762815,0.36175155075058,54.3260583023519,TRUE
0.345,0.0078,-0.239618809073951,0.372752511527273,55.2188165415437,TRUE
0.35,0.0078,-0.228921045003723,0.383676754488545,56.1036398653805,TRUE
0.355,0.0078,-0.218258888157946,0.394522774434439,56.9804305976912,TRUE
0.36,0.0078,-0.207634345390062,0.405289136916774,57.8490974772502,TRUE
0.365,0.0078,-0.197049369695335,0.415974478275653,58.7095556164421,TRUE
0.37,0.0078,-0.186505859227503,0.426577505552113,59.5617264499449,TRUE
0.375,0.0078,-0.176005656436565,0.437096996281096,60.4055376738799,TRUE
0.38,0.0078,-0.16555054732597,0.447531798169133,61.2409231758952,TRUE
0.385,0.0078,-0.155142260827162,0.457880828661399,62.0678229566613,TRUE
0.39,0.0078,-0.144782468289121,0.468143074402972,62.8861830432688,TRUE
0.395,0.0078,-0.134472783080193,0.478317590599296,63.6959553950252,TRUE
0.4,0.0078,-0.124214760299316,0.488403500281,64.4970978021546,TRUE
0.405,0.0078,-0.114009896593404,0.498399993478301,65.2895737779051,TRUE
0.41,0.0078,-0.103859630077521,0.508306326310337,66.0733524445709,TRUE
0.415,0.0078,-0.0937653403542157,0.518121819994801,66.8484084139337,TRUE
0.42,0.0078,-0.0837283486282618,0.527845859783281,67.6147216626238,TRUE
0.425,0.0078,-0.0737499179128669,0.537477893827719,68.3722774028964,TRUE
0.43,0.0078,-0.0638312533233286,0.547017431983377,69.1210659493113,TRUE
0.435,0.0078,-0.0539735024539799,0.556464044553662,69.8610825817934,TRUE
0.44,0.0078,-0.0441777558342238,0.565817360982075,70.5923274055421,TRUE
0.445,0.0078,-0.0344450474593746,0.575077068496516,71.314805208246,TRUE
0.45,0.0078,-0.0247763553920109,0.584242910711023,72.0285253150435,TRUE
0.455,0.0078,-0.0151726024295174,0.59331468618996,72.733501441659,TRUE
0.46,0.0078,-0.00563465683350098,0.602292246979489,73.4297515461249,TRUE
0.175,0.008,-0.569419328413337,0.0115159754612972,25.3048355171078,TRUE
0.18,0.008,-0.558871033981494,0.0237287436372432,26.3524017444456,TRUE
0.185,0.008,-0.548281896857984,0.0359358970006367,27.397568566351,TRUE
0.19,0.008,-0.53765446983364,0.0481345535856468,28.4400914481252,TRUE
0.195,0.008,-0.526991329282635,0.0603218414596626,29.4797280692375,TRUE
0.2,0.008,-0.516295072053774,0.072494902090264,30.5162386037102,TRUE
0.205,0.008,-0.505568312331216,0.0846508936754147,31.5493859947344,TRUE
0.21,0.008,-0.494813678473437,0.0967869944278871,32.5789362227863,TRUE
0.215,0.008,-0.484033809839258,0.108900405805153,33.6046585665464,TRUE
0.22,0.008,-0.473231353609749,0.120988355676242,34.6263258559537,TRUE
0.225,0.008,-0.462408961614784,0.133048101417378,35.6437147167642,TRUE
0.23,0.008,-0.451569287172923,0.145076932928534,36.6566058060191,TRUE
0.235,0.008,-0.440714981953146,0.157072175563449,37.6647840378685,TRUE
0.24,0.008,-0.42984869286682,0.169031192966027,38.6680387992423,TRUE
0.245,0.008,-0.418973058998018,0.180951389806511,39.6661641548987,TRUE
0.25,0.008,-0.408090708580107,0.192830214411258,40.6589590414321,TRUE
0.255,0.008,-0.3972042560262,0.204665161280461,41.6462274498674,TRUE
0.26,0.008,-0.386316299020759,0.216453773488625,42.6277785965151,TRUE
0.265,0.008,-0.375429415679301,0.22819364496318,43.6034270818122,TRUE
0.27,0.008,-0.364546161782762,0.2398824226371,44.5729930369229,TRUE
0.275,0.008,-0.353669068092687,0.25151780847196,45.5363022579218,TRUE
0.28,0.008,-0.342800637753008,0.263097561348412,46.4931863274325,TRUE
0.285,0.008,-0.331943343783699,0.274619498821597,47.4434827236406,TRUE
0.29,0.008,-0.321099626671195,0.286081498739568,48.3870349166514,TRUE
0.295,0.008,-0.310271892059939,0.29748150072333,49.3236924522069,TRUE
0.3,0.008,-0.29946250854902,0.308817507507637,50.2533110228205,TRUE
0.305,0.008,-0.288673805597314,0.320087586142218,51.175752526435,TRUE
0.31,0.008,-0.277908071540126,0.331289869053599,52.0908851127498,TRUE
0.315,0.008,-0.267167551719806,0.342422554968183,52.9985832174,TRUE
0.32,0.008,-0.256454446732365,0.353483909697725,53.8987275842141,TRUE
0.325,0.008,-0.245770910791633,0.364472266788786,54.7912052758063,TRUE
0.33,0.008,-0.235119050212052,0.375386028038188,55.6759096727959,TRUE
0.335,0.008,-0.22450092201074,0.386223663876884,56.5527404619764,TRUE
0.34,0.008,-0.213918532629023,0.396983713625042,57.4216036137833,TRUE
0.345,0.008,-0.203373836773227,0.407664785621497,58.2824113494366,TRUE
0.35,0.008,-0.192868736374097,0.418265557231044,59.1350820981562,TRUE
0.355,0.008,-0.182405079663848,0.428784774733343,59.9795404448666,TRUE
0.36,0.008,-0.171984660369463,0.439221253097479,60.8157170688284,TRUE
0.365,0.008,-0.161609217020529,0.449573875646434,61.6435486736438,TRUE
0.37,0.008,-0.15128043236956,0.459841593615989,62.4629779090994,TRUE
0.375,0.008,-0.140999932922495,0.470023425612686,63.2739532853173,TRUE
0.38,0.008,-0.130769288576713,0.480118456975695,64.0764290796914,TRUE
0.385,0.008,-0.12059001236374,0.490125839047505,64.8703652370931,TRUE
0.39,0.008,-0.110463560293522,0.5000447883585,65.6557272638299,TRUE
0.395,0.008,-0.100391331296981,0.509874585730508,66.4324861158429,TRUE
0.4,0.008,-0.0903746672633577,0.519614575304492,67.2006180816255,TRUE
0.405,0.008,-0.0804148531687097,0.529264163497553,67.9601046603419,TRUE
0.41,0.008,-0.0705131172917977,0.538822817894428,68.7109324356199,TRUE
0.415,0.008,-0.0606706315134558,0.548290066078625,69.4530929454824,TRUE
0.42,0.008,-0.0508885116954904,0.557665494408307,70.1865825488742,TRUE
0.425,0.008,-0.0411678181350506,0.566948746741984,70.9114022892316,TRUE
0.43,0.008,-0.0315095560903814,0.576139523118961,71.6275577555272,TRUE
0.435,0.008,-0.021914676373839,0.585237578399437,72.3350589412141,TRUE
0.44,0.008,-0.0123840760080316,0.594242720868987,73.0339201014734,TRUE
0.445,0.008,-0.00291859894095932,0.603154810812104,73.7241596091623,TRUE
0.155,0.0082,-0.573318636477997,0.00464754577867253,24.9633652775527,TRUE
0.16,0.0082,-0.562860750366254,0.0167855426441552,26.005579015283,TRUE
0.165,0.0082,-0.552361267719118,0.0289196161645731,27.045542176906,TRUE
0.17,0.0082,-0.541822678769595,0.0410469341643516,28.0830137120868,TRUE
0.175,0.0082,-0.531247498363913,0.0531646723515468,29.1177545836753,TRUE
0.18,0.0082,-0.520638262970718,0.0652700175970431,30.1495280422283,TRUE
0.185,0.0082,-0.509997527656171,0.0773601711834505,31.1780998953684,TRUE
0.19,0.0082,-0.499327863033304,0.08943235201499,32.2032387712676,TRUE
0.195,0.0082,-0.488631852194083,0.10148379977985,33.2247163755717,TRUE
0.2,0.0082,-0.477912087632603,0.11351177805672,34.2423077411083,TRUE
0.205,0.0082,-0.467171168167848,0.125513577357489,35.2557914697544,TRUE
0.21,0.0082,-0.456411695874363,0.137486518098389,36.2649499658735,TRUE
0.215,0.0082,-0.445636273029084,0.149427953492197,37.2695696607691,TRUE
0.22,0.0082,-0.43484749908244,0.161335272354512,38.2694412276417,TRUE
0.225,0.0082,-0.424047967661626,0.173205901817484,39.2643597865763,TRUE
0.23,0.0082,-0.413240263613771,0.185037309944822,40.2541250991319,TRUE
0.235,0.0082,-0.402426960096438,0.196827008242362,41.2385417521475,TRUE
0.24,0.0082,-0.39161061572262,0.208572554058911,42.2174193304249,TRUE
0.245,0.0082,-0.380793771767092,0.220271552872631,43.1905725779965,TRUE
0.25,0.0082,-0.369978949440633,0.231921660458654,44.1578215477297,TRUE
0.255,0.0082,-0.359168647238251,0.24352058493419,45.1189917390703,TRUE
0.26,0.0082,-0.34836533836719,0.255066088677868,46.0739142237706,TRUE
0.265,0.0082,-0.337571468260069,0.266555990120596,47.0224257594985,TRUE
0.27,0.0082,-0.32678945217809,0.277988165405721,47.9643688912647,TRUE
0.275,0.0082,-0.316021672908815,0.289360549916819,48.8995920406552,TRUE
0.28,0.0082,-0.305270478562581,0.30067113967192,49.8279495828971,TRUE
0.285,0.0082,-0.294538180471161,0.31191799258352,50.7493019118285,TRUE
0.29,0.0082,-0.283827051191818,0.323099229584179,51.6635154928868,TRUE
0.295,0.0082,-0.27313932261947,0.334213035618022,52.5704629042638,TRUE
0.3,0.0082,-0.262477184209198,0.345257660498892,53.4700228664206,TRUE
0.305,0.0082,-0.251842781310902,0.356231419636366,54.3620802601823,TRUE
0.31,0.0082,-0.241238213617453,0.367132694631271,55.2465261336735,TRUE
0.315,0.0082,-0.230665533727272,0.377959933742713,56.1232576983796,TRUE
0.32,0.0082,-0.220126745821813,0.388711652229044,56.992178314652,TRUE
0.325,0.0082,-0.209623804458049,0.399386432565527,57.8531974669992,TRUE
0.33,0.0082,-0.199158613475649,0.409982924541791,58.7062307295279,TRUE
0.335,0.0082,-0.188733025018142,0.420499845242458,59.5511997219228,TRUE
0.34,0.0082,-0.178348838667028,0.430935978914639,60.3880320563685,TRUE
0.345,0.0082,-0.168007800687446,0.441290176726179,61.2166612758334,TRUE
0.35,0.0082,-0.157711603383656,0.451561356418825,62.0370267841512,TRUE
0.355,0.0082,-0.147461884562344,0.461748501860612,62.8490737683427,TRUE
0.36,0.0082,-0.13726022710144,0.471850662501993,63.6527531136328,TRUE
0.365,0.0082,-0.127108158621879,0.48186695274033,64.4480213116201,TRUE
0.37,0.0082,-0.11700715125954,0.491796551197494,65.2348403620623,TRUE
0.375,0.0082,-0.106958621534335,0.501638699915421,66.013177668744,TRUE
0.38,0.0082,-0.0969639303132626,0.511392703474513,66.7830059298879,TRUE
0.385,0.0082,-0.0870243828640664,0.521057928039826,67.5443030235744,TRUE
0.39,0.0082,-0.0771412289959853,0.530633800339995,68.2970518886252,TRUE
0.395,0.0082,-0.0673156632839656,0.540119806583856,69.0412404014047,TRUE
0.4,0.0082,-0.0575488253726044,0.549515491319677,69.7768612489819,TRUE
0.405,0.0082,-0.0478418003560001,0.558820456241894,70.5039117990904,TRUE
0.41,0.0082,-0.0381956192296429,0.568034358950158,71.2223939673106,TRUE
0.415,0.0082,-0.0286112594104116,0.577156911665446,71.9323140818889,TRUE
0.42,0.0082,-0.0190896453207383,0.586187879907881,72.633682746596,TRUE
0.425,0.0082,-0.0096316490329811,0.595127081140801,73.3265147020114,TRUE
0.43,0.0082,-0.000238090970060063,0.603974383385513,74.01082868561,TRUE
0.14,0.0084,-0.566751478633964,0.00992707425298185,25.6607776822181,TRUE
0.145,0.0084,-0.55634153377698,0.0219872639982048,26.6954645099581,TRUE
0.15,0.0084,-0.545891721244299,0.0340423802084753,27.7278080319296,TRUE
0.155,0.0084,-0.535404494884984,0.0460896467922943,28.7575725620774,TRUE
0.16,0.0084,-0.524882331212919,0.0581262966984385,29.7845245037966,TRUE
0.165,0.0084,-0.514327726494878,0.0701495750819107,30.8084326138223,TRUE
0.17,0.0084,-0.503743193809286,0.0821567424372035,31.829068260837,TRUE
0.175,0.0084,-0.493131260083742,0.0941450776906195,32.846205678124,TRUE
0.18,0.0084,-0.482494463119345,0.10611188124358,33.8596222096229,TRUE
0.185,0.0084,-0.471835348609906,0.118054477959093,34.8690985487725,TRUE
0.19,0.0084,-0.461156467164082,0.129970220083812,35.8744189695565,TRUE
0.195,0.0084,-0.450460371338364,0.141856490098434,36.8753715492011,TRUE
0.2,0.0084,-0.439749612688775,0.153710703489502,37.871748382012,TRUE
0.205,0.0084,-0.429026738848944,0.165530311436059,38.8633457838736,TRUE
0.21,0.0084,-0.418294290642068,0.177312803404978,39.8499644869754,TRUE
0.215,0.0084,-0.407554799234023,0.189055709649213,40.8314098243705,TRUE
0.22,0.0084,-0.396810783334664,0.200756603603638,41.8074919040148,TRUE
0.225,0.0084,-0.386064746454047,0.212413104173628,42.7780257719783,TRUE
0.23,0.0084,-0.375319174220019,0.224022877911945,43.7428315645647,TRUE
0.235,0.0084,-0.364576531763278,0.23558364108004,44.7017346491201,TRUE
0.24,0.0084,-0.353839261175653,0.247093161590301,45.6545657533553,TRUE
0.245,0.0084,-0.34310977904699,0.258549260826333,46.6011610830518,TRUE
0.25,0.0084,-0.332390474085624,0.269949815338795,47.5413624280664,TRUE
0.255,0.0084,-0.321683704827031,0.281292758414864,48.4750172565893,TRUE
0.26,0.0084,-0.310991797434817,0.292576081519834,49.4019787976584,TRUE
0.265,0.0084,-0.300317043597809,0.303797835609907,50.3221061119689,TRUE
0.27,0.0084,-0.289661698526542,0.314956132315636,51.2352641510599,TRUE
0.275,0.0084,-0.279027979052053,0.326049144996012,52.141323804998,TRUE
0.28,0.0084,-0.268418061829409,0.337075109663587,53.0401619387142,TRUE
0.285,0.0084,-0.257834081648009,0.348032325781493,53.9316614171858,TRUE
0.29,0.0084,-0.247278129850245,0.358919156933614,54.8157111196863,TRUE
0.295,0.0084,-0.2367522528597,0.369734031369575,55.6922059433607,TRUE
0.3,0.0084,-0.226258450819657,0.380475442426584,56.5610467964075,TRUE
0.305,0.0084,-0.215798676342275,0.391141948830523,57.4221405811791,TRUE
0.31,0.0084,-0.205374833368407,0.401732174879009,58.2754001675342,TRUE
0.315,0.0084,-0.194988776137693,0.412244810509451,59.1207443567976,TRUE
0.32,0.0084,-0.184642308268139,0.422678611255418,59.9580978367022,TRUE
0.325,0.0084,-0.17433718194413,0.433032398094874,60.7873911277057,TRUE
0.33,0.0084,-0.164075097211443,0.443305057194093,61.6085605210862,TRUE
0.335,0.0084,-0.153857701377558,0.453495539551236,62.4215480092376,TRUE
0.34,0.0084,-0.14368658851527,0.463602860543767,63.2263012085902,TRUE
0.345,0.0084,-0.133563299067348,0.473626099384058,64.0227732755923,TRUE
0.35,0.0084,-0.123489319549741,0.483564398487619,64.8109228161954,TRUE
0.355,0.0084,-0.113466082350623,0.493416962758516,65.5907137892843,TRUE
0.36,0.0084,-0.103494965622357,0.503183058796632,66.3621154044986,TRUE
0.365,0.0084,-0.093577293263297,0.512862014031444,67.12510201489,TRUE
0.37,0.0084,-0.083714334986173,0.522453215787059,67.8796530048562,TRUE
0.375,0.0084,-0.0739073064696898,0.531956110283247,68.6257526737897,TRUE
0.38,0.0084,-0.0641573695898422,0.541370201577203,69.3633901158739,TRUE
0.385,0.0084,-0.0544656327273583,0.550695050450744,70.0925590964481,TRUE
0.39,0.0084,-0.0448331511476151,0.559930273247603,70.813257925361,TRUE
0.395,0.0084,-0.0352609274492975,0.569075540665437,71.5254893277152,TRUE
0.4,0.0084,-0.0257499120780586,0.578130576507044,72.229260312399,TRUE
0.405,0.0084,-0.0163010039013869,0.587095156395266,72.9245820387888,TRUE
0.41,0.0084,-0.00691505084091036,0.59596910645587,73.6114696819904,TRUE
0.12,0.0086,-0.570544973034471,0.00315356068362551,25.3180915748101,TRUE
0.125,0.0086,-0.56022439080771,0.0151391386429982,26.3474345742851,TRUE
0.13,0.0086,-0.549863232944901,0.0271212663591949,27.3745785958236,TRUE
0.135,0.0086,-0.539463892904398,0.0390972163891455,28.3992913636118,TRUE
0.14,0.0086,-0.529028787750815,0.051064268320123,29.4213425015362,TRUE
0.145,0.0086,-0.518560355354397,0.0630197118514776,30.4405037914267,TRUE
0.15,0.0086,-0.508061051557939,0.0749608498495941,31.4565494265728,TRUE
0.155,0.0086,-0.497533347318888,0.0868850013680816,32.4692562598629,TRUE
0.16,0.0086,-0.486979725834337,0.09878950462536,33.4784040459139,TRUE
0.165,0.0086,-0.476402679656615,0.110671719932019,34.4837756765867,TRUE
0.17,0.0086,-0.465804707807201,0.122529032560551,35.485157409311,TRUE
0.175,0.0086,-0.455188312896588,0.134358855550334,36.4823390876737,TRUE
0.18,0.0086,-0.444555998257681,0.146158632441045,37.4751143537591,TRUE
0.185,0.0086,-0.433910265100146,0.157925839927996,38.4632808517616,TRUE
0.19,0.0086,-0.423253609693006,0.169657990433266,39.4466404224331,TRUE
0.195,0.0086,-0.412588520582563,0.181352634586855,40.4249992879613,TRUE
0.2,0.0086,-0.401917475852523,0.193007363612514,41.3981682269183,TRUE
0.205,0.0086,-0.391242940432945,0.204619811613295,42.3659627389584,TRUE
0.21,0.0086,-0.380567363464345,0.216187657752323,43.3282031989846,TRUE
0.215,0.0086,-0.369893175723021,0.227708628324741,44.2847150005492,TRUE
0.22,0.0086,-0.359222787113297,0.23918049871721,45.2353286882909,TRUE
0.225,0.0086,-0.348558584232077,0.250601095251851,46.1798800792599,TRUE
0.23,0.0086,-0.33790292801073,0.261968296911946,47.1182103730178,TRUE
0.235,0.0086,-0.327258151438923,0.273280036947225,48.0501662504463,TRUE
0.24,0.0086,-0.3166265573747,0.284534304356994,48.9755999612374,TRUE
0.245,0.0086,-0.306010416444614,0.295729145249858,49.8943694000771,TRUE
0.25,0.0086,-0.295411965037405,0.306862664079245,50.8063381715766,TRUE
0.255,0.0086,-0.284833403394245,0.317933024754355,51.7113756440383,TRUE
0.26,0.0086,-0.274276893798194,0.328938451626652,52.6093569921842,TRUE
0.265,0.0086,-0.263744558865078,0.339877230352387,53.5001632290058,TRUE
0.27,0.0086,-0.253238479937615,0.350747708632084,54.3836812269296,TRUE
0.275,0.0086,-0.24276069558419,0.361548296828299,55.2598037285205,TRUE
0.28,0.0086,-0.232313200203298,0.372277468463329,56.1284293469759,TRUE
0.285,0.0086,-0.221897942734275,0.382933760598926,56.9894625566901,TRUE
0.29,0.0086,-0.211516825474579,0.393515774100358,57.8428136741921,TRUE
0.295,0.0086,-0.201171703003494,0.404022173787519,58.688398829781,TRUE
0.3,0.0086,-0.190864381211799,0.414451688476035,59.5261399302073,TRUE
0.305,0.0086,-0.18059661643661,0.424803110911595,60.355964612761,TRUE
0.31,0.0086,-0.170370114700252,0.435075297600966,61.1778061911457,TRUE
0.315,0.0086,-0.160186531051781,0.445267168543371,61.9916035935315,TRUE
0.32,0.0086,-0.150047469009419,0.455377706866086,62.7973012931887,TRUE
0.325,0.0086,-0.139954480101954,0.465405958368293,63.5948492321131,TRUE
0.33,0.0086,-0.129909063506901,0.475351030977344,64.384202738063,TRUE
0.335,0.0086,-0.119912665782974,0.485212094121732,65.165322435429,TRUE
0.34,0.0086,-0.109966680694246,0.494988378025142,65.9381741503627,TRUE
0.345,0.0086,-0.100072449123179,0.504679172926026,66.7027288105906,TRUE
0.35,0.0086,-0.0902312590695118,0.514283828227207,67.4589623403377,TRUE
0.355,0.0086,-0.0804443457319209,0.523801751580036,68.2068555507844,TRUE
0.36,0.0086,-0.0707128916691577,0.533232407907635,68.9463940264728,TRUE
0.365,0.0086,-0.0610380270373354,0.542575318371757,69.6775680080766,TRUE
0.37,0.0086,-0.0514208298999037,0.551830059287754,70.4003722719382,TRUE
0.375,0.0086,-0.0418623266068086,0.560996260992112,71.1148060067701,TRUE
0.38,0.0086,-0.0323634922392668,0.570073606666943,71.8208726879077,TRUE
0.385,0.0086,-0.022925251116562,0.579061831125757,72.518579949489,TRUE
0.39,0.0086,-0.0135484773612454,0.587960719564743,73.2079394549278,TRUE
0.395,0.0086,-0.00423399551912214,0.596770106283697,73.8889667660302,TRUE
0.105,0.0088,-0.564011558118759,0.00837544292325557,26.0015451624257,TRUE
0.11,0.0088,-0.553738876287048,0.0202838696557778,27.0234232648867,TRUE
0.115,0.0088,-0.543427296373812,0.0321877329653711,28.043013918271,TRUE
0.12,0.0088,-0.533079176573322,0.0440843595298446,29.0600900262777,TRUE
0.125,0.0088,-0.522696896839841,0.0559710841541958,30.0744264634031,TRUE
0.13,0.0088,-0.51228285616118,0.0678452527459491,31.0858003231857,TRUE
0.135,0.0088,-0.501839469804252,0.0797042252615003,32.0939911616172,TRUE
0.14,0.0088,-0.491369166539974,0.0915453786158774,33.0987812351025,TRUE
0.145,0.0088,-0.480874385854864,0.103366109548506,34.0999557323772,TRUE
0.15,0.0088,-0.470357575156747,0.115163837437762,35.0973029998131,TRUE
0.155,0.0088,-0.459821186981883,0.126936007057347,36.0906147595734,TRUE
0.16,0.0088,-0.449267676210821,0.138680091267767,37.0796863201086,TRUE
0.165,0.0088,-0.43869949730016,0.150393593636514,38.0643167785144,TRUE
0.17,0.0088,-0.428119101537268,0.162074050980862,39.0443092143118,TRUE
0.175,0.0088,-0.41752893432485,0.173719035827524,40.0194708742395,TRUE
0.18,0.0088,-0.406931432502072,0.185326158783812,40.9896133476911,TRUE
0.185,0.0088,-0.396329021708717,0.196893070815305,41.954552732465,TRUE
0.19,0.0088,-0.385724113798612,0.208417465425441,42.9141097905341,TRUE
0.195,0.0088,-0.375119104308277,0.21989708073288,43.8681100935848,TRUE
0.2,0.0088,-0.36451636998649,0.231329701442899,44.8163841581116,TRUE
0.205,0.0088,-0.353918266390091,0.242713160709521,45.7587675698969,TRUE
0.21,0.0088,-0.343327125551078,0.254045341885528,46.6951010977436,TRUE
0.215,0.0088,-0.332745253719658,0.26532418015796,47.6252307963713,TRUE
0.22,0.0088,-0.322174929187569,0.276547664067127,48.5490080984217,TRUE
0.225,0.0088,-0.31161840019562,0.287713836907644,49.4662898955632,TRUE
0.23,0.0088,-0.301077882929015,0.298820798010396,50.376938608717,TRUE
0.235,0.0088,-0.290555559603635,0.309866703904803,51.2808222474681,TRUE
0.24,0.0088,-0.280053576646073,0.320849769361176,52.1778144587565,TRUE
0.245,0.0088,-0.269574042969816,0.331768268313356,53.0677945649811,TRUE
0.25,0.0088,-0.25911902834958,0.342620534662232,53.950647591678,TRUE
0.255,0.0088,-0.248690561895433,0.353404962961124,54.8262642849666,TRUE
0.26,0.0088,-0.238290630627929,0.364120008984388,55.6945411189878,TRUE
0.265,0.0088,-0.22792117815513,0.37476419018092,56.5553802935802,TRUE
0.27,0.0088,-0.21758410345202,0.385336086014617,57.4086897224706,TRUE
0.275,0.0088,-0.207281259742443,0.395834338194109,58.2543830122743,TRUE
0.28,0.0088,-0.197014453483379,0.4062576507944,59.0923794326219,TRUE
0.285,0.0088,-0.186785443451036,0.416604790273313,59.9226038777485,TRUE
0.29,0.0088,-0.176595939927897,0.426874585385869,60.7449868198965,TRUE
0.295,0.0088,-0.166447603989616,0.437065926999958,61.5594642548982,TRUE
0.3,0.0088,-0.156342046890303,0.447177767816862,62.3659776403162,TRUE
0.305,0.0088,-0.146280829544545,0.457209122000349,63.1644738265281,TRUE
0.31,0.0088,-0.136265462104213,0.46715906471823,63.9549049811532,TRUE
0.315,0.0088,-0.126297403627903,0.477026731600375,64.7372285072207,TRUE
0.32,0.0088,-0.116378061840633,0.486811318117324,65.5114069554861,TRUE
0.325,0.0088,-0.106508792981253,0.496512078883661,66.2774079313028,TRUE
0.33,0.0088,-0.0966909017348183,0.506128326890455,67.0352039964575,TRUE
0.335,0.0088,-0.0869256412470577,0.515659432671045,67.7847725663747,TRUE
0.34,0.0088,-0.0772142132179201,0.525104823404513,68.5260958030959,TRUE
0.345,0.0088,-0.067557768071064,0.534463981961189,69.259160504431,TRUE
0.35,0.0088,-0.0579574051960668,0.543736445894496,69.9839579896763,TRUE
0.355,0.0088,-0.0484141732600462,0.552921806383455,70.7004839822857,TRUE
0.36,0.0088,-0.0389290705853277,0.562019707130079,71.4087384898726,TRUE
0.365,0.0088,-0.0295030455897443,0.571029843215865,72.1087256819124,TRUE
0.37,0.0088,-0.0201369972861193,0.57995195992151,72.8004537655031,TRUE
0.375,0.0088,-0.0108317758374806,0.588785851513866,73.4839348595331,TRUE
0.38,0.0088,-0.00158818316453906,0.597531360004109,74.1591848675899,TRUE
0.085,0.009,-0.567704774046664,0.00169628906242231,25.657883008162,TRUE
0.09,0.009,-0.557520335854057,0.0135303741998017,26.6744337246117,TRUE
0.095,0.009,-0.547296334526357,0.025361453163451,27.688836871674,TRUE
0.1,0.009,-0.537035070033419,0.0371869000706773,28.7008686841761,TRUE
0.105,0.009,-0.526738864965351,0.0490040952880073,29.710307188749,TRUE
0.11,0.009,-0.516410061910974,0.0608104283259415,30.716932446647,TRUE
0.115,0.009,-0.506051020805461,0.0726033007100991,31.7205267922468,TRUE
0.12,0.009,-0.495664116254124,0.0843801288214172,32.7208750666247,TRUE
0.125,0.009,-0.485251734839391,0.0961383466982093,33.7177648456332,TRUE
0.13,0.009,-0.474816272418002,0.107875408793071,34.7109866619196,TRUE
0.135,0.009,-0.464360131415499,0.119588792677821,35.7003342203529,TRUE
0.14,0.009,-0.453885718124988,0.131276001689902,36.6856046063576,TRUE
0.145,0.009,-0.443395440017107,0.142934567513937,37.6665984866768,TRUE
0.15,0.009,-0.43289170306803,0.154562052692425,38.6431203021236,TRUE
0.155,0.009,-0.422376909112179,0.166156053059868,39.6149784519095,TRUE
0.16,0.009,-0.411853453226174,0.177714200094973,40.5819854691749,TRUE
0.165,0.009,-0.401323721150351,0.189234163185914,41.5439581873814,TRUE
0.17,0.009,-0.390790086753941,0.200713651804028,42.5007178972644,TRUE
0.175,0.009,-0.380254909549806,0.212150417581692,43.4520904940789,TRUE
0.18,0.009,-0.369720532264302,0.223542256290555,44.3979066149128,TRUE
0.185,0.009,-0.359189278467605,0.234887009716669,45.338001765878,TRUE
0.19,0.009,-0.348663450269506,0.246182567429528,46.2722164390294,TRUE
0.195,0.009,-0.338145326085358,0.25742686844242,47.2003962188989,TRUE
0.2,0.009,-0.327637158476543,0.268617902761918,48.1223918785714,TRUE
0.205,0.009,-0.317141172069461,0.279753712824779,49.0380594652649,TRUE
0.21,0.009,-0.306659561556695,0.290832394820932,49.9472603754142,TRUE
0.215,0.009,-0.296194489783647,0.301852099901646,50.8498614192954,TRUE
0.22,0.009,-0.285748085923565,0.312811035272401,51.7457348752581,TRUE
0.225,0.009,-0.275322443743513,0.323707465170352,52.6347585336707,TRUE
0.23,0.009,-0.26491961996347,0.334539711726694,53.5168157307128,TRUE
0.235,0.009,-0.254541632710365,0.345306155714605,54.3917953721786,TRUE
0.24,0.009,-0.244190460068494,0.356005237183782,55.2595919474868,TRUE
0.245,0.009,-0.233868038727411,0.366635455982977,56.1201055341154,TRUE
0.25,0.009,-0.223576262728011,0.377195372172208,56.9732417927078,TRUE
0.255,0.009,-0.213316982307208,0.387683606326685,57.8189119531175,TRUE
0.26,0.009,-0.203092002841248,0.398098839734744,58.657032791681,TRUE
0.265,0.009,-0.192903083887394,0.408439814492358,59.487526600028,TRUE
0.27,0.009,-0.182751938323403,0.418705333497061,60.3103211457515,TRUE
0.275,0.009,-0.172640231583919,0.428894260344313,61.1253496252811,TRUE
0.28,0.009,-0.162569580992624,0.43900551912958,61.9325506093105,TRUE
0.285,0.009,-0.152541555188748,0.449038094159541,62.731867981144,TRUE
0.29,0.009,-0.142557673646237,0.458991029576044,63.5232508683354,TRUE
0.295,0.009,-0.132619406283718,0.468863428896525,64.3066535679983,TRUE
0.3,0.009,-0.122728173163136,0.478654454474761,65.0820354661745,TRUE
0.305,0.009,-0.112885344274749,0.4883633268859,65.8493609516484,TRUE
0.31,0.009,-0.103092239406028,0.497989324239803,66.6085993245974,TRUE
0.315,0.009,-0.0933501280917917,0.507531781426783,67.3597247004703,TRUE
0.32,0.009,-0.0836602296428176,0.516990089299861,68.1027159094801,TRUE
0.325,0.009,-0.0740237132500126,0.526363693797697,68.8375563920994,TRUE
0.33,0.009,-0.0644416981611391,0.535652095012324,69.5642340909376,TRUE
0.335,0.009,-0.0549152539269925,0.544854846205841,70.2827413393778,TRUE
0.34,0.009,-0.0454454007138632,0.553971552780149,70.9930747473393,TRUE
0.345,0.009,-0.0360331096790507,0.563001871203806,71.695235084529,TRUE
0.35,0.009,-0.0266793034061597,0.571945507899992,72.3892271615323,TRUE
0.355,0.009,-0.0173848563968856,0.580802218099531,73.075059709085,TRUE
0.36,0.009,-0.00815059561597435,0.589571804662802,73.7527452558578,TRUE
0.0700000000000001,0.0092,-0.561209314078195,0.0068608757831579,26.3276956446203,TRUE
0.0750000000000001,0.0092,-0.551072657499246,0.0186185430247108,27.3368507390178,TRUE
0.08,0.0092,-0.540898064419577,0.0303721268836339,28.3437738443061,TRUE
0.085,0.0092,-0.530687800682039,0.0421190536437434,29.3482461909318,TRUE
0.09,0.0092,-0.520444153001644,0.0538567568779986,30.3500508674515,TRUE
0.095,0.0092,-0.510169426413699,0.0655826802434288,31.3489730539626,TRUE
0.1,0.0092,-0.499865941695248,0.077294280250378,32.3448002511126,TRUE
0.105,0.0092,-0.489536032766514,0.0889890289991042,33.3373225041216,TRUE
0.11,0.0092,-0.479182044079059,0.100664416876924,34.3263326212728,TRUE
0.115,0.0092,-0.468806327997432,0.112317955209263,35.311626386347,TRUE
0.12,0.0092,-0.458411242180995,0.123947178858198,36.2930027645025,TRUE
0.125,0.0092,-0.447999146972608,0.135549648762281,37.2702641011323,TRUE
0.13,0.0092,-0.437572402800759,0.147122954411741,38.2432163132531,TRUE
0.135,0.0092,-0.427133367601597,0.158664716253399,39.2116690730173,TRUE
0.14,0.0092,-0.416684394267221,0.170172588019978,40.175435982967,TRUE
0.145,0.0092,-0.40622782812636,0.181644258978787,41.1343347426855,TRUE
0.15,0.0092,-0.395766004463449,0.193077456095121,42.0881873065331,TRUE
0.155,0.0092,-0.38530124608183,0.204469946106085,43.0368200321927,TRUE
0.16,0.0092,-0.374835860916618,0.215819537500898,43.9800638197828,TRUE
0.165,0.0092,-0.364372139702463,0.227124082404146,44.9177542413367,TRUE
0.17,0.0092,-0.353912353701218,0.238381478358832,45.8497316604769,TRUE
0.175,0.0092,-0.343458752494171,0.249589670006473,46.7758413421572,TRUE
0.18,0.0092,-0.333013561843243,0.2607466506619,47.6959335523747,TRUE
0.185,0.0092,-0.322578981625175,0.271850463780806,48.6098636477959,TRUE
0.19,0.0092,-0.312157183842465,0.28289920431852,49.5174921552705,TRUE
0.195,0.0092,-0.301750310714398,0.293891019978853,50.4186848412465,TRUE
0.2,0.0092,-0.291360472851232,0.30482411235227,51.3133127711282,TRUE
0.205,0.0092,-0.280989747514219,0.315696737943042,52.2012523586574,TRUE
0.21,0.0092,-0.270640176963781,0.326507209085372,53.082385405423,TRUE
0.215,0.0092,-0.26031376689784,0.337253894748901,53.9565991306385,TRUE
0.22,0.0092,-0.250012484981918,0.347935221234322,54.8237861913521,TRUE
0.225,0.0092,-0.239738259472305,0.358549672760172,55.6838446932843,TRUE
0.23,0.0092,-0.229492977933217,0.369095791942218,56.5366781925085,TRUE
0.235,0.0092,-0.219278486048575,0.379572180167124,57.3821956882163,TRUE
0.24,0.0092,-0.209096586528681,0.38997749786241,58.2203116068308,TRUE
0.245,0.0092,-0.198949038111752,0.400310464664964,59.0509457777478,TRUE
0.25,0.0092,-0.188837554659993,0.410569859490617,59.8740234010056,TRUE
0.255,0.0092,-0.178763804349579,0.42075452050754,60.6894750071977,TRUE
0.26,0.0092,-0.168729408953639,0.430863345016414,61.497236409958,TRUE
0.265,0.0092,-0.158735943217088,0.440895289240523,62.2972486513579,TRUE
0.27,0.0092,-0.148784934321891,0.450849368029087,63.0894579405672,TRUE
0.275,0.0092,-0.138877861441115,0.460724654477311,63.8738155861365,TRUE
0.28,0.0092,-0.129016155379913,0.470520279466731,64.6502779222673,TRUE
0.285,0.0092,-0.119201198301385,0.48023543112958,65.4188062294376,TRUE
0.29,0.0092,-0.109434323535075,0.489869354240948,66.1793666497581,TRUE
0.295,0.0092,-0.0997168154657054,0.499421349542624,66.9319300974297,TRUE
0.3,0.0092,-0.0900499094995902,0.508890773002505,67.6764721646791,TRUE
0.305,0.0092,-0.0804347921060542,0.518277035013554,68.4129730235411,TRUE
0.31,0.0092,-0.0708726009310566,0.527579599536244,69.141417323858,TRUE
0.315,0.0092,-0.0613644249801274,0.536797983188467,69.8617940878599,TRUE
0.32,0.0092,-0.0519113048676402,0.545931754286857,70.5740966016844,TRUE
0.325,0.0092,-0.0425142331293776,0.554980531843447,71.2783223041864,TRUE
0.33,0.0092,-0.0331741545952997,0.563943984521522,71.9744726733841,TRUE
0.335,0.0092,-0.0238919668193763,0.572821829554521,72.6625531108742,TRUE
0.34,0.0092,-0.0146685205633376,0.5816138316317,73.3425728245434,TRUE
0.345,0.0092,-0.00550462033117355,0.590319801754266,74.0145447098919,TRUE
0.05,0.0094,-0.564807527163014,0.000275386463426415,25.9832888454221,TRUE
0.055,0.0094,-0.554757932190539,0.0119590825282171,26.9871400668254,TRUE
0.0600000000000001,0.0094,-0.544669775753936,0.0236401886016856,27.9888947948499,TRUE
0.0650000000000001,0.0094,-0.534545267624778,0.0353161771458984,28.9883375079769,TRUE
0.0700000000000001,0.0094,-0.524386639232655,0.0469845261585143,29.9852543740769,TRUE
0.0750000000000001,0.0094,-0.514196141212045,0.0586427218907895,30.9794334786417,TRUE
0.08,0.0094,-0.50397604091995,0.0702882615448002,31.9706650490668,TRUE
0.085,0.0094,-0.493728619930684,0.081918655943161,32.9587416744346,TRUE
0.09,0.0094,-0.483456171514226,0.093531432164636,33.9434585202632,TRUE
0.095,0.0094,-0.473160998104558,0.105124136139197,34.9246135377094,TRUE
0.1,0.0094,-0.462845408764456,0.116694335196258,35.9020076667344,TRUE
0.105,0.0094,-0.452511716653109,0.128239620560029,36.8754450327675,TRUE
0.11,0.0094,-0.44216223650293,0.139757609786172,37.8447331364275,TRUE
0.115,0.0094,-0.431799282111793,0.151245949134176,38.8096830358914,TRUE
0.12,0.0094,-0.421425163856844,0.162702315870177,39.7701095215289,TRUE
0.125,0.0094,-0.411042186235873,0.174124420495228,40.7258312824514,TRUE
0.13,0.0094,-0.400652645442074,0.18551000889435,41.6766710646586,TRUE
0.135,0.0094,-0.390258826977814,0.196856864402027,42.6224558204963,TRUE
0.14,0.0094,-0.37986300331285,0.208162809780149,43.563016849174,TRUE
0.145,0.0094,-0.369467431592165,0.219425709104781,44.4981899281254,TRUE
0.15,0.0094,-0.359074351398357,0.230643469558494,45.4278154350299,TRUE
0.155,0.0094,-0.34868598257325,0.241814043125373,46.3517384603457,TRUE
0.16,0.0094,-0.338304523103093,0.252935428186178,47.2698089102426,TRUE
0.165,0.0094,-0.327932147071447,0.264005671011576,48.1818815998552,TRUE
0.17,0.0094,-0.317571002683506,0.275022867151659,49.0878163368125,TRUE
0.175,0.0094,-0.307223210365326,0.285985162720425,49.9874779950303,TRUE
0.18,0.0094,-0.29689086094108,0.296890755574229,50.8807365787903,TRUE
0.185,0.0094,-0.286576013891134,0.3077378963836,51.7674672771559,TRUE
0.19,0.0094,-0.276280695693418,0.318524889598187,52.647550508809,TRUE
0.195,0.0094,-0.266006898250208,0.329250094304944,53.5208719574202,TRUE
0.2,0.0094,-0.255756577402128,0.339911924980018,54.3873225976912,TRUE
0.205,0.0094,-0.245531651530814,0.350508852135127,55.2467987122373,TRUE
0.21,0.0094,-0.235334000251409,0.361039402859549,56.0992018995013,TRUE
0.215,0.0094,-0.225165463195658,0.371502161259119,56.9444390729126,TRUE
0.22,0.0094,-0.215027838886144,0.381895768793948,57.782422451528,TRUE
0.225,0.0094,-0.204922883701832,0.392218924516834,58.6130695424119,TRUE
0.23,0.0094,-0.194852310934816,0.402470385214583,59.4363031150271,TRUE
0.235,0.0094,-0.184817789937902,0.412648965454703,60.25205116793,TRUE
0.24,0.0094,-0.174820945362338,0.422753537540139,61.0602468880719,TRUE
0.245,0.0094,-0.16486335648479,0.432783031374927,61.8608286030264,TRUE
0.25,0.0094,-0.154946556622378,0.442736434243802,62.6537397264702,TRUE
0.255,0.0094,-0.145072032634396,0.452612790508971,63.4389286972546,TRUE
0.26,0.0094,-0.135241224509068,0.46241120122739,64.2163489124128,TRUE
0.265,0.0094,-0.125455525033554,0.472130823691998,64.9859586544537,TRUE
0.27,0.0094,-0.115716279545184,0.48177087090048,65.7477210132965,TRUE
0.275,0.0094,-0.106024785761748,0.491330610955186,66.5016038032019,TRUE
0.28,0.0094,-0.0963822936885318,0.500809366397923,67.24757947506,TRUE
0.285,0.0094,-0.0867900055996157,0.510206513483353,67.9856250243894,TRUE
0.29,0.0094,-0.0772490760908658,0.519521481394795,68.715721895405,TRUE
0.295,0.0094,-0.0677606122019233,0.528753751406209,69.437855881505,TRUE
0.3,0.0094,-0.0583256736044074,0.53790285599416,70.1520170225254,TRUE
0.305,0.0094,-0.0489452728534816,0.546968377903526,70.8581994991046,TRUE
0.31,0.0094,-0.039620375699862,0.555949949170706,71.5564015244924,TRUE
0.315,0.0094,-0.0303519014593036,0.564847250108017,72.2466252341324,TRUE
0.32,0.0094,-0.0211407234365706,0.573660008252933,72.9288765733365,TRUE
0.325,0.0094,-0.0119876694008671,0.582387997285742,73.6031651833632,TRUE
0.33,0.0094,-0.00289352210970671,0.59103103591913,74.2695042861992,TRUE
0.035,0.0096,-0.558353838348647,0.00538307007347823,26.6397836012116,TRUE
0.04,0.0096,-0.54835183581677,0.0169911499989596,27.6363149065654,TRUE
0.045,0.0096,-0.538312848078327,0.0285955976602125,28.6306691506056,TRUE
0.05,0.0096,-0.528239051923322,0.0401939357497297,29.6226356252675,TRUE
0.055,0.0096,-0.518132644145836,0.051783693481374,30.6120053737429,TRUE
0.0600000000000001,0.0096,-0.507995839156244,0.0633624092148153,31.5985714099036,TRUE
0.0650000000000001,0.0096,-0.49783086656803,0.0749276330572587,32.5821289336832,TRUE
0.0700000000000001,0.0096,-0.487639968765314,0.0864769294360744,33.562475541899,TRUE
0.0750000000000001,0.0096,-0.477425398457218,0.098007879636078,34.5394114340112,TRUE
0.08,0.0096,-0.467189416225249,0.109518084295362,35.5127396123375,TRUE
0.085,0.0096,-0.456934288069825,0.121005165853762,36.482266076265,TRUE
0.09,0.0096,-0.446662282962042,0.132466770948254,37.4478000100233,TRUE
0.095,0.0096,-0.436375670406718,0.143900572749798,38.4091539636094,TRUE
0.1,0.0096,-0.426076718022643,0.155304273236411,39.3661440264833,TRUE
0.105,0.0096,-0.415767689145846,0.166675605397512,40.3185899936799,TRUE
0.11,0.0096,-0.405450840461544,0.178012335364884,41.2663155240145,TRUE
0.115,0.0096,-0.39512841967028,0.18931226446589,42.2091482900897,TRUE
0.12,0.0096,-0.38480266319355,0.20057323119492,43.1469201198419,TRUE
0.125,0.0096,-0.374475793924022,0.211793113099373,44.0794671294006,TRUE
0.13,0.0096,-0.364150019025222,0.22296982857681,45.0066298470624,TRUE
0.135,0.0096,-0.353827527785295,0.23410133858029,45.9282533282201,TRUE
0.14,0.0096,-0.34351048952923,0.245185648229241,46.8441872611135,TRUE
0.145,0.0096,-0.33320105159361,0.25622080832359,47.754286063309,TRUE
0.15,0.0096,-0.322901337367709,0.267204916759235,48.6584089688403,TRUE
0.155,0.0096,-0.312613444404427,0.278136119843309,49.5564201059799,TRUE
0.16,0.0096,-0.302339442604276,0.289012613508052,50.4481885656402,TRUE
0.165,0.0096,-0.292081372475296,0.299832644422458,51.3335884604339,TRUE
0.17,0.0096,-0.281841243471488,0.310594511001216,52.2124989744536,TRUE
0.175,0.0096,-0.271621032412002,0.321296564310812,53.0848044038576,TRUE
0.18,0.0096,-0.26142268198305,0.331937208873004,53.9503941883797,TRUE
0.185,0.0096,-0.251248099324134,0.342514903366178,54.8091629339018,TRUE
0.19,0.0096,-0.241099154699926,0.353028161225434,55.6610104262582,TRUE
0.195,0.0096,-0.230977680258781,0.363475551142543,56.5058416364599,TRUE
0.2,0.0096,-0.220885468878586,0.373855697467177,57.3435667175497,TRUE
0.205,0.0096,-0.210824273100339,0.384167280511129,58.1741009933216,TRUE
0.21,0.0096,-0.200795804149573,0.394409036757444,58.997364939151,TRUE
0.215,0.0096,-0.190801731045451,0.404579758976654,59.8132841552058,TRUE
0.22,0.0096,-0.180843679797098,0.414678296252499,60.6217893323168,TRUE
0.225,0.0096,-0.170923232686472,0.424703553919752,61.422816210804,TRUE
0.23,0.0096,-0.161041927636847,0.434654493416913,62.2163055325653,TRUE
0.235,0.0096,-0.151201257665726,0.444530132056719,63.0022029867429,TRUE
0.24,0.0096,-0.141402670420809,0.454329542717563,63.7804591492926,TRUE
0.245,0.0096,-0.131647567797429,0.464051853459033,64.551029416788,TRUE
0.25,0.0096,-0.121937305635668,0.473696247064912,65.3138739347941,TRUE
0.255,0.0096,-0.112273193495229,0.483261960517031,66.0689575211526,TRUE
0.26,0.0096,-0.102656494505929,0.492748284403493,66.8162495845175,TRUE
0.265,0.0096,-0.0930884252915844,0.502154562264808,67.5557240384864,TRUE
0.27,0.0096,-0.0835701559649064,0.511480189881517,68.287359211667,TRUE
0.275,0.0096,-0.0741028101909139,0.520724614506946,69.0111377540193,TRUE
0.28,0.0096,-0.0646874653162782,0.52988733404869,69.7270465398095,TRUE
0.285,0.0096,-0.0553251525619307,0.538967896202471,70.4350765675069,TRUE
0.29,0.0096,-0.046016857276189,0.547965897541951,71.1352228569513,TRUE
0.295,0.0096,-0.0367635192456086,0.556880982568106,71.8274843441101,TRUE
0.3,0.0096,-0.0275660330607175,0.565712842721653,72.5118637737378,TRUE
0.305,0.0096,-0.018425248533769,0.574461215362049,73.1883675902428,TRUE
0.31,0.0096,-0.00934197116562004,0.583125882716446,73.8570058270578,TRUE
0.315,0.0096,-0.000316962658848211,0.591706670801964,74.5177919947989,TRUE
0.02,0.0098,-0.551945888395559,0.0104249963805779,27.2861118022977,TRUE
0.025,0.0098,-0.541992139162018,0.0219573653527836,28.2753232671528,TRUE
0.03,0.0098,-0.53200294003953,0.0334851013802826,29.26228130984,TRUE
0.035,0.0098,-0.521980434598068,0.0450057769184386,30.2467799764927,TRUE
0.04,0.0098,-0.511926784834451,0.0565169718586725,31.2286151200211,TRUE
0.045,0.0098,-0.501844168849689,0.0680162760613788,32.207584610958,TRUE
0.05,0.0098,-0.49173477850449,0.0795012918644296,33.1834885441914,TRUE
0.055,0.0098,-0.48160081705876,0.090969636561205,34.1561294410932,TRUE
0.0600000000000001,0.0098,-0.471444496800998,0.102418944842234,35.1253124465722,TRUE
0.0650000000000001,0.0098,-0.461268036673446,0.113846871194678,36.0908455206004,TRUE
0.0700000000000001,0.0098,-0.451073659898855,0.125251092254088,37.0525396237821,TRUE
0.0750000000000001,0.0098,-0.440863591614671,0.136629309103039,38.0102088965604,TRUE
0.08,0.0098,-0.430640056520361,0.147979249511521,38.9636708316784,TRUE
0.085,0.0098,-0.420405276543517,0.159298670114175,39.9127464395428,TRUE
0.09,0.0098,-0.410161468530222,0.170585358519731,40.8572604061612,TRUE
0.095,0.0098,-0.399910841965051,0.181837135348316,41.7970412433564,TRUE
0.1,0.0098,-0.38965559672589,0.193051856192565,42.731921430989,TRUE
0.105,0.0098,-0.379397920878567,0.204227413498789,43.6617375509498,TRUE
0.11,0.0098,-0.3691399885161,0.215361738364792,44.5863304127165,TRUE
0.115,0.0098,-0.35888395764713,0.226452802251226,45.5055451702969,TRUE
0.12,0.0098,-0.348631968137865,0.237498618603735,46.4192314304157,TRUE
0.125,0.0098,-0.338386139711633,0.248497244383484,47.3272433518313,TRUE
0.13,0.0098,-0.328148570009833,0.259446781503981,48.2294397357007,TRUE
0.135,0.0098,-0.317921332717855,0.270345378172504,49.1256841069405,TRUE
0.14,0.0098,-0.307706475759194,0.281191230134714,50.0158447865652,TRUE
0.145,0.0098,-0.297506019560745,0.291982581821463,50.8997949550096,TRUE
0.15,0.0098,-0.287321955391938,0.302717727397064,51.7774127064736,TRUE
0.155,0.0098,-0.277156243780081,0.313395011708693,52.6485810943561,TRUE
0.16,0.0098,-0.267010813003978,0.324012831136855,53.5131881678681,TRUE
0.165,0.0098,-0.256887557667595,0.334569634347217,54.3711269999452,TRUE
0.17,0.0098,-0.246788337355221,0.345063922944372,55.2222957066015,TRUE
0.175,0.0098,-0.236714975369312,0.35549425202842,56.0665974578898,TRUE
0.18,0.0098,-0.226669257551876,0.36585923065552,56.9039404806558,TRUE
0.185,0.0098,-0.216652931189997,0.376157522203837,57.7342380532948,TRUE
0.19,0.0098,-0.206667704005796,0.386387844646556,58.5574084927354,TRUE
0.195,0.0098,-0.196715243230881,0.396548970733877,59.3733751338945,TRUE
0.2,0.0098,-0.186797174765037,0.406639728086126,60.1820663018623,TRUE
0.205,0.0098,-0.176915082418697,0.416658999200307,60.9834152770898,TRUE
0.21,0.0098,-0.167070507238465,0.426605721372627,61.7773602538633,TRUE
0.215,0.0098,-0.157264946914751,0.436478886539685,62.5638442923624,TRUE
0.22,0.0098,-0.147499855270342,0.446277541041157,63.3428152646051,TRUE
0.225,0.0098,-0.137776641828553,0.456000785306973,64.1142257945932,TRUE
0.23,0.0098,-0.128096671459403,0.465647773472071,64.8780331929752,TRUE
0.235,0.0098,-0.118461264102068,0.475217712921919,65.6341993865492,TRUE
0.24,0.0098,-0.10887169456174,0.484709863772111,66.3826908429331,TRUE
0.245,0.0098,-0.0993291923788347,0.494123538285354,67.1234784907265,TRUE
0.25,0.0098,-0.0898349417683779,0.503458100229266,67.8565376354944,TRUE
0.255,0.0098,-0.0803900816272875,0.512712964178425,68.581847871898,TRUE
0.26,0.0098,-0.0709957056071406,0.521887594764109,69.2993929922965,TRUE
0.265,0.0098,-0.0616528622499488,0.530981505875213,70.0091608921428,TRUE
0.27,0.0098,-0.0523625551843698,0.539994259813792,70.7111434724876,TRUE
0.275,0.0098,-0.0431257433797315,0.54892546640868,71.4053365399051,TRUE
0.28,0.0098,-0.0339433414551858,0.55777478209059,72.0917397041446,TRUE
0.285,0.0098,-0.0248162200412743,0.566541908932074,72.7703562738059,TRUE
0.29,0.0098,-0.0157452061911592,0.575226593655654,73.4411931503302,TRUE
0.295,0.0098,-0.00673108383876122,0.583828626613393,74.1042607205866,TRUE
0,0.01,-0.555453585755919,0.00394163790022602,26.9383575313736,TRUE
0.005,0.01,-0.545584749231075,0.015401452987037,27.9223763140671,TRUE
0.01,0.01,-0.535679866531432,0.0268580591940273,28.9042723127834,TRUE
0.015,0.01,-0.525741028669645,0.038309072412413,29.8838426150819,TRUE
0.02,0.01,-0.515770345816357,0.0497521143525901,30.8608859585998,TRUE
0.025,0.01,-0.505769945066421,0.0611848150076975,31.8352029372492,TRUE
0.03,0.01,-0.495741968181017,0.0726048150971222,32.8065962037213,TRUE
0.035,0.01,-0.485688569311207,0.0840097684841055,33.7748706678225,TRUE
0.04,0.01,-0.475611912708552,0.0953973445617007,34.7398336901789,TRUE
0.045,0.01,-0.465514170428395,0.106765230601488,35.701295270868,TRUE
0.05,0.01,-0.455397520031429,0.118111134059601,36.6590682325532,TRUE
0.055,0.01,-0.445264142289121,0.129432784834805,37.6129683977194,TRUE
0.0600000000000001,0.01,-0.435116218898515,0.140727937473574,38.562814759631,TRUE
0.0650000000000001,0.01,-0.424955930211836,0.151994373317325,39.5084296466573,TRUE
0.0700000000000001,0.01,-0.414785452986245,0.163229902587236,40.4496388796387,TRUE
0.0750000000000001,0.01,-0.404606958158934,0.174432366402291,41.3862719219886,TRUE
0.08,0.01,-0.394422608652629,0.185599638726513,42.3181620222598,TRUE
0.085,0.01,-0.384234557216395,0.196729628241604,43.2451463489281,TRUE
0.09,0.01,-0.374044944306446,0.207820280141513,44.1670661171765,TRUE
0.095,0.01,-0.363855896011463,0.218869577845776,45.0837667074942,TRUE
0.1,0.01,-0.353669522026723,0.229875544628772,45.9950977759303,TRUE
0.105,0.01,-0.343487913681082,0.240836245162367,46.900913355878,TRUE
0.11,0.01,-0.333313142020633,0.251749786969739,47.8010719512888,TRUE
0.115,0.01,-0.323147255952596,0.262614321788524,48.695436621249,TRUE
0.12,0.01,-0.312992280452736,0.273428046841724,49.58387505588,TRUE
0.125,0.01,-0.302850214839322,0.284189206015162,50.4662596435513,TRUE
0.13,0.01,-0.292723031116389,0.294896090940603,51.3424675294238,TRUE
0.135,0.01,-0.282612672388741,0.305547041983946,52.2123806653668,TRUE
0.14,0.01,-0.272521051350892,0.316140449138255,53.0758858513213,TRUE
0.145,0.01,-0.26245004885182,0.326674752821652,53.932874768204,TRUE
0.15,0.01,-0.252401512537144,0.33714844458043,54.783244002472,TRUE
0.155,0.01,-0.24237725557004,0.347560067698017,55.6268950624932,TRUE
0.16,0.01,-0.232379055431934,0.35790821771069,56.4637343868829,TRUE
0.165,0.01,-0.222408652803736,0.368191542831217,57.2936733449952,TRUE
0.17,0.01,-0.212467750528091,0.378408744281847,58.1166282297705,TRUE
0.175,0.01,-0.202558012652898,0.388558576538294,58.93252024316,TRUE
0.18,0.01,-0.192681063556039,0.398639847486605,59.7412754743646,TRUE
0.185,0.01,-0.182838487151064,0.408651418494984,60.5428248711392,TRUE
0.19,0.01,-0.173031826173304,0.418592204402855,61.3371042044244,TRUE
0.195,0.01,-0.163262581545683,0.428461173429594,62.1240540265843,TRUE
0.2,0.01,-0.153532211823269,0.438257347005552,62.9036196235313,TRUE
0.205,0.01,-0.143842132715404,0.447979799528099,63.6757509610341,TRUE
0.21,0.01,-0.134193716684085,0.45762765804557,64.4404026255072,TRUE
0.215,0.01,-0.124588292617047,0.467200101872086,65.1975337595885,TRUE
0.22,0.01,-0.11502714557388,0.47669636213632,65.9471079928123,TRUE
0.225,0.01,-0.105511516603334,0.486115721267359,66.6890933676929,TRUE
0.23,0.01,-0.0960426026298369,0.49545751242088,67.4234622615282,TRUE
0.235,0.01,-0.0866215564071278,0.504721118848874,68.1501913042394,TRUE
0.24,0.01,-0.0772494865367949,0.513905973216239,68.8692612925579,TRUE
0.245,0.01,-0.0679274575494125,0.523011556867526,69.5806571008691,TRUE
0.25,0.01,-0.0586564900458858,0.532037399047155,70.2843675890203,TRUE
0.255,0.01,-0.0494375608965397,0.540983076076426,70.9803855073939,TRUE
0.26,0.01,-0.0402716034954374,0.549848210490582,71.6687073995444,TRUE
0.265,0.01,-0.0311595080673492,0.558632470139215,72.3493335026891,TRUE
0.27,0.01,-0.0221021220247828,0.567335567253203,73.0222676463374,TRUE
0.275,0.01,-0.013100250372437,0.57595725748137,73.687517149335,TRUE
0.28,0.01,-0.00415465615644307,0.584497338899952,74.3450927155922,TRUE
-0.015,0.0102,-0.549092294491677,0.00892776014644063,27.5718992308773,TRUE
-0.01,0.0102,-0.539271404880013,0.0203127699542896,28.548683886499,TRUE
-0.005,0.0102,-0.529415955663175,0.031693602659402,29.523272875688,TRUE
0,0.0102,-0.519528005822175,0.0430679219962084,30.495467859921,TRUE
0.005,0.0102,-0.509609632004846,0.0544333983856994,31.4650722025818,TRUE
0.01,0.0102,-0.499662926353042,0.0657877113133359,32.4318911671222,TRUE
0.015,0.0102,-0.489689994309001,0.0771285516853147,33.3957321114645,TRUE
0.02,0.0102,-0.479692952406213,0.0884536241576388,34.3564046781945,TRUE
0.025,0.0102,-0.469673926050147,0.0997606494325572,35.3137209801131,TRUE
0.03,0.0102,-0.459635047294216,0.111047366517077,36.2674957807277,TRUE
0.035,0.0102,-0.449578452616315,0.122311534938413,37.2175466692902,TRUE
0.04,0.0102,-0.439506280701254,0.133550936911425,38.1636942300032,TRUE
0.045,0.0102,-0.42942067023431,0.144763379453274,39.105762205044,TRUE
0.05,0.0102,-0.419323757711073,0.155946696440782,40.0435776510755,TRUE
0.055,0.0102,-0.409217675268619,0.167098750606182,40.9769710889402,TRUE
0.0600000000000001,0.0102,-0.399104548542939,0.178217435467215,41.9057766462598,TRUE
0.0650000000000001,0.0102,-0.388986494557406,0.189300677187786,42.8298321926858,TRUE
0.0700000000000001,0.0102,-0.378865619646875,0.20034643636568,43.7489794675799,TRUE
0.0750000000000001,0.0102,-0.368744017421863,0.211352709744101,44.6630641999244,TRUE
0.08,0.0102,-0.35862376677703,0.222317531844129,45.5719362202959,TRUE
0.085,0.0102,-0.348506929947993,0.233238976515447,46.4754495647601,TRUE
0.09,0.0102,-0.338395550620254,0.244115158403045,47.3734625705773,TRUE
0.095,0.0102,-0.328291652093827,0.254944234327883,48.2658379636334,TRUE
0.1,0.0102,-0.318197235506858,0.265724404579811,49.1524429375411,TRUE
0.105,0.0102,-0.308114278121326,0.276453914121384,50.0331492243825,TRUE
0.11,0.0102,-0.298044731673597,0.287131053701493,50.9078331570922,TRUE
0.115,0.0102,-0.287990520792404,0.297754160878033,51.776375723505,TRUE
0.12,0.0102,-0.277953541486491,0.308321620949169,52.6386626121192,TRUE
0.125,0.0102,-0.267935659703937,0.318831867793026,53.4945842496506,TRUE
0.13,0.0102,-0.257938709964873,0.329283384615916,54.3440358304754,TRUE
0.135,0.0102,-0.247964494069057,0.339674704609522,55.1869173380843,TRUE
0.14,0.0102,-0.238014779879479,0.350004411517696,56.0231335586881,TRUE
0.145,0.0102,-0.228091300182924,0.360271140113817,56.8525940871413,TRUE
0.15,0.0102,-0.218195751628136,0.370473576589871,57.6752133253617,TRUE
0.155,0.0102,-0.208329793742009,0.380610458858686,58.4909104734474,TRUE
0.16,0.0102,-0.198495048023927,0.390680576770928,59.2996095137055,TRUE
0.165,0.0102,-0.188693097118187,0.400682772248731,60.1012391878232,TRUE
0.17,0.0102,-0.178925484064178,0.410615939337956,60.8957329674235,TRUE
0.175,0.0102,-0.169193711623772,0.420479024181321,61.6830290182616,TRUE
0.18,0.0102,-0.159499241685172,0.430271024914753,62.4630701583275,TRUE
0.185,0.0102,-0.149843494742265,0.439990991489477,63.2358038101279,TRUE
0.19,0.0102,-0.140227849448331,0.44963802542251,64.0011819474318,TRUE
0.195,0.0102,-0.130653642242787,0.459211279478302,64.7591610367651,TRUE
0.2,0.0102,-0.121122167049472,0.468709957284399,65.5097019739502,TRUE
0.205,0.0102,-0.11163467504484,0.478133312884077,66.2527700159848,TRUE
0.21,0.0102,-0.102192374494264,0.487480650228969,66.9883347085593,TRUE
0.215,0.0102,-0.0927964306545581,0.496751322614752,67.7163698095138,TRUE
0.22,0.0102,-0.0834479657406749,0.505944732063029,68.4368532085319,TRUE
0.225,0.0102,-0.0741480589544569,0.515060328652538,69.149766843372,TRUE
0.23,0.0102,-0.064897746573226,0.524097609802865,69.8550966129301,TRUE
0.235,0.0102,-0.0556980220959073,0.533056119513813,70.5528322874286,TRUE
0.24,0.0102,-0.0465498364443328,0.541935447563604,71.2429674160177,TRUE
0.245,0.0102,-0.0374540982172981,0.550735228669036,71.9254992320746,TRUE
0.25,0.0102,-0.0284116739949242,0.559455141610719,72.6004285564765,TRUE
0.255,0.0102,-0.019423388690822,0.568094908326454,73.2677596991199,TRUE
0.26,0.0102,-0.0104900259495563,0.576654292975771,73.927500358948,TRUE
0.265,0.0102,-0.00161232858687531,0.585133100978605,74.5796615227445,TRUE
-0.035,0.0104,-0.552516395825954,0.00253611737232923,27.223957618579,TRUE
-0.03,0.0104,-0.542779135849482,0.0138491231721948,28.1955858261018,TRUE
-0.025,0.0104,-0.533006754768048,0.0251593169530253,29.1651447742103,TRUE
-0.02,0.0104,-0.523201261053811,0.0364644046009021,30.132439081058,TRUE
-0.015,0.0104,-0.513364681514586,0.0477620971799262,31.0972749191924,TRUE
-0.01,0.0104,-0.503499059204477,0.0590501132441664,32.059460209278,TRUE
-0.005,0.0104,-0.493606451311644,0.0703261811319324,33.0188048104469,TRUE
0,0.0104,-0.48368892702829,0.0815880412370089,33.9751207068388,TRUE
0.005,0.0104,-0.473748565407965,0.0928334482515871,34.928222189908,TRUE
0.01,0.0104,-0.463787453215329,0.10406017337575,35.8779260360885,TRUE
0.015,0.0104,-0.453807682773482,0.11526600648851,36.8240516794269,TRUE
0.02,0.0104,-0.443811349813966,0.126448758275556,37.7664213788142,TRUE
0.025,0.0104,-0.433800551334488,0.137606262309033,38.7048603794632,TRUE
0.03,0.0104,-0.423777383469326,0.148736377074917,39.6391970683065,TRUE
0.035,0.0104,-0.413743939377327,0.159836987943693,40.5692631230059,TRUE
0.04,0.0104,-0.403702307152259,0.17090600908035,41.4948936542951,TRUE
0.045,0.0104,-0.393654567760174,0.181941385289883,42.4159273413964,TRUE
0.05,0.0104,-0.383602793008296,0.1929410937948,43.3322065602822,TRUE
0.055,0.0104,-0.373549043549756,0.203903145941357,44.2435775045746,TRUE
0.0600000000000001,0.0104,-0.363495366928368,0.214825588831543,45.1498902989061,TRUE
0.0650000000000001,0.0104,-0.353443795667396,0.225706506878123,46.0509991045884,TRUE
0.0700000000000001,0.0104,-0.343396345406091,0.236544023280309,46.9467622174658,TRUE
0.0750000000000001,0.0104,-0.333355013087557,0.247336301417954,47.8370421578538,TRUE
0.08,0.0104,-0.323321775201255,0.25808154616244,48.7217057524928,TRUE
0.085,0.0104,-0.313298586083249,0.268778005102733,49.6006242084726,TRUE
0.09,0.0104,-0.303287376277044,0.279423969685366,50.4736731791073,TRUE
0.095,0.0104,-0.293290050957595,0.290017776267436,51.3407328217691,TRUE
0.1,0.0104,-0.283308488420851,0.300557807081935,52.2016878477112,TRUE
0.105,0.0104,-0.273344538640921,0.311042491115081,53.0564275639364,TRUE
0.11,0.0104,-0.263400021896677,0.321470304895561,53.9048459071892,TRUE
0.115,0.0104,-0.253476727469388,0.331839773195865,54.7468414701734,TRUE
0.12,0.0104,-0.243576412412681,0.342149469646176,55.5823175201152,TRUE
0.125,0.0104,-0.233700800395902,0.352398017261521,56.4111820098165,TRUE
0.13,0.0104,-0.223851580621678,0.362584088883129,57.2333475813564,TRUE
0.135,0.0104,-0.214030406818251,0.372706407535183,58.0487315626213,TRUE
0.14,0.0104,-0.204238896306894,0.382763746698362,58.8572559568574,TRUE
0.145,0.0104,-0.1944786291445,0.392754930501783,59.6588474254551,TRUE
0.15,0.0104,-0.184751147341215,0.402678833835145,60.4534372641897,TRUE
0.155,0.0104,-0.175057954152733,0.41253438238305,61.2409613731515,TRUE
0.16,0.0104,-0.165400513446716,0.42232055258365,62.0213602206151,TRUE
0.165,0.0104,-0.155780249142547,0.432036371513914,62.7945788011014,TRUE
0.17,0.0104,-0.146198544723478,0.441680916703948,63.5605665878973,TRUE
0.175,0.0104,-0.136656742820033,0.451253315882916,64.3192774803048,TRUE
0.18,0.0104,-0.127156144863373,0.460752746659231,65.0706697458962,TRUE
0.185,0.0104,-0.117698010807162,0.470178436137763,65.8147059580547,TRUE
0.19,0.0104,-0.108283558916341,0.479529660476901,66.5513529290881,TRUE
0.195,0.0104,-0.0989139656210873,0.488805744388354,67.2805816391978,TRUE
0.2,0.0104,-0.0895903654341006,0.49800606058266,68.0023671615921,TRUE
0.205,0.0104,-0.0803138509292723,0.507130029163364,68.7166885840306,TRUE
0.21,0.0104,-0.0710854727796792,0.516177116972901,69.4235289270826,TRUE
0.215,0.0104,-0.0619062398527752,0.525146836893188,70.1228750593846,TRUE
0.22,0.0104,-0.0527771193605725,0.534038747103963,70.8147176101743,TRUE
0.225,0.0104,-0.0436990370625418,0.542852450301893,71.4990508793781,TRUE
0.23,0.0104,-0.0346728775189252,0.551587592883431,72.1758727455212,TRUE
0.235,0.0104,-0.0256994843920931,0.560243864094413,72.8451845717249,TRUE
0.24,0.0104,-0.0167796607935745,0.568820995149304,73.5069911100509,TRUE
0.245,0.0104,-0.00791416967434503,0.577318758322994,74.1613004044425,TRUE
-0.05,0.0106,-0.546204644441651,0.00746694114915298,27.8450426477804,TRUE
-0.045,0.0106,-0.536514971943669,0.0187060952189742,28.8095269316808,TRUE
-0.04,0.0106,-0.526791617012023,0.029941500509668,29.7718723738722,TRUE
-0.035,0.0106,-0.517036557264638,0.0411709088684042,30.7318879896475,TRUE
-0.03,0.0106,-0.507251787246048,0.0523920781427975,31.6893843971073,TRUE
-0.025,0.0106,-0.497439316395051,0.0636027744127641,32.6441740033599,TRUE
-0.02,0.0106,-0.487601166992531,0.074800774203215,33.5960711872887,TRUE
-0.015,0.0106,-0.477739372094312,0.0859838666725019,34.5448924784716,TRUE
-0.01,0.0106,-0.467855973453946,0.097149855771622,35.4904567318553,TRUE
-0.005,0.0106,-0.457953019440331,0.108296562369322,36.4325852978015,TRUE
0,0.0106,-0.448032562955032,0.119421826338377,37.371102187139,TRUE
0.005,0.0106,-0.438096659354168,0.130523508598479,38.305834230875,TRUE
0.01,0.0106,-0.428147364379665,0.141599493111339,39.23661123424,TRUE
0.015,0.0106,-0.418186732104579,0.152647688823832,40.1632661247596,TRUE
0.02,0.0106,-0.408216812897143,0.163666031555163,41.0856350940708,TRUE
0.025,0.0106,-0.398239651408043,0.174652485824331,42.0035577332225,TRUE
0.03,0.0106,-0.388257284585321,0.185605046614328,42.9168771612236,TRUE
0.035,0.0106,-0.378271739721152,0.196521741069815,43.8254401466279,TRUE
0.04,0.0106,-0.368285032534588,0.20740063012524,44.7290972219677,TRUE
0.045,0.0106,-0.358299165294181,0.218239810060632,45.6277027908756,TRUE
0.05,0.0106,-0.348316124984213,0.229037413982593,46.5211152277583,TRUE
0.055,0.0106,-0.338337881518068,0.239791613228258,47.4091969699123,TRUE
0.0600000000000001,0.0106,-0.328366386002058,0.25050061869029,48.2918146019951,TRUE
0.0650000000000001,0.0106,-0.318403569052829,0.261162682061267,49.1688389327956,TRUE
0.0700000000000001,0.0106,-0.308451339171185,0.271776096996069,50.0401450642649,TRUE
0.0750000000000001,0.0106,-0.298511581175019,0.282339200191183,50.9056124528019,TRUE
0.08,0.0106,-0.288586154693727,0.292850372380113,51.7651249628037,TRUE
0.085,0.0106,-0.278676892726278,0.303308039244345,52.6185709125214,TRUE
0.09,0.0106,-0.268785600264873,0.313710672239607,53.4658431122794,TRUE
0.095,0.0106,-0.258914052985849,0.324056789337416,54.30683889514,TRUE
0.1,0.0106,-0.249063996009282,0.33434495568215,55.1414601401164,TRUE
0.105,0.0106,-0.239237142728456,0.344573784164162,55.9696132880563,TRUE
0.11,0.0106,-0.229435173710156,0.354741935909647,56.7912093503358,TRUE
0.115,0.0106,-0.21965973566649,0.364848120688255,57.6061639105234,TRUE
0.12,0.0106,-0.209912440498726,0.374891097239596,58.4143971191888,TRUE
0.125,0.0106,-0.200194864413366,0.384869673520057,59.2158336820455,TRUE
0.13,0.0106,-0.190508547110521,0.394782706871482,60.0104028416321,TRUE
0.135,0.0106,-0.180854991044375,0.404629104113499,60.798038352749,TRUE
0.14,0.0106,-0.171235660755354,0.414407821561395,61.5786784518769,TRUE
0.145,0.0106,-0.161651982273427,0.424117864971649,62.3522658208175,TRUE
0.15,0.0106,-0.152105342591741,0.433758289417315,63.1187475448006,TRUE
0.155,0.0106,-0.142597089209666,0.443328199095627,63.8780750653149,TRUE
0.16,0.0106,-0.133128529744117,0.452826747070272,64.6302041279199,TRUE
0.165,0.0106,-0.12370093160788,0.462253134950895,65.3750947253068,TRUE
0.17,0.0106,-0.114315521753541,0.471606612512486,66.1127110358779,TRUE
0.175,0.0106,-0.104973486481445,0.480886477257357,66.8430213581151,TRUE
0.18,0.0106,-0.0956759713100264,0.490092073922496,67.5659980410132,TRUE
0.185,0.0106,-0.0864240809067245,0.499222793935121,68.2816174108513,TRUE
0.19,0.0106,-0.0772188790775923,0.50827807481928,68.989859694576,TRUE
0.195,0.0106,-0.0680613888136341,0.517257399556404,69.6907089400697,TRUE
0.2,0.0106,-0.0589525923918156,0.526160295902666,70.3841529335733,TRUE
0.205,0.0106,-0.0498934315286316,0.534986335666086,71.0701831145292,TRUE
0.21,0.0106,-0.0408848075840545,0.543735133946218,71.7487944881094,TRUE
0.215,0.0106,-0.0319275818136489,0.552406348339311,72.4199855356846,TRUE
0.22,0.0106,-0.0230225756665928,0.560999678111774,73.0837581234869,TRUE
0.225,0.0106,-0.014170571127324,0.569514863344725,73.7401174097141,TRUE
0.23,0.0106,-0.00537231109851444,0.577951684052394,74.3890717503128,TRUE
-0.07,0.0108,-0.549549517047763,0.00116598292487301,27.4971137692859,TRUE
-0.065,0.0108,-0.539942156996993,0.0123337519629826,28.4564827523827,TRUE
-0.06,0.0108,-0.530300585504329,0.0234990805385996,29.4138351603106,TRUE
-0.055,0.0108,-0.52062673168651,0.0346597613511231,30.3689828788697,TRUE
-0.05,0.0108,-0.510922542198731,0.0458135916934407,31.3217392578698,TRUE
-0.045,0.0108,-0.501189979280533,0.0569583756211649,32.2719192931011,TRUE
-0.04,0.0108,-0.491431018780053,0.0680919261063116,33.2193398052264,TRUE
-0.035,0.0108,-0.481647648161269,0.0792120671705108,34.1638196151915,TRUE
-0.03,0.0108,-0.471841864498887,0.0903166359929233,35.1051797157656,TRUE
-0.025,0.0108,-0.462015672465559,0.101403484988143,36.0432434388369,TRUE
-0.02,0.0108,-0.4521710823161,0.112470483849485,36.9778366181029,TRUE
-0.015,0.0108,-0.442310107873367,0.12351552155321,37.9087877468157,TRUE
-0.01,0.0108,-0.432434764520405,0.134536508319367,38.8359281302555,TRUE
-0.005,0.0108,-0.422547067203426,0.145531377525153,39.7590920326309,TRUE
0,0.0108,-0.412649028450091,0.156498087566835,40.6781168181204,TRUE
0.005,0.0108,-0.40274265640749,0.167434623666511,41.5928430857934,TRUE
0.01,0.0108,-0.392829952904081,0.178338999620184,42.5031147981712,TRUE
0.015,0.0108,-0.382912911539749,0.189209259483875,43.4087794032097,TRUE
0.02,0.0108,-0.372993515807978,0.200043479194703,44.309687949511,TRUE
0.025,0.0108,-0.363073737253986,0.210839768124138,45.2056951945945,TRUE
0.03,0.0108,-0.353155533672505,0.221596270560869,46.0966597060798,TRUE
0.035,0.0108,-0.343240847348704,0.232311167120994,46.9824439556629,TRUE
0.04,0.0108,-0.333331603345549,0.242982676083491,47.8629144057859,TRUE
0.045,0.0108,-0.323429707840728,0.253609054649212,48.737941588929,TRUE
0.05,0.0108,-0.313537046516001,0.264188600121907,49.6074001794748,TRUE
0.055,0.0108,-0.303655483001686,0.274719651010023,50.4711690581207,TRUE
0.0600000000000001,0.0108,-0.293786857378717,0.285200588048339,51.3291313688357,TRUE
0.0650000000000001,0.0108,-0.283932984740503,0.295629835138714,52.1811745683838,TRUE
0.0700000000000001,0.0108,-0.274095653816594,0.306005860209517,53.0271904684551,TRUE
0.0750000000000001,0.0108,-0.264276625659914,0.316327175993549,53.8670752704682,TRUE
0.08,0.0108,-0.254477632399096,0.326592340724506,54.7007295931299,TRUE
0.085,0.0108,-0.244700376057217,0.336799958752307,55.5280584928523,TRUE
0.09,0.0108,-0.234946527438011,0.346948681077794,56.3489714771526,TRUE
0.095,0.0108,-0.22521772508039,0.357037205807584,57.1633825111732,TRUE
0.1,0.0108,-0.215515574281901,0.367064278530029,57.9712100174783,TRUE
0.105,0.0108,-0.205841646191511,0.377028692613478,58.7723768692985,TRUE
0.11,0.0108,-0.196197476971905,0.386929289428187,59.5668103774083,TRUE
0.115,0.0108,-0.186584567031275,0.396764958493445,60.3544422708347,TRUE
0.12,0.0108,-0.177004380324371,0.406534637551622,61.1352086716072,TRUE
0.125,0.0108,-0.1674583437224,0.416237312571019,61.9090500637686,TRUE
0.13,0.0108,-0.157947846451164,0.425872017679533,62.6759112568775,TRUE
0.135,0.0108,-0.148474239596678,0.435437835031288,63.4357413442395,TRUE
0.14,0.0108,-0.139038835677297,0.444933894608493,64.1884936561117,TRUE
0.145,0.0108,-0.129642908281283,0.454359373960906,64.934125708132,TRUE
0.15,0.0108,-0.12028769176854,0.463713497885353,65.6725991452261,TRUE
0.155,0.0108,-0.110974381035159,0.472995538047856,66.4038796812531,TRUE
0.16,0.0108,-0.101704131339254,0.482204812550969,67.1279370346483,TRUE
0.165,0.0108,-0.092478058186474,0.491340685448994,67.8447448603268,TRUE
0.17,0.0108,-0.0832972372734672,0.500402566213766,68.5542806781093,TRUE
0.175,0.0108,-0.0741627044874837,0.50938990915376,69.2565257979323,TRUE
0.18,0.0108,-0.0650754559602143,0.518302212789262,69.9514652421034,TRUE
0.185,0.0108,-0.0560364481738982,0.527139019186379,70.6390876648578,TRUE
0.19,0.0108,-0.0470465981176644,0.535899913252645,71.3193852694726,TRUE
0.195,0.0108,-0.0381067834920237,0.544584521996974,71.9923537231885,TRUE
0.2,0.0108,-0.0292178429593874,0.553192513756698,72.6579920701841,TRUE
0.205,0.0108,-0.0203805764384462,0.561723597394399,73.3163026428453,TRUE
0.21,0.0108,-0.0115957454402351,0.570177521467186,73.9672909715632,TRUE
0.215,0.0108,-0.00286407344367865,0.578554073371063,74.6109656932887,TRUE
-0.085,0.011,-0.543289860849798,0.00604204012425547,28.1060706037915,TRUE
-0.08,0.011,-0.533729681839706,0.0171369518313481,29.0583897100849,TRUE
-0.075,0.011,-0.524136683100842,0.0282285167993073,30.0086257891166,TRUE
-0.07,0.011,-0.514512764056962,0.039314571849146,30.9565949510098,TRUE
-0.065,0.011,-0.50485984033945,0.0503929591750892,31.9021148151494,TRUE
-0.06,0.011,-0.495179841886479,0.0614615284389695,32.8450046851157,TRUE
-0.055,0.011,-0.485474711023347,0.0725181388476789,33.7850857204825,TRUE
-0.05,0.011,-0.475746400528407,0.0835606612090144,34.7221811050998,TRUE
-0.045,0.011,-0.465996871689057,0.0945869799613422,35.6561162114948,TRUE
-0.04,0.011,-0.456228092352262,0.105594995172618,36.5867187610392,TRUE
-0.035,0.011,-0.446442034974062,0.116582624504416,37.5138189795461,TRUE
-0.03,0.011,-0.43664067467251,0.12754780513677,38.4372497479761,TRUE
-0.025,0.011,-0.426825987288411,0.138488495649764,39.3568467479509,TRUE
-0.02,0.011,-0.416999947458201,0.149402677858017,40.2724486017912,TRUE
-0.015,0.011,-0.407164526703213,0.160288358594353,41.1838970068154,TRUE
-0.01,0.011,-0.397321691539459,0.171143571439172,42.0910368636565,TRUE
-0.005,0.011,-0.387473401611998,0.181966378392233,42.9937163983758,TRUE
0,0.011,-0.377621607857766,0.192754871483781,43.8917872781746,TRUE
0.005,0.011,-0.367768250700677,0.203507174322187,44.7851047205268,TRUE
0.01,0.011,-0.357915258282579,0.214221443575491,45.6735275955774,TRUE
0.015,0.011,-0.348064544733546,0.224895870384495,46.5569185216781,TRUE
0.02,0.011,-0.338218008484776,0.235528681705288,47.4351439539492,TRUE
0.025,0.011,-0.328377530627171,0.246118141579343,48.3080742657848,TRUE
0.03,0.011,-0.318544973318537,0.256662552329579,49.175583823239,TRUE
0.035,0.011,-0.308722178242056,0.267160255681032,50.0375510522526,TRUE
0.04,0.011,-0.298910965118558,0.277609633805028,50.8938584987052,TRUE
0.045,0.011,-0.289113130274848,0.288009110286017,51.7443928812951,TRUE
0.05,0.011,-0.279330445270159,0.298357151010468,52.5890451372762,TRUE
0.055,0.011,-0.269564655582566,0.308652264977455,53.427710461095,TRUE
0.0600000000000001,0.011,-0.259817479356999,0.318893005030841,54.2602883359985,TRUE
0.0650000000000001,0.011,-0.250090606216225,0.329077968513165,55.0866825586948,TRUE
0.0700000000000001,0.011,-0.240385696136016,0.339205797841579,55.9068012571741,TRUE
0.0750000000000001,0.011,-0.230704378385433,0.34927518100641,56.7205569018088,TRUE
0.08,0.011,-0.221048250532994,0.359284851993109,57.5278663098719,TRUE
0.085,0.011,-0.211418877519245,0.369233591128577,58.3286506436266,TRUE
0.09,0.011,-0.201817790796075,0.379120225353024,59.1228354021533,TRUE
0.095,0.011,-0.192246487532883,0.388943628418721,59.9103504070966,TRUE
0.1,0.011,-0.182706429889548,0.398702721017149,60.6911297825213,TRUE
0.105,0.011,-0.173199044355915,0.40839647083623,61.4651119290848,TRUE
0.11,0.011,-0.163725721157389,0.41802389254945,62.2322394927347,TRUE
0.115,0.011,-0.154287813725989,0.427584047738843,62.9924593281564,TRUE
0.12,0.011,-0.144886638236114,0.437076044753892,63.7457224571976,TRUE
0.125,0.011,-0.135523473204069,0.446499038508547,64.4919840225064,TRUE
0.13,0.011,-0.126199559150278,0.455852230218638,65.2312032366221,TRUE
0.135,0.011,-0.116916098322962,0.46513486708205,65.9633433267646,TRUE
0.14,0.011,-0.107674254481955,0.474346241904092,66.6883714755688,TRUE
0.145,0.011,-0.0984751527411739,0.48348569267058,67.4062587580156,TRUE
0.15,0.011,-0.0893198794681987,0.492552602071167,68.1169800748078,TRUE
0.155,0.011,-0.0802094822392865,0.50154639697552,68.8205140824439,TRUE
0.16,0.011,-0.0711449698480767,0.510466547864962,69.5168431202391,TRUE
0.165,0.011,-0.0621273123661572,0.519312568222204,70.2059531345421,TRUE
0.17,0.011,-0.0531574412536007,0.528084013881828,70.8878336003939,TRUE
0.175,0.011,-0.0442362495175211,0.536780482344139,71.5624774408715,TRUE
0.18,0.011,-0.0353645919166515,0.545401612055037,72.2298809443554,TRUE
0.185,0.011,-0.0265432852099045,0.553947081654496,72.8900436799564,TRUE
0.19,0.011,-0.0177731084468527,0.562416609196257,73.54296841133,TRUE
0.195,0.011,-0.00905480329803495,0.570809951341252,74.1886610091028,TRUE
0.2,0.011,-0.000389074422991577,0.579126902527295,74.8271303621288,TRUE
-0.1,0.0112,-0.537080422205679,0.0108548616190799,28.7055933198719,TRUE
-0.095,0.0112,-0.527567893023677,0.021876975417372,29.650877837021,TRUE
-0.09,0.0112,-0.518023898328397,0.0328948725897632,30.594016442612,TRUE
-0.085,0.0112,-0.508450307770956,0.043906433565006,31.5348294090145,TRUE
-0.08,0.0112,-0.49884900594232,0.0549095448682704,32.4731385582256,TRUE
-0.075,0.0112,-0.489221890525332,0.0659021011425127,33.4087674299692,TRUE
-0.07,0.0112,-0.479570870430493,0.076882007151677,34.341541446615,TRUE
-0.065,0.0112,-0.469897863919767,0.0878471797613089,35.2712880745613,TRUE
-0.06,0.0112,-0.46020479672267,0.0987955498922509,36.1978369817342,TRUE
-0.055,0.0112,-0.450493600148897,0.10972506444319,37.1210201908758,TRUE
-0.05,0.0112,-0.440766209201763,0.120633688177966,38.0406722283038,TRUE
-0.045,0.0112,-0.43102456069665,0.131519405573669,38.9566302678436,TRUE
-0.04,0.0112,-0.421270591388656,0.142380222625729,39.8687342696527,TRUE
-0.035,0.0112,-0.411506236113527,0.153214168606345,40.7768271136722,TRUE
-0.03,0.0112,-0.401733425945903,0.164019297772812,41.6807547274624,TRUE
-0.025,0.0112,-0.391954086378806,0.17479369102245,42.5803662081981,TRUE
-0.02,0.0112,-0.382170135528178,0.185535457491097,43.4755139386198,TRUE
-0.015,0.0112,-0.372383482366157,0.19624273609229,44.3660536967577,TRUE
-0.01,0.0112,-0.36259602498665,0.206913696994511,45.2518447592681,TRUE
-0.005,0.0112,-0.352809648906596,0.217546543034072,46.1327499982426,TRUE
0,0.0112,-0.343026225406172,0.228139511061487,47.0086359713716,TRUE
0.005,0.0112,-0.333247609911,0.238690873219354,47.8793730053676,TRUE
0.01,0.0112,-0.323475640419263,0.249198938150074,48.7448352725738,TRUE
0.015,0.0112,-0.313712135976425,0.259662052131929,49.6049008607064,TRUE
0.02,0.0112,-0.303958895200076,0.270078600142296,50.4594518356991,TRUE
0.025,0.0112,-0.294217694857212,0.280447006847024,51.3083742976416,TRUE
0.03,0.0112,-0.284490288496065,0.290765737515225,52.1515584298217,TRUE
0.035,0.0112,-0.274778405134389,0.301033298858969,52.9888985409035,TRUE
0.04,0.0112,-0.26508374800589,0.311248239797625,53.8202931002911,TRUE
0.045,0.0112,-0.255407993366305,0.321409152146768,54.6456447667476,TRUE
0.05,0.0112,-0.245752789360384,0.331514671231859,55.4648604103565,TRUE
0.055,0.0112,-0.236119754950871,0.341563476427057,56.2778511279302,TRUE
0.0600000000000001,0.0112,-0.22651047891032,0.351554291619767,57.0845322519853,TRUE
0.0650000000000001,0.0112,-0.216926518876423,0.361485885601707,57.8848233534205,TRUE
0.0700000000000001,0.0112,-0.2073694004713,0.37135707238748,58.6786482380489,TRUE
0.0750000000000001,0.0112,-0.197840616485011,0.381166711461797,59.4659349371444,TRUE
0.08,0.0112,-0.188341626123377,0.390913707956682,60.2466156921818,TRUE
0.085,0.0112,-0.178873854319974,0.400597012760145,61.0206269339536,TRUE
0.09,0.0112,-0.169438691112034,0.410215622557944,61.7879092562631,TRUE
0.095,0.0112,-0.160037491079784,0.419768579810215,62.5484073843968,TRUE
0.1,0.0112,-0.150671572848592,0.429254972664849,63.3020701385918,TRUE
0.105,0.0112,-0.141342218653165,0.438673934809632,64.0488503927174,TRUE
0.11,0.0112,-0.132050673962854,0.448024645265242,64.7887050283974,TRUE
0.115,0.0112,-0.122798147167021,0.457306328121315,65.5215948848041,TRUE
0.12,0.0112,-0.11358580931928,0.466518252217837,66.247484704358,TRUE
0.125,0.0112,-0.104414793939302,0.475659730774217,66.9663430745716,TRUE
0.13,0.0112,-0.09528619687077,0.484730120968441,67.6781423662754,TRUE
0.135,0.0112,-0.0862010761939802,0.49372882346874,68.3828586684667,TRUE
0.14,0.0112,-0.0771604521914682,0.502655281920268,69.0804717200204,TRUE
0.145,0.0112,-0.068165307364992,0.511508982389275,69.7709648385022,TRUE
0.15,0.0112,-0.0592165865021072,0.520289452767315,70.4543248463199,TRUE
0.155,0.0112,-0.0503151967905184,0.528996262138005,71.130541994449,TRUE
0.16,0.0112,-0.041462007978338,0.537629020108847,71.7996098839644,TRUE
0.165,0.0112,-0.0326578525783324,0.546187376110653,72.4615253856056,TRUE
0.17,0.0112,-0.0239035261142101,0.554671018667027,73.1162885575998,TRUE
0.175,0.0112,-0.0151997874069698,0.563079674636398,73.7639025619618,TRUE
0.18,0.0112,-0.00654735889931211,0.571413108429023,74.4043735794833,TRUE
-0.12,0.0114,-0.540354321222768,0.00465250087965852,28.355498493252,TRUE
-0.115,0.0114,-0.530921843647953,0.0156048791106653,29.2957952318748,TRUE
-0.11,0.0114,-0.521457393446364,0.0265542875925402,30.2340636816197,TRUE
-0.105,0.0114,-0.511962794949532,0.0374986450215835,31.1701267919799,TRUE
-0.1,0.0114,-0.502439887999912,0.0484358748946505,32.1038089334897,TRUE
-0.095,0.0114,-0.492890526173099,0.0593639074743012,33.0349360620558,TRUE
-0.09,0.0114,-0.483316574982182,0.0702806817389849,33.9633358804254,TRUE
-0.085,0.0114,-0.47371991006828,0.0811841473139906,34.8888379964411,TRUE
-0.08,0.0114,-0.464102415381321,0.092072266378972,35.8112740777492,TRUE
-0.075,0.0114,-0.454465981355148,0.102943015547943,36.7304780026338,TRUE
-0.07,0.0114,-0.444812503081018,0.113794387717759,37.6462860066705,TRUE
-0.065,0.0114,-0.435143878483547,0.124624393881203,38.558536824901,TRUE
-0.06,0.0114,-0.425462006503117,0.135431064900962,39.4670718292513,TRUE
-0.055,0.0114,-0.4157687852887,0.146212453240897,40.3717351609304,TRUE
-0.05,0.0114,-0.406066110404983,0.156966634651207,41.2723738575652,TRUE
-0.045,0.0114,-0.39635587305762,0.167691709804223,42.1688379748454,TRUE
-0.04,0.0114,-0.386639958340301,0.178385805877797,43.0609807024704,TRUE
-0.035,0.0114,-0.37692024350725,0.18904707808342,43.9486584742131,TRUE
-0.03,0.0114,-0.367198596274628,0.199673711136399,44.8317310719308,TRUE
-0.025,0.0114,-0.357476873154178,0.210263920665659,45.710061723379,TRUE
-0.02,0.0114,-0.347756917822319,0.22081595456094,46.5835171937002,TRUE
-0.015,0.0114,-0.338040559527713,0.231328094255369,47.451967870484,TRUE
-0.01,0.0114,-0.328329611540208,0.24179865594163,48.315287842313,TRUE
-0.005,0.0114,-0.318625869643838,0.252225991720181,49.173354970732,TRUE
0,0.0114,-0.308931110676417,0.262608490678175,50.0260509555965,TRUE
0.005,0.0114,-0.299247091118072,0.272944579898,50.8732613937785,TRUE
0.01,0.0114,-0.28957554573085,0.283232725394563,51.7148758312267,TRUE
0.015,0.0114,-0.279918186251374,0.29347143298067,52.5507878083969,TRUE
0.02,0.0114,-0.270276700138297,0.303659249060078,53.380894899089,TRUE
0.025,0.0114,-0.260652749376113,0.313794761348026,54.2050987427438,TRUE
0.03,0.0114,-0.251047969336704,0.323876599519242,55.0233050702708,TRUE
0.035,0.0114,-0.241463967699768,0.333903435783654,55.8354237234959,TRUE
0.04,0.0114,-0.2319023234331,0.343873985390216,56.641368668332,TRUE
0.045,0.0114,-0.222364585833511,0.353787007059467,57.4410580017924,TRUE
0.05,0.0114,-0.212852273628936,0.36364130334562,58.2344139529807,TRUE
0.055,0.0114,-0.20336687414215,0.373435720929157,59.0213628782035,TRUE
0.0600000000000001,0.0114,-0.193909842516267,0.383169150841066,59.8018352503654,TRUE
0.0650000000000001,0.0114,-0.184482601002071,0.392840528620034,60.5757656428168,TRUE
0.0700000000000001,0.0114,-0.175086538307023,0.40244883440403,61.3430927078351,TRUE
0.0750000000000001,0.0114,-0.165723009005623,0.411993092957875,62.1037591499298,TRUE
0.08,0.0114,-0.156393333010659,0.421472373638509,62.8577116941699,TRUE
0.085,0.0114,-0.147098795104714,0.430885790299777,63.604901049739,TRUE
0.09,0.0114,-0.137840644531162,0.440232501138688,64.3452818689305,TRUE
0.095,0.0114,-0.128620094643733,0.449511708485151,65.0788127018005,TRUE
0.1,0.0114,-0.119438322613628,0.458722658537324,65.8054559466988,TRUE
0.105,0.0114,-0.110296469193001,0.467864641044747,66.5251777969048,TRUE
0.11,0.0114,-0.101195638533577,0.476936988941511,67.2379481835938,TRUE
0.115,0.0114,-0.0921368980589971,0.485939077931775,67.943740715364,TRUE
0.12,0.0114,-0.0831212783894597,0.494870326029945,68.6425326145527,TRUE
0.125,0.0114,-0.0741497733170927,0.503730193057925,69.3343046505723,TRUE
0.13,0.0114,-0.0652233398304444,0.512518180101806,70.019041070493,TRUE
0.135,0.0114,-0.0563428981864028,0.521233828930418,70.6967295271007,TRUE
0.14,0.0114,-0.0475093320277977,0.529876721378153,71.3673610046526,TRUE
0.145,0.0114,-0.0387234885448915,0.538446478694475,72.0309297425536,TRUE
0.15,0.0114,-0.0299861786789239,0.546942760862508,72.6874331571694,TRUE
0.155,0.0114,-0.0212981773658394,0.555365265889078,73.3368717619917,TRUE
0.16,0.0114,-0.0126602238183108,0.563713729068575,73.9792490863623,TRUE
0.165,0.0114,-0.00407302184413936,0.571987922222936,74.6145715929607,TRUE
-0.135,0.0116,-0.534200015495288,0.00941191505320187,28.9434294544068,TRUE
-0.13,0.0116,-0.524814698350622,0.0202925538089805,29.8767917770344,TRUE
-0.125,0.0116,-0.515398717938497,0.0311693810961709,30.8080657343269,TRUE
-0.12,0.0116,-0.505953869983625,0.042040357430443,31.7370782703578,TRUE
-0.115,0.0116,-0.496481964524664,0.0529034488141101,32.6636577880117,TRUE
-0.11,0.0116,-0.486984824185756,0.0637566286331046,33.5876343069275,TRUE
-0.105,0.0116,-0.477464282432613,0.074597879537842,34.5088396185368,TRUE
-0.1,0.0116,-0.467922181816999,0.0854251953039292,35.4271074378703,TRUE
-0.095,0.0116,-0.458360372213533,0.0962365826687386,36.3422735518143,TRUE
-0.09,0.0116,-0.448780709052681,0.107030063139973,37.2541759635141,TRUE
-0.085,0.0116,-0.439185051553824,0.117803674772448,38.1626550326323,TRUE
-0.08,0.0116,-0.429575260962277,0.128555473909446,39.0675536111879,TRUE
-0.075,0.0116,-0.41995319879404,0.139283536885128,39.9687171747128,TRUE
-0.07,0.0116,-0.410320725092072,0.149985961684641,40.8659939484844,TRUE
-0.065,0.0116,-0.400679696697752,0.16066086955871,41.7592350286044,TRUE
-0.06,0.0116,-0.391031965541142,0.171306406589684,42.6482944977175,TRUE
-0.055,0.0116,-0.381379376953544,0.181920745206188,43.5330295351757,TRUE
-0.05,0.0116,-0.371723768005776,0.192502085643691,44.4133005214798,TRUE
-0.045,0.0116,-0.362066965875403,0.203048657348545,45.2889711368427,TRUE
-0.04,0.0116,-0.352410786246109,0.213558720323204,46.1599084537422,TRUE
-0.035,0.0116,-0.342757031742177,0.224030566410572,47.0259830233507,TRUE
-0.03,0.0116,-0.333107490400959,0.234462520515627,47.8870689557471,TRUE
-0.025,0.0116,-0.323463934186003,0.244852941762679,48.7430439938366,TRUE
-0.02,0.0116,-0.313828117543392,0.255200224586845,49.5937895809257,TRUE
-0.015,0.0116,-0.304201776003626,0.265502799758544,50.4391909219167,TRUE
-0.01,0.0116,-0.294586624831243,0.275759135340014,51.2791370381061,TRUE
-0.005,0.0116,-0.284984357724165,0.285967737573094,52.1135208155893,TRUE
0,0.0116,-0.275396645564591,0.296127151697706,52.9422390472951,TRUE
0.005,0.0116,-0.265825135223054,0.306235962700695,53.7651924686872,TRUE
0.01,0.0116,-0.256271448417077,0.31629279599489,54.5822857871897,TRUE
0.015,0.0116,-0.246737180625683,0.326296318028444,55.3934277054101,TRUE
0.02,0.0116,-0.237223900060816,0.336245236824715,56.1985309382474,TRUE
0.025,0.0116,-0.227733146696534,0.346138302453134,56.9975122239896,TRUE
0.03,0.0116,-0.218266431356681,0.35597430743169,57.7902923295188,TRUE
0.035,0.0116,-0.208825234861517,0.365752087061832,58.5767960497534,TRUE
0.04,0.0116,-0.199411007233654,0.375470519696771,59.3569522014726,TRUE
0.045,0.0116,-0.190025166963442,0.385128526944282,60.1306936116778,TRUE
0.05,0.0116,-0.180669100333787,0.39472507380532,60.8979571006554,TRUE
0.055,0.0116,-0.171344160804219,0.404259168749818,61.6586834599179,TRUE
0.0600000000000001,0.0116,-0.162051668453885,0.413729863731251,62.4128174252048,TRUE
0.0650000000000001,0.0116,-0.152792909482964,0.423136254141596,63.1603076447378,TRUE
0.0700000000000001,0.0116,-0.143569135771889,0.432477478708471,63.9011066429251,TRUE
0.0750000000000001,0.0116,-0.1343815644976,0.441752719336312,64.6351707797215,TRUE
0.08,0.0116,-0.125231377805931,0.45096120089356,65.3624602058509,TRUE
0.085,0.0116,-0.116119722539137,0.460102190947856,66.082938814106,TRUE
0.09,0.0116,-0.1070477100174,0.469174999451387,66.7965741869386,TRUE
0.095,0.0116,-0.0980164158731226,0.478178978378501,67.5033375405599,TRUE
0.1,0.0116,-0.0890268799366553,0.487113521317822,68.2032036657695,TRUE
0.105,0.0116,-0.0800801061720589,0.495978063021098,68.8961508657321,TRUE
0.11,0.0116,-0.0711770626614095,0.504772078911051,69.5821608909222,TRUE
0.115,0.0116,-0.0623186816360869,0.513495084550536,70.2612188714537,TRUE
0.12,0.0116,-0.053505859553421,0.52214663507529,70.9333132470128,TRUE
0.125,0.0116,-0.0447394572170258,0.530726324592598,71.5984356946067,TRUE
0.13,0.0116,-0.0360202999390977,0.539233785548169,72.2565810543398,TRUE
0.135,0.0116,-0.0273491777429183,0.547668688063512,72.9077472534258,TRUE
0.14,0.0116,-0.018726845603776,0.556030739246084,73.5519352286384,TRUE
0.145,0.0116,-0.0101540237264922,0.564319682474451,74.1891488474,TRUE
0.15,0.0116,-0.00163139785772476,0.572535296660688,74.8193948277023,TRUE
-0.155,0.0118,-0.537403885232858,0.00329771915052521,28.5938274353652,TRUE
-0.15,0.0118,-0.528097260231708,0.01410935494252,29.5222511753736,TRUE
-0.145,0.0118,-0.51875949316525,0.0249183741480785,30.4487002352856,TRUE
-0.14,0.0118,-0.509392336299634,0.0357227742914662,31.3730041528573,TRUE
-0.135,0.0118,-0.499997556738281,0.0465205571753178,32.2949938037579,TRUE
-0.13,0.0118,-0.490576934759138,0.0573097307243724,33.2145015559318,TRUE
-0.125,0.0118,-0.481132262135032,0.0680883108160085,34.1313614213445,TRUE
-0.12,0.0118,-0.471665340440787,0.0788543230936696,35.0454092047949,TRUE
-0.115,0.0118,-0.462177979350815,0.089605804759338,35.9564826494843,TRUE
-0.11,0.0118,-0.452671994930906,0.100340806341295,36.8644215790434,TRUE
-0.105,0.0118,-0.443149207927933,0.111057393433499,37.7690680357334,TRUE
-0.1,0.0118,-0.433611442061163,0.121753648403023,38.670266414547,TRUE
-0.095,0.0118,-0.424060522318856,0.132427672062109,39.5678635929529,TRUE
-0.09,0.0118,-0.414498273263771,0.143077585301546,40.4617090560396,TRUE
-0.085,0.0118,-0.404926517351129,0.153701530682197,41.3516550168321,TRUE
-0.08,0.0118,-0.395347073262554,0.164297673981677,42.2375565315699,TRUE
-0.075,0.0118,-0.385761754259371,0.174864205693344,43.1192716097548,TRUE
-0.07,0.0118,-0.376172366558589,0.185399342474933,43.9966613187899,TRUE
-0.065,0.0118,-0.366580707734768,0.195901328544342,44.8695898830549,TRUE
-0.06,0.0118,-0.356988565150864,0.206368437020286,45.7379247772764,TRUE
-0.055,0.0118,-0.34739771442098,0.2167989712057,46.601536814074,TRUE
-0.05,0.0118,-0.337809917907891,0.227191265811997,47.460300225579,TRUE
-0.045,0.0118,-0.328226923257963,0.237543688122462,48.3140927390433,TRUE
-0.04,0.0118,-0.318650461976033,0.247854639093307,49.1627956463745,TRUE
-0.035,0.0118,-0.309082248042579,0.258122554391063,50.0062938675508,TRUE
-0.03,0.0118,-0.299523976575393,0.268345905365246,50.8444760078889,TRUE
-0.025,0.0118,-0.289977322537783,0.278523199955401,51.6772344091547,TRUE
-0.02,0.0118,-0.280443939495147,0.288652983531856,52.5044651945273,TRUE
-0.015,0.0118,-0.270925458421608,0.298733839669708,53.3260683074396,TRUE
-0.01,0.0118,-0.2614234865582,0.308764390855762,54.1419475443393,TRUE
-0.005,0.0118,-0.251939606323933,0.318743299128349,54.9520105814291,TRUE
0,0.0118,-0.242475374280867,0.328669266650126,55.7561689954593,TRUE
0.005,0.0118,-0.233032320154167,0.338541036214153,56.5543382786615,TRUE
0.01,0.0118,-0.223611945907914,0.348357391683724,57.346437847928,TRUE
0.015,0.0118,-0.214215724877286,0.358117158366587,58.1323910483502,TRUE
0.02,0.0118,-0.204845100957555,0.367819203324358,58.9121251512471,TRUE
0.025,0.0118,-0.195501487850147,0.377462435618099,59.6855713468229,TRUE
0.03,0.0118,-0.186186268365895,0.387045806491171,60.4526647316037,TRUE
0.035,0.0118,-0.176900793785417,0.396568309490587,61.2133442908156,TRUE
0.04,0.0118,-0.167646383276411,0.406028980528275,61.9675528758724,TRUE
0.045,0.0118,-0.158424323367522,0.415426897883723,62.7152371771511,TRUE
0.05,0.0118,-0.149235867478276,0.424761182149625,63.4563476922391,TRUE
0.055,0.0118,-0.140082235504455,0.434030996122231,64.1908386898446,TRUE
0.0600000000000001,0.0118,-0.130964613458148,0.443235544638211,64.9186681695657,TRUE
0.0650000000000001,0.0118,-0.121884153161612,0.452374074359899,65.6397978177193,TRUE
0.0700000000000001,0.0118,-0.11284197199394,0.461445873510889,66.3541929594326,TRUE
0.0750000000000001,0.0118,-0.103839152689444,0.470450271563982,67.0618225072054,TRUE
0.08,0.0118,-0.0948767431865736,0.479386638883567,67.7626589061509,TRUE
0.085,0.0118,-0.0859557565260583,0.488254386324543,68.4566780761245,TRUE
0.09,0.0118,-0.0770771707969478,0.497052964789931,69.1438593509508,TRUE
0.095,0.0118,-0.0682419291290882,0.50578186474935,69.8241854149596,TRUE
0.1,0.0118,-0.0594509397305439,0.514440615720553,70.497642237037,TRUE
0.105,0.0118,-0.0507050759684086,0.52302878571622,71.1642190024007,TRUE
0.11,0.0118,-0.0420051764913916,0.531545980658221,71.8239080423028,TRUE
0.115,0.0118,-0.0333520453925354,0.539991843761535,72.4767047618623,TRUE
0.12,0.0118,-0.0247464524103778,0.548366054890023,73.1226075662243,TRUE
0.125,0.0118,-0.0161891331668425,0.556668329886221,73.7616177852418,TRUE
0.13,0.0118,-0.00768078944013227,0.56489841987729,74.3937395968684,TRUE
-0.17,0.012,-0.53130652243367,0.00800432482266806,29.1704878377388,TRUE
-0.165,0.012,-0.52204653525353,0.0187453047337501,30.0920796990333,TRUE
-0.16,0.012,-0.512756671601009,0.0294828535962061,31.0116394641512,TRUE
-0.155,0.012,-0.503438656273839,0.040215009017705,31.9290005026155,TRUE
-0.15,0.012,-0.494094227777239,0.0509398135351308,32.8439975572299,TRUE
-0.145,0.012,-0.484725136707173,0.0616553163947012,33.7564668924715,TRUE
-0.14,0.012,-0.47533314411892,0.0723595753178185,34.6662464402322,TRUE
-0.135,0.012,-0.465920019884473,0.0830506582489398,35.573175942605,TRUE
-0.13,0.012,-0.456487541042315,0.0937266450818263,36.4770970914252,TRUE
-0.125,0.012,-0.447037490143134,0.104385629360608,37.3778536642871,TRUE
-0.12,0.012,-0.437571653595011,0.115025719952199,38.2752916567681,TRUE
-0.115,0.012,-0.428091820011625,0.125645042686708,39.1692594106037,TRUE
-0.11,0.012,-0.418599778566929,0.136241741962593,40.0596077375754,TRUE
-0.105,0.012,-0.409097317359777,0.146813982313478,40.946190038882,TRUE
-0.1,0.012,-0.399586221791849,0.157359949933629,41.8288624197856,TRUE
-0.095,0.012,-0.390068272962203,0.167877854159308,42.7074837993353,TRUE
-0.09,0.012,-0.380545246081658,0.178365928903325,43.5819160149918,TRUE
-0.085,0.012,-0.371018908910154,0.188822434040309,44.4520239219891,TRUE
-0.08,0.012,-0.361491020220082,0.199245656740377,45.3176754872913,TRUE
-0.075,0.012,-0.351963328288523,0.20963391274908,46.1787418780153,TRUE
-0.07,0.012,-0.342437569421142,0.219985547611655,47.0350975442123,TRUE
-0.065,0.012,-0.33291546651041,0.230298937839844,47.8866202959152,TRUE
-0.06,0.012,-0.323398727630636,0.240572492019698,48.7331913743803,TRUE
-0.055,0.012,-0.313889044672189,0.25080465185901,49.5746955174661,TRUE
-0.05,0.012,-0.304388092017098,0.260993893173176,50.4110210191122,TRUE
-0.045,0.012,-0.294897525258091,0.271138726808532,51.2420597828974,TRUE
-0.04,0.012,-0.28541897996294,0.281237699502355,52.0677073696737,TRUE
-0.035,0.012,-0.275954070485854,0.291289394678959,52.887863039289,TRUE
-0.03,0.012,-0.266504388827444,0.301292433181465,53.7024297864289,TRUE
-0.025,0.012,-0.257071503544668,0.311245473939051,54.5113143706214,TRUE
-0.02,0.012,-0.24765695871195,0.321147214569639,55.3144273404657,TRUE
-0.015,0.012,-0.238262272934517,0.330996391918176,56.1116830521603,TRUE
-0.01,0.012,-0.228888938414834,0.340791782530833,56.9029996824178,TRUE
-0.005,0.012,-0.219538420072829,0.350532203065611,57.6882992358693,TRUE
0,0.012,-0.210212154720456,0.360216510640005,58.4675075470729,TRUE
0.005,0.012,-0.200911550290973,0.369843603116536,59.2405542772503,TRUE
0.01,0.012,-0.191637985123142,0.379412419327098,60.0073729058906,TRUE
0.015,0.012,-0.182392807300426,0.388921939237215,60.7679007173656,TRUE
0.02,0.012,-0.173177334045091,0.39837118405142,61.5220787827138,TRUE
0.025,0.012,-0.16399285116698,0.407759216261105,62.2698519367564,TRUE
0.03,0.012,-0.154840612566596,0.417085139636284,63.0111687507165,TRUE
0.035,0.012,-0.145721839791981,0.426348099162842,63.7459815005197,TRUE
0.04,0.012,-0.136637721648771,0.435547280926898,64.4742461309599,TRUE
0.045,0.012,-0.127589413862676,0.444681911948036,65.1959222159178,TRUE
0.05,0.012,-0.118578038793517,0.453751259963201,65.9109729148258,TRUE
0.055,0.012,-0.109604685199867,0.462754633163153,66.6193649255739,TRUE
0.0600000000000001,0.012,-0.100670408053215,0.471691379883402,67.3210684340547,TRUE
0.0650000000000001,0.012,-0.0917762284005122,0.480560888251606,68.0160570605488,TRUE
0.0700000000000001,0.012,-0.0829231332738549,0.489362585793479,68.7043078031487,TRUE
0.0750000000000001,0.012,-0.0741120756459871,0.498095938999242,69.3858009784242,TRUE
0.08,0.012,-0.0653439744302489,0.506760452852706,70.0605201595288,TRUE
0.085,0.012,-0.0566197145235201,0.515355670325093,70.7284521119455,TRUE
0.09,0.012,-0.0479401468906682,0.523881171835692,71.3895867270719,TRUE
0.095,0.012,-0.0393060886889534,0.532336574681452,72.0439169538367,TRUE
0.1,0.012,-0.030718323430814,0.540721532437622,72.6914387285431,TRUE
0.105,0.012,-0.0221776011834138,0.549035734331524,73.3321509031252,TRUE
0.11,0.012,-0.0136846388033155,0.557278904591529,73.9660551720051,TRUE
0.115,0.012,-0.00524012020461892,0.565450801773271,74.5931559977304,TRUE
-0.19,0.0122,-0.534443922509827,0.00197705067203477,28.8215434158946,TRUE
-0.185,0.0122,-0.525261255007758,0.0126498048937233,29.7382491101105,TRUE
-0.18,0.0122,-0.51604825870361,0.0233202730679628,30.6530325609361,TRUE
-0.175,0.0122,-0.506806616743495,0.0339865285599527,31.5657296483275,TRUE
-0.17,0.0122,-0.497538026460678,0.0446466485376631,32.4761775118817,TRUE
-0.165,0.0122,-0.488244197820338,0.0552987157015976,33.3842146958313,TRUE
-0.16,0.0122,-0.478926851848325,0.0659408200029305,34.2896812916495,TRUE
-0.155,0.0122,-0.469587719047292,0.0765710603464366,35.1924190779751,TRUE
-0.15,0.0122,-0.460228537803552,0.0871875462746932,36.0922716575727,TRUE
-0.145,0.0122,-0.450851052788077,0.0977883996300998,36.9890845910543,TRUE
-0.14,0.0122,-0.441457013355021,0.108371756191351,37.8827055270998,TRUE
-0.135,0.0122,-0.432048171941153,0.118935767281086,38.7729843289245,TRUE
-0.13,0.0122,-0.422626282469545,0.129478601341546,39.6597731967566,TRUE
-0.125,0.0122,-0.413193098760836,0.139998445475196,40.5429267860982,TRUE
-0.12,0.0122,-0.403750372955343,0.150493506947384,41.4223023215599,TRUE
-0.115,0.0122,-0.394299853949206,0.160962014648256,42.2977597060727,TRUE
-0.11,0.0122,-0.384843285847707,0.171402220511289,43.1691616252967,TRUE
-0.105,0.0122,-0.375382406438811,0.181812400885958,44.0363736470623,TRUE
-0.1,0.0122,-0.365918945689867,0.192190857862215,44.899264315694,TRUE
-0.095,0.0122,-0.35645462427033,0.202535920544625,45.7577052410862,TRUE
-0.09,0.0122,-0.346991152103216,0.212845946274177,46.611571182415,TRUE
-0.085,0.0122,-0.337530226947934,0.223119321795972,47.4607401263878,TRUE
-0.08,0.0122,-0.32807353301694,0.233354464371153,48.3050933599495,TRUE
-0.075,0.0122,-0.318622739628587,0.243549822831648,49.1445155373802,TRUE
-0.07,0.0122,-0.309179499898373,0.253703878576463,49.9788947417382,TRUE
-0.065,0.0122,-0.299745449470627,0.263815146508471,50.8081225406155,TRUE
-0.06,0.0122,-0.290322205292558,0.273882175910792,51.6320940361936,TRUE
-0.055,0.0122,-0.280911364432422,0.283903551262092,52.4507079095986,TRUE
-0.05,0.0122,-0.271514502943373,0.293877892990266,53.2638664595759,TRUE
-0.045,0.0122,-0.262133174774462,0.303803858164186,54.0714756355146,TRUE
-0.04,0.0122,-0.252768910730045,0.313680141123349,54.8734450648707,TRUE
-0.035,0.0122,-0.243423217478705,0.323505474045452,55.6696880750502,TRUE
-0.03,0.0122,-0.23409757661264,0.33327862745207,56.4601217098275,TRUE
-0.025,0.0122,-0.224793443758322,0.342998410652793,57.2446667403873,TRUE
-0.02,0.0122,-0.215512247739027,0.352663672128334,58.0232476710906,TRUE
-0.015,0.0122,-0.206255389789737,0.362273299853251,58.7957927400775,TRUE
-0.01,0.0122,-0.197024242824726,0.371826221559103,59.5622339148288,TRUE
-0.005,0.0122,-0.187820150757992,0.381321404938968,60.3225068828201,TRUE
0,0.0122,-0.178644427876576,0.390757857794401,61.0765510374113,TRUE
0.005,0.0122,-0.169498358266642,0.40013462812601,61.8243094591202,TRUE
0.01,0.0122,-0.160383195292065,0.409450804168967,62.5657288924413,TRUE
0.015,0.0122,-0.151300161125151,0.418705514374854,63.3007597183739,TRUE
0.02,0.0122,-0.142250446328986,0.427897927341353,64.0293559228293,TRUE
0.025,0.0122,-0.133235209490768,0.437027251691369,64.7514750610973,TRUE
0.03,0.0122,-0.124255576905411,0.446092735903259,65.4670782185495,TRUE
0.035,0.0122,-0.115312642308554,0.455093668093915,66.1761299677657,TRUE
0.04,0.0122,-0.106407466658057,0.464029375756497,66.8785983222719,TRUE
0.045,0.0122,-0.0975410779629201,0.472899225454677,67.5744546870772,TRUE
0.05,0.0122,-0.0887144711585394,0.481702622475301,68.2636738062035,TRUE
0.055,0.0122,-0.0799286080270766,0.490439010441405,68.9462337073982,TRUE
0.0600000000000001,0.0122,-0.071184417161692,0.499107870887561,69.622115644222,TRUE
0.0650000000000001,0.0122,-0.0624827939733031,0.50770872279953,70.2913040357053,TRUE
0.0700000000000001,0.0122,-0.0538246007384822,0.516241122120246,70.9537864037602,TRUE
0.0750000000000001,0.0122,-0.0452106666870592,0.524704661224137,71.60955330854,TRUE
0.08,0.0122,-0.036641788127947,0.533098968361786,72.2585982819306,TRUE
0.085,0.0122,-0.0281187286116732,0.541423707076952,72.9009177593577,TRUE
0.09,0.0122,-0.019642219128076,0.549678575597938,73.5365110100908,TRUE
0.095,0.0122,-0.0112129583375899,0.557863306205287,74.1653800662202,TRUE
0.1,0.0122,-0.00283161283453888,0.565977664577756,74.7875296504803,TRUE
-0.205,0.0124,-0.528405057544152,0.00663146133422032,29.3872492076945,TRUE
-0.2,0.0124,-0.519268476647919,0.0172346632363005,30.2972274470888,TRUE
-0.195,0.0124,-0.510102789907077,0.0278347909963784,31.2052285477344,TRUE
-0.19,0.0124,-0.500909654107809,0.0384299563815581,32.1110920635759,TRUE
-0.185,0.0124,-0.491690739157362,0.0490182755791024,33.0146588413408,TRUE
-0.18,0.0124,-0.482447726571691,0.0595978708668607,33.9157711599603,TRUE
-0.175,0.0124,-0.473182307949148,0.0701668722710698,34.8142728675659,TRUE
-0.17,0.0124,-0.463896183433443,0.0807234192081307,35.7100095157869,TRUE
-0.165,0.0124,-0.4545910601691,0.0912656621070193,36.6028284910809,TRUE
-0.16,0.0124,-0.445268650752668,0.101791764009063,37.4925791428404,TRUE
-0.155,0.0124,-0.435930671682901,0.112299902141897,38.3791129080274,TRUE
-0.15,0.0124,-0.426578841813156,0.122788269464511,39.2622834321023,TRUE
-0.145,0.0124,-0.417214880809172,0.133255076180398,40.1419466860236,TRUE
-0.14,0.0124,-0.407840507615392,0.143698551215944,41.0179610791079,TRUE
-0.135,0.0124,-0.398457438932934,0.154116943661303,41.8901875675559,TRUE
-0.13,0.0124,-0.389067387712217,0.164508524171151,42.7584897584605,TRUE
-0.125,0.0124,-0.379672061663239,0.17487158632285,43.6227340091319,TRUE
-0.12,0.0124,-0.370273161786344,0.185204447929707,44.4827895215862,TRUE
-0.115,0.0124,-0.360872380926299,0.195505452307144,45.3385284320622,TRUE
-0.11,0.0124,-0.351471402352327,0.205772969489802,46.1898258954459,TRUE
-0.105,0.0124,-0.342071898366701,0.216005397397717,47.0365601644976,TRUE
-0.1,0.0124,-0.332675528944316,0.226201162949913,47.8786126637932,TRUE
-0.095,0.0124,-0.323283940405601,0.236358723123909,48.7158680583083,TRUE
-0.09,0.0124,-0.313898764124951,0.246476565959824,49.5482143165878,TRUE
-0.085,0.0124,-0.304521615276734,0.256553211507932,50.375542768461,TRUE
-0.08,0.0124,-0.295154091620813,0.2665872127187,51.1977481572781,TRUE
-0.075,0.0124,-0.28579777232934,0.276577156274514,52.0147286866589,TRUE
-0.07,0.0124,-0.27645421685646,0.286521663362485,52.8263860617598,TRUE
-0.065,0.0124,-0.267124963852398,0.296419390387884,53.6326255250804,TRUE
-0.06,0.0124,-0.257811530123247,0.306269029627937,54.4333558868452,TRUE
-0.055,0.0124,-0.248515409637645,0.316069309825875,55.2284895500092,TRUE
-0.05,0.0124,-0.239238072581337,0.325818996725303,56.0179425299509,TRUE
-0.045,0.0124,-0.229980964460503,0.335516893545092,56.8016344689282,TRUE
-0.04,0.0124,-0.220745505254558,0.345161841395189,57.5794886453835,TRUE
-0.035,0.0124,-0.211533088618985,0.354752719633841,58.3514319781995,TRUE
-0.03,0.0124,-0.202345081138624,0.364288446166911,59.1173950260132,TRUE
-0.025,0.0124,-0.193182821631674,0.373767977690076,59.8773119817101,TRUE
-0.02,0.0124,-0.184047620504556,0.383190309874834,60.6311206622272,TRUE
-0.015,0.0124,-0.1749407591576,0.392554477499377,61.3787624938029,TRUE
-0.01,0.0124,-0.165863489441451,0.401859554525467,62.1201824928198,TRUE
-0.005,0.0124,-0.156817033163891,0.41110465412261,62.8553292423939,TRUE
0,0.0124,-0.147802581646709,0.420288928640875,63.5841548648689,TRUE
0.005,0.0124,-0.138821295332094,0.429411569533813,64.3066149903817,TRUE
0.01,0.0124,-0.129874303437942,0.438471807233025,65.0226687216669,TRUE
0.015,0.0124,-0.120962703661344,0.447468910975973,65.7322785952772,TRUE
0.02,0.0124,-0.112087561929432,0.456402188588723,66.4354105393937,TRUE
0.025,0.0124,-0.103249912196667,0.465270986225344,67.1320338284087,TRUE
0.03,0.0124,-0.0944507562875693,0.474074688065756,67.8221210344607,TRUE
0.035,0.0124,-0.0856910637837936,0.482812715973845,68.5056479761066,TRUE
0.04,0.0124,-0.0769717719544181,0.491484529117697,69.1825936643127,TRUE
0.045,0.0124,-0.068293785728203,0.50008962355386,69.85294024595,TRUE
0.05,0.0124,-0.059657977706551,0.508627531777512,70.5166729449755,TRUE
0.055,0.0124,-0.0510651882158347,0.517097822240473,71.1737800014825,TRUE
0.0600000000000001,0.0124,-0.042516225397708,0.52550009883898,71.8242526087985,TRUE
0.0650000000000001,0.0124,-0.0340118653359869,0.533834000373134,72.4680848488101,TRUE
0.0700000000000001,0.0124,-0.0255528522186419,0.542099199979963,73.1052736256897,TRUE
0.0750000000000001,0.0124,-0.0171398985334252,0.550295404541983,73.7358185981959,TRUE
0.08,0.0124,-0.00877368529563085,0.55842235407315,74.3597221107155,TRUE
0.085,0.0124,-0.000454862306465627,0.566479821084075,74.976989123214,TRUE
-0.225,0.0126,-0.531479340563224,0.000689818500890358,29.0391166582208,TRUE
-0.22,0.0126,-0.522418698901749,0.0112256105348438,29.9442639460207,TRUE
-0.215,0.0126,-0.513328523807606,0.0217594256144727,30.8475402225349,TRUE
-0.21,0.0126,-0.504210432165805,0.032289410026584,31.748787469463,TRUE
-0.205,0.0126,-0.495066054422198,0.0428137134280756,32.6478488544944,TRUE
-0.2,0.0126,-0.485897033128631,0.0533304904687902,33.5445688675049,TRUE
-0.195,0.0126,-0.476705021472984,0.063837902404141,34.4387934545728,TRUE
-0.19,0.0126,-0.467491681797155,0.0743341186942312,35.3303701495454,TRUE
-0.185,0.0126,-0.458258684106078,0.0848173185862431,36.2191482028957,TRUE
-0.18,0.0126,-0.449007704570865,0.0952856926769239,37.1049787076176,TRUE
-0.175,0.0126,-0.439740424029177,0.105737444452081,37.9877147219171,TRUE
-0.17,0.0126,-0.430458526485897,0.116170791800074,38.867211388469,TRUE
-0.165,0.0126,-0.421163697617182,0.126583968496385,39.7433260500178,TRUE
-0.16,0.0126,-0.41185762328093,0.136975225656459,40.6159183611158,TRUE
-0.155,0.0126,-0.402541988036633,0.147342833154114,41.4848503958015,TRUE
-0.15,0.0126,-0.393218473677585,0.157685081002935,42.3499867510378,TRUE
-0.145,0.0126,-0.383888757778277,0.168000280698221,43.2111946457395,TRUE
-0.14,0.0126,-0.374554512259814,0.178286766517158,44.0683440152377,TRUE
-0.135,0.0126,-0.365217401976048,0.188542896775055,44.9213076010399,TRUE
-0.13,0.0126,-0.35587908332306,0.198767055035633,45.7699610357618,TRUE
-0.125,0.0126,-0.346541202874514,0.208957651273497,46.6141829231202,TRUE
-0.12,0.0126,-0.337205396045298,0.219113122987085,47.4538549128931,TRUE
-0.115,0.0126,-0.32787328578576,0.229231936260556,48.2888617707676,TRUE
-0.11,0.0126,-0.318546481308723,0.239312586773238,49.1190914430111,TRUE
-0.105,0.0126,-0.309226576851325,0.249353600755426,49.9444351159177,TRUE
-0.1,0.0126,-0.299915150473621,0.259353535889488,50.7647872699958,TRUE
-0.095,0.0126,-0.290613762895741,0.269310982155391,51.5800457288782,TRUE
-0.09,0.0126,-0.281323956375234,0.279224562619964,52.3901117029514,TRUE
-0.085,0.0126,-0.272047253626139,0.289092934169327,53.1948898277134,TRUE
-0.08,0.0126,-0.262785156781132,0.298914788184136,53.9942881968843,TRUE
-0.075,0.0126,-0.253539146397965,0.308688851157398,54.7882183903093,TRUE
-0.07,0.0126,-0.244310680511301,0.318413885254829,55.5765954967025,TRUE
-0.065,0.0126,-0.23510119373084,0.32808868881782,56.3593381312962,TRUE
-0.06,0.0126,-0.225912096386559,0.337712096809287,57.1363684484721,TRUE
-0.055,0.0126,-0.216744773721674,0.347282981202765,57.9076121494588,TRUE
-0.05,0.0126,-0.207600585133854,0.356800251315303,58.6729984851955,TRUE
-0.045,0.0126,-0.198480863465027,0.366262854084803,59.4324602544685,TRUE
-0.04,0.0126,-0.189386914340013,0.375669774292609,60.1859337974373,TRUE
-0.035,0.0126,-0.180320015554071,0.385020034732238,60.9333589846771,TRUE
-0.03,0.0126,-0.171281416509323,0.394312696325302,61.6746792018712,TRUE
-0.025,0.0126,-0.162272337699887,0.403546858185728,62.4098413302941,TRUE
-0.02,0.0126,-0.153293970245452,0.412721657633522,63.1387957232335,TRUE
-0.015,0.0126,-0.144347475472861,0.421836270159386,63.8614961785049,TRUE
-0.01,0.0126,-0.135433984545237,0.43088990934161,64.577899907218,TRUE
-0.005,0.0126,-0.126554598138,0.4398818267167,65.2879674989567,TRUE
0,0.0126,-0.117710386161082,0.448811311605313,65.9916628835414,TRUE
0.005,0.0126,-0.108902387526534,0.457677690895093,66.6889532895432,TRUE
0.01,0.0126,-0.10013160996062,0.466480328782086,67.3798091997212,TRUE
0.015,0.0126,-0.091399029859443,0.475218626472436,68.0642043035592,TRUE
0.02,0.0126,-0.0827055921870403,0.483892021846117,68.7421154470749,TRUE
0.025,0.0126,-0.0740522104148427,0.492499989084479,69.413522580079,TRUE
0.03,0.0126,-0.065439766501317,0.501042038263415,70.0784087010579,TRUE
0.035,0.0126,-0.0568691109105625,0.509517714913971,70.7367597998578,TRUE
0.04,0.0126,-0.0483410626685768,0.517926599552235,71.3885647983402,TRUE
0.045,0.0126,-0.0398564094558724,0.52626830718034,72.0338154891844,TRUE
0.05,0.0126,-0.0314159077350755,0.534542486760423,72.6725064730044,TRUE
0.055,0.0126,-0.0230202829121222,0.542748820663372,73.3046350939488,TRUE
0.0600000000000001,0.0126,-0.0146702295296302,0.550887024094176,73.9302013739466,TRUE
0.0650000000000001,0.0126,-0.0063664114910086,0.55895684449568,74.5492079457622,TRUE
-0.24,0.0128,-0.525500291698551,0.00529266029328788,29.5941778712614,TRUE
-0.235,0.0128,-0.516485161041978,0.01576001881065,30.4927035796226,TRUE
-0.23,0.0128,-0.507441678436211,0.0262246377780255,31.3893057699297,TRUE
-0.225,0.0128,-0.498371435482984,0.0366847002585103,32.2838299452532,TRUE
-0.22,0.0128,-0.489276036339097,0.0471383932709264,33.1761228257321,TRUE
-0.215,0.0128,-0.48015709630153,0.0575839093573521,34.0660324795677,TRUE
-0.21,0.0128,-0.471016240379327,0.0680194481394879,34.9534084518034,TRUE
-0.205,0.0128,-0.461855101855194,0.0784432178607503,35.8381018906372,TRUE
-0.2,0.0128,-0.45267532083975,0.0888534369110243,36.7199656710219,TRUE
-0.195,0.0128,-0.443478542821409,0.0992483353310819,37.598854515316,TRUE
-0.19,0.0128,-0.434266417214824,0.109626156293732,38.4746251107565,TRUE
-0.185,0.0128,-0.425040595910859,0.119985157558868,39.3471362235397,TRUE
-0.18,0.0128,-0.415802731830998,0.130323612899651,40.2162488093009,TRUE
-0.175,0.0128,-0.406554477489057,0.140639813497189,41.0818261198002,TRUE
-0.17,0.0128,-0.397297483563073,0.15093206930117,41.9437338056331,TRUE
-0.165,0.0128,-0.388033397480116,0.161198710354035,42.801840014794,TRUE
-0.16,0.0128,-0.378763862016762,0.171438088076381,43.6560154869402,TRUE
-0.155,0.0128,-0.369490513917872,0.181648576511457,44.5061336432106,TRUE
-0.15,0.0128,-0.360214982536232,0.191828573526706,45.3520706714722,TRUE
-0.145,0.0128,-0.350938888495536,0.201976501970497,46.193705606881,TRUE
-0.14,0.0128,-0.341663842379087,0.21209081078229,47.0309204076547,TRUE
-0.135,0.0128,-0.332391443446483,0.22216997605468,47.863600025975,TRUE
-0.13,0.0128,-0.323123278380462,0.232212502045881,48.691632473946,TRUE
-0.125,0.0128,-0.31386092006593,0.242216922141379,49.5149088845537,TRUE
-0.12,0.0128,-0.304605926403128,0.252181799763667,50.3333235675854,TRUE
-0.115,0.0128,-0.295359839156707,0.262105729229084,51.1467740604789,TRUE
-0.11,0.0128,-0.286124182842397,0.271987336550992,51.9551611740918,TRUE
-0.105,0.0128,-0.276900463652807,0.281825280188641,52.7583890333871,TRUE
-0.1,0.0128,-0.267690168423745,0.291618251741269,53.556365113053,TRUE
-0.095,0.0128,-0.258494763642345,0.301364976587089,54.3490002680814,TRUE
-0.09,0.0128,-0.249315694498103,0.311064214467033,55.136208759345,TRUE
-0.085,0.0128,-0.240154383977835,0.320714760013197,55.9179082742277,TRUE
-0.08,0.0128,-0.231012232005393,0.330315443222152,56.6940199423683,TRUE
-0.075,0.0128,-0.221890614626856,0.339865129873359,57.4644683465957,TRUE
-0.07,0.0128,-0.212790883241778,0.349362721893119,58.2291815291404,TRUE
-0.065,0.0128,-0.203714363880932,0.358807157664574,58.9880909932178,TRUE
-0.06,0.0128,-0.194662356530866,0.36819741228444,59.7411317000884,TRUE
-0.055,0.0128,-0.185636134505444,0.377532497767238,60.4882420617109,TRUE
-0.05,0.0128,-0.176636943864439,0.386811463197924,61.2293639291075,TRUE
-0.045,0.0128,-0.167666002879114,0.396033394833923,61.9644425765738,TRUE
-0.04,0.0128,-0.158724501544595,0.405197416157658,62.6934266818682,TRUE
-0.035,0.0128,-0.149813601138754,0.414302687880773,63.4162683025245,TRUE
-0.03,0.0128,-0.140934433827192,0.423348407901333,64.1329228484343,TRUE
-0.025,0.0128,-0.132088102313807,0.432333811215347,64.8433490508542,TRUE
-0.02,0.0128,-0.123275679536358,0.441258169784053,65.5475089279922,TRUE
-0.015,0.0128,-0.114498208406308,0.45012079235845,66.2453677473366,TRUE
-0.01,0.0128,-0.105756701592168,0.458921024262632,66.936893984887,TRUE
-0.005,0.0128,-0.0970521413454719,0.467658247137519,67.6220592814557,TRUE
0,0.0128,-0.0883854793684534,0.476331878646626,68.300838396205,TRUE
0.005,0.0128,-0.079757636722385,0.484941372145549,68.9732091575878,TRUE
0.01,0.0128,-0.0711695037755321,0.493486216316876,69.6391524118603,TRUE
0.015,0.0128,-0.0626219401895697,0.501965934772244,70.298651969334,TRUE
0.02,0.0128,-0.0541157749432877,0.510380085623289,70.9516945485351,TRUE
0.025,0.0128,-0.0456518063923482,0.518728261023254,71.5982697184361,TRUE
0.03,0.0128,-0.0372308023638279,0.527010086680991,72.2383698389248,TRUE
0.035,0.0128,-0.0288535002842361,0.535225221349138,72.8719899996727,TRUE
0.04,0.0128,-0.0205206073396799,0.543373356288197,73.4991279575616,TRUE
0.045,0.0128,-0.0122328006668144,0.551454214708271,74.1197840728271,TRUE
0.05,0.0128,-0.00399072757320334,0.559467551190164,74.7339612440699,TRUE
-0.255,0.013,-0.519574037161762,0.0098361170022287,30.1407535795403,TRUE
-0.25,0.013,-0.510604705410249,0.0202352262220568,31.0326849568234,TRUE
-0.245,0.013,-0.501608170644253,0.0306308636443022,31.9226431757342,TRUE
-0.24,0.013,-0.492585999215029,0.0410212486085844,32.8104772020436,TRUE
-0.235,0.013,-0.483539769071104,0.0514046049540381,33.6960372461866,TRUE
-0.23,0.013,-0.474471068382874,0.0617791625329552,34.5791748892118,TRUE
-0.225,0.013,-0.465381494155741,0.0721431587124413,35.4597432064913,TRUE
-0.22,0.013,-0.456272650834576,0.0824948398611278,36.3375968889547,TRUE
-0.215,0.013,-0.447146148902357,0.0928324628180379,37.2125923616137,TRUE
-0.21,0.013,-0.438003603475792,0.103154296340763,38.0845878991556,TRUE
-0.205,0.013,-0.428846632900751,0.113458622530186,38.9534437383919,TRUE
-0.2,0.013,-0.41967685735032,0.123743738229058,39.8190221873591,TRUE
-0.195,0.013,-0.410495897428235,0.134007956391849,40.681187730879,TRUE
-0.19,0.013,-0.401305372780446,0.144249607423368,41.539807132397,TRUE
-0.185,0.013,-0.392106900717497,0.154467040483768,42.3947495319297,TRUE
-0.18,0.013,-0.38290209485037,0.164658624757673,43.2458865399634,TRUE
-0.175,0.013,-0.37369256374234,0.174822750685268,44.0930923271606,TRUE
-0.17,0.013,-0.364479909579369,0.184957831153346,44.9362437097427,TRUE
-0.165,0.013,-0.355265726861441,0.195062302644407,45.7752202304301,TRUE
-0.16,0.013,-0.346051601117176,0.205134626342073,46.6099042348359,TRUE
-0.155,0.013,-0.336839107643951,0.215173289191204,47.4401809432238,TRUE
-0.15,0.013,-0.327629810275673,0.225176804911265,48.2659385175501,TRUE
-0.145,0.013,-0.318425260180235,0.235143714961605,49.0870681237302,TRUE
-0.14,0.013,-0.309226994688555,0.245072589457515,49.9034639890781,TRUE
-0.135,0.013,-0.300036536157022,0.254962028036024,50.7150234548843,TRUE
-0.13,0.013,-0.290855390865002,0.264810660670586,51.5216470241091,TRUE
-0.125,0.013,-0.281685047948985,0.274617148433947,52.3232384041845,TRUE
-0.12,0.013,-0.272526978374788,0.284380184208618,53.1197045449265,TRUE
-0.115,0.013,-0.263382633949113,0.294098493344559,53.9109556715771,TRUE
-0.11,0.013,-0.254253446371643,0.303770834263796,54.6969053130044,TRUE
-0.105,0.013,-0.245140826328698,0.313395999011859,55.4774703251022,TRUE
-0.1,0.013,-0.236046162629382,0.322972813756053,56.2525709094433,TRUE
-0.095,0.013,-0.226970821384967,0.332500139230725,57.0221306272489,TRUE
-0.09,0.013,-0.217916145232195,0.341976871129813,57.7860764087499,TRUE
-0.085,0.013,-0.208883452600988,0.351401940447097,58.5443385580244,TRUE
-0.08,0.013,-0.199874037026977,0.360774313764695,59.2968507534056,TRUE
-0.075,0.013,-0.190889166509102,0.370092993490458,60.0435500435623,TRUE
-0.07,0.013,-0.181930082912437,0.379357018045042,60.7843768393641,TRUE
-0.065,0.013,-0.172998001416264,0.38856546199952,61.5192749016489,TRUE
-0.06,0.013,-0.164094110007307,0.397717436164539,62.2481913250189,TRUE
-0.055,0.013,-0.155219569017924,0.406812087632056,62.9710765177977,TRUE
-0.05,0.013,-0.146375510708955,0.415848599770839,63.6878841782842,TRUE
-0.045,0.013,-0.137563038896818,0.424826192176957,64.3985712674479,TRUE
-0.04,0.013,-0.128783228624344,0.433744120580566,65.1030979782116,TRUE
-0.035,0.013,-0.120037125874757,0.442601676710381,65.8014277014725,TRUE
-0.03,0.013,-0.111325747328109,0.451398188117258,66.4935269890156,TRUE
-0.025,0.013,-0.10265008015941,0.460133017958373,67.1793655134757,TRUE
-0.02,0.013,-0.0940110818776153,0.468805564743545,67.858916025507,TRUE
-0.015,0.013,-0.0854096802045353,0.477415262045273,68.5321543083189,TRUE
-0.01,0.013,-0.0768467729927194,0.485961578174083,69.1990591297394,TRUE
-0.005,0.013,-0.0683232281812543,0.494444015820834,69.8596121919667,TRUE
0,0.013,-0.059839883788395,0.502862111667633,70.5137980791696,TRUE
0.005,0.013,-0.0513975479398895,0.511215435969016,71.1616042030956,TRUE
0.01,0.013,-0.0429969989318114,0.519503592105094,71.8030207468465,TRUE
0.015,0.013,-0.0346389853266838,0.527726216108326,72.4380406069778,TRUE
0.02,0.013,-0.0263242260816433,0.535882976165602,73.0666593340765,TRUE
0.025,0.013,-0.0180534107073624,0.543973572097317,73.6888750719701,TRUE
0.03,0.013,-0.0098271994564368,0.551997734815078,74.3046884957165,TRUE
0.035,0.013,-0.00164622353991285,0.559955225759703,74.9141027485207,TRUE
-0.275,0.0132,-0.522596479198905,0.00398722943438407,29.7917214026447,TRUE
-0.27,0.0132,-0.513700818728943,0.0143207230594782,30.6789591396971,TRUE
-0.265,0.0132,-0.504777543043634,0.0246517905800123,31.5643256262425,TRUE
-0.26,0.0132,-0.49582818129595,0.0349786835661215,32.4476720853163,TRUE
-0.255,0.0132,-0.486854274648549,0.0452996571203404,33.3288508858434,TRUE
-0.25,0.0132,-0.477857374949866,0.0556129713486591,34.2077156657222,TRUE
-0.245,0.0132,-0.468839043397672,0.0659168928217209,35.0841214528863,TRUE
-0.24,0.0132,-0.459800849192808,0.076209696023314,35.9579247841111,TRUE
-0.235,0.0132,-0.450744368185746,0.0864896647833438,36.8289838213401,TRUE
-0.23,0.0132,-0.441671181518711,0.0967550936925361,37.6971584653125,TRUE
-0.225,0.0132,-0.432582874266046,0.107004289496183,38.5623104662835,TRUE
-0.22,0.0132,-0.423481034075509,0.117235572464315,39.4243035316366,TRUE
-0.215,0.0132,-0.41436724981318,0.127447277735761,40.2830034301973,TRUE
-0.21,0.0132,-0.40524311021461,0.137637756633662,41.1382780930696,TRUE
-0.205,0.0132,-0.396110202544804,0.147805377950083,41.9899977108247,TRUE
-0.2,0.0132,-0.386970111269611,0.157948529197485,42.8380348268856,TRUE
-0.195,0.0132,-0.377824416740996,0.168065617824935,43.6822644269615,TRUE
-0.19,0.0132,-0.368674693898639,0.178155072397026,44.5225640243981,TRUE
-0.185,0.0132,-0.359522510990216,0.188215343733643,45.3588137413242,TRUE
-0.18,0.0132,-0.350369428312655,0.198244906008783,46.1908963854845,TRUE
-0.175,0.0132,-0.341216996976538,0.208242257806838,47.018697522665,TRUE
-0.17,0.0132,-0.332066757695787,0.218205923134821,47.8421055446278,TRUE
-0.165,0.0132,-0.322920239604614,0.228134452389188,48.661011732487,TRUE
-0.16,0.0132,-0.313778959103643,0.23802642327606,49.4753103154693,TRUE
-0.155,0.0132,-0.304644418737012,0.247880441683754,50.2848985250162,TRUE
-0.15,0.0132,-0.295518106102121,0.25769514250671,51.0896766441991,TRUE
-0.145,0.0132,-0.28640149279361,0.267469190420035,51.8895480524289,TRUE
-0.14,0.0132,-0.277296033382999,0.277201280604006,52.6844192654563,TRUE
-0.135,0.0132,-0.268203164435335,0.286890139418066,53.4741999706712,TRUE
-0.13,0.0132,-0.259124303564045,0.29653452502393,54.2588030577194,TRUE
-0.125,0.0132,-0.250060848525068,0.306133227957605,55.0381446444707,TRUE
-0.12,0.0132,-0.241014176351242,0.315685071650225,55.8121440983789,TRUE
-0.115,0.0132,-0.231985642527764,0.325188912897775,56.5807240532886,TRUE
-0.11,0.0132,-0.222976580209437,0.334643642279868,57.3438104217527,TRUE
-0.105,0.0132,-0.213988299480287,0.344048184527888,58.1013324029342,TRUE
-0.1,0.0132,-0.205022086656018,0.353401498842935,58.853222486176,TRUE
-0.095,0.0132,-0.196079203629642,0.362702579164099,59.5994164503309,TRUE
-0.09,0.0132,-0.187160887260516,0.371950454387738,60.3398533589512,TRUE
-0.085,0.0132,-0.178268348806887,0.381144188538494,61.0744755514472,TRUE
-0.08,0.0132,-0.169402773401963,0.390282880892938,61.8032286303289,TRUE
-0.075,0.0132,-0.160565319573372,0.399365666056761,62.5260614446527,TRUE
-0.07,0.0132,-0.151757118805827,0.408391713996583,63.2429260698005,TRUE
-0.065,0.0132,-0.142979275146659,0.417360230027474,63.9537777837234,TRUE
-0.06,0.0132,-0.134232864853815,0.42627045475741,64.6585750397889,TRUE
-0.055,0.0132,-0.125518936085834,0.435121663989897,65.3572794363709,TRUE
-0.05,0.0132,-0.116838508633182,0.44391316858612,66.0498556833289,TRUE
-0.045,0.0132,-0.108192573690314,0.452644314287974,66.7362715655233,TRUE
-0.04,0.0132,-0.0995820936676805,0.461314481503419,67.4164979035175,TRUE
-0.035,0.0132,-0.0910080020428935,0.469923085055638,68.0905085116174,TRUE
-0.03,0.0132,-0.0824712032501422,0.478469573897493,68.7582801534028,TRUE
-0.025,0.0132,-0.0739725726069316,0.486953430792828,69.4197924949032,TRUE
-0.02,0.0132,-0.0655129562771349,0.495374171966186,70.0750280555715,TRUE
-0.015,0.0132,-0.0570931712693115,0.50373134672252,70.7239721572105,TRUE
-0.01,0.0132,-0.0487140054691975,0.512024537038489,71.3666128710032,TRUE
-0.005,0.0132,-0.0403762177052308,0.520253357126956,72.0029409628002,TRUE
0,0.0132,-0.0320805378459417,0.528417452976283,72.6329498368116,TRUE
0.005,0.0132,-0.0238276669280099,0.53651650186603,73.2566354778539,TRUE
0.01,0.0132,-0.0156182773137643,0.544550211860658,73.8739963922958,TRUE
0.015,0.0132,-0.0074530128768758,0.552518321282817,74.4850335478456,TRUE
-0.29,0.0134,-0.516731315763121,0.00848063983664741,30.3281587096849,TRUE
-0.285,0.0134,-0.507880829168396,0.0187470302380497,31.2089105592302,TRUE
-0.28,0.0134,-0.499003837104115,0.0290102857567573,32.0877436496626,TRUE
-0.275,0.0134,-0.490101844527221,0.0392686926839561,32.9645125210045,TRUE
-0.27,0.0134,-0.481176367500704,0.0495205413594857,33.8390728850877,TRUE
-0.265,0.0134,-0.472228931906475,0.0597641275926715,34.7112817439292,TRUE
-0.26,0.0134,-0.463261072147322,0.0699977540725262,35.580997506062,TRUE
-0.255,0.0134,-0.454274329840536,0.0802197317646115,36.4480801006008,TRUE
-0.25,0.0134,-0.44527025250577,0.0904283812919,37.3123910888303,TRUE
-0.245,0.0134,-0.436250392249719,0.100622034297022,38.1737937731112,TRUE
-0.24,0.0134,-0.427216304450198,0.110799034783362,39.0321533029062,TRUE
-0.235,0.0134,-0.418169546442174,0.120957740432523,39.8873367777399,TRUE
-0.23,0.0134,-0.409111676208298,0.131096523895779,40.7392133469138,TRUE
-0.225,0.0134,-0.400044251076439,0.141213774057206,41.5876543058081,TRUE
-0.22,0.0134,-0.390968826426693,0.151307897266287,42.4325331886133,TRUE
-0.215,0.0134,-0.381886954410277,0.161377318537889,43.2737258573456,TRUE
-0.21,0.0134,-0.372800182682681,0.171420482717611,44.1111105870104,TRUE
-0.205,0.0134,-0.363710053153378,0.181435855610625,44.9445681467912,TRUE
-0.2,0.0134,-0.354618100754307,0.191421925072244,45.7739818771518,TRUE
-0.195,0.0134,-0.345525852229303,0.201377202058578,46.5992377627546,TRUE
-0.19,0.0134,-0.336434824946517,0.211300221635761,47.4202245011056,TRUE
-0.185,0.0134,-0.327346525735828,0.221189543946373,48.2368335668541,TRUE
-0.18,0.0134,-0.318262449753118,0.231043755131796,49.0489592716843,TRUE
-0.175,0.0134,-0.309184079373195,0.240861468209396,49.8564988197494,TRUE
-0.17,0.0134,-0.300112883113048,0.250641323903549,50.6593523586113,TRUE
-0.165,0.0134,-0.291050314587011,0.260381991429656,51.4574230256622,TRUE
-0.16,0.0134,-0.281997811495287,0.270082169230465,52.2506169900136,TRUE
-0.155,0.0134,-0.272956794647198,0.279740585664095,53.0388434898549,TRUE
-0.15,0.0134,-0.26392866702038,0.289355999643352,53.8220148652889,TRUE
-0.145,0.0134,-0.254914812857049,0.298927201226028,54.6000465866708,TRUE
-0.14,0.0134,-0.245916596798338,0.308453012155993,55.3728572784802,TRUE
-0.135,0.0134,-0.236935363057579,0.317932286355067,56.1403687387722,TRUE
-0.13,0.0134,-0.227972434633304,0.327363910365726,56.9025059542618,TRUE
-0.125,0.0134,-0.219029112562598,0.336746803744864,57.6591971111036,TRUE
-0.12,0.0134,-0.210106675215337,0.346079919408922,58.4103736014419,TRUE
-0.115,0.0134,-0.201206377629738,0.355362243930825,59.1559700258124,TRUE
-0.11,0.0134,-0.192329450889487,0.364592797789271,59.8959241914847,TRUE
-0.105,0.0134,-0.183477101542676,0.373770635571012,60.6301771068448,TRUE
-0.1,0.0134,-0.174650511062589,0.382894846126892,61.3586729719219,TRUE
-0.095,0.0134,-0.165850835350342,0.391964552682456,62.0813591651707,TRUE
-0.09,0.0134,-0.157079204279233,0.400978912904087,62.7981862266274,TRUE
-0.085,0.0134,-0.148336721280582,0.409937118921651,63.5091078375627,TRUE
-0.08,0.0134,-0.139624462970739,0.418838397308763,64.214080796758,TRUE
-0.075,0.0134,-0.13094347881885,0.427682009021809,64.9130649935393,TRUE
-0.07,0.0134,-0.122294790854891,0.436467249298957,65.6060233777034,TRUE
-0.065,0.0134,-0.113679393417378,0.445193447520419,66.2929219264752,TRUE
-0.06,0.0134,-0.105098252940114,0.453859967031312,66.9737296086392,TRUE
-0.055,0.0134,-0.0965523077772418,0.462466204928473,67.6484183459878,TRUE
-0.05,0.0134,-0.0880424680658026,0.471011591812659,68.3169629722324,TRUE
-0.045,0.0134,-0.0795696156249577,0.479495591507569,68.9793411895233,TRUE
-0.04,0.0134,-0.0711346038909533,0.487917700747164,69.6355335227257,TRUE
-0.035,0.0134,-0.0627382578868661,0.496277448832787,70.2855232715997,TRUE
-0.03,0.0134,-0.0543813742261212,0.504574397261609,70.9292964610288,TRUE
-0.025,0.0134,-0.0460647211487279,0.512808139327898,71.5668417894448,TRUE
-0.02,0.0134,-0.037789038589143,0.520978299698683,72.1981505755938,TRUE
-0.015,0.0134,-0.0295550382746396,0.529084533965317,72.823216703785,TRUE
-0.01,0.0134,-0.0213634038530336,0.537126528172489,73.4420365677642,TRUE
-0.005,0.0134,-0.0132147910485901,0.545103998326208,74.0546090133521,TRUE
0,0.0134,-0.0051098278449231,0.553016689882272,74.6609352799815,TRUE
-0.31,0.0136,-0.519697484308169,0.00271445457308974,29.9803105006706,TRUE
-0.305,0.0136,-0.51091929748697,0.0129160966253903,30.8564275808222,TRUE
-0.3,0.0136,-0.502114214714652,0.0231156060050048,31.7307243160428,TRUE
-0.295,0.0136,-0.493283705337713,0.0333113000787921,32.6030574266154,TRUE
-0.29,0.0136,-0.484429250187592,0.0435014993604912,33.473284711826,TRUE
-0.285,0.0136,-0.475552340341646,0.0536845288913712,34.341265165627,TRUE
-0.28,0.0136,-0.466654475872295,0.0638587196121869,35.206859090453,TRUE
-0.275,0.0136,-0.457737164586758,0.0740224097238243,36.0699282089746,TRUE
-0.27,0.0136,-0.448801920759848,0.0841739460340662,36.9303357735841,TRUE
-0.265,0.0136,-0.439850263862285,0.0943116852879487,37.787946673412,TRUE
-0.26,0.0136,-0.430883717286997,0.104433995479238,38.6426275386821,TRUE
-0.255,0.0136,-0.421903807075863,0.114539257140625,39.4942468422196,TRUE
-0.25,0.0136,-0.41291206064934,0.124625864610297,40.342674997938,TRUE
-0.245,0.0136,-0.403910005541387,0.134692227272641,41.1877844561364,TRUE
-0.24,0.0136,-0.394899168142074,0.144736770770902,42.0294497954521,TRUE
-0.235,0.0136,-0.385881072450205,0.154757938189735,42.8675478113214,TRUE
-0.23,0.0136,-0.376857238838263,0.16475419120565,43.7019576008117,TRUE
-0.225,0.0136,-0.367829182831898,0.174724011203513,44.5325606437024,TRUE
-0.22,0.0136,-0.358798413906141,0.184665900357316,45.3592408796976,TRUE
-0.215,0.0136,-0.349766434300451,0.194578382673575,46.1818847816718,TRUE
-0.21,0.0136,-0.340734737854605,0.204460004995837,47.0003814248551,TRUE
-0.205,0.0136,-0.331704808867409,0.214309337968881,47.814622551881,TRUE
-0.2,0.0136,-0.322678120980055,0.224124976961332,48.6245026336288,TRUE
-0.195,0.0136,-0.313656136085921,0.233905542945531,49.4299189258058,TRUE
-0.19,0.0136,-0.304640303268476,0.243649683333643,50.2307715212258,TRUE
-0.185,0.0136,-0.295632057768861,0.253356072769084,51.0269633977535,TRUE
-0.18,0.0136,-0.286632819984617,0.263023413872528,51.8184004618925,TRUE
-0.175,0.0136,-0.277643994500936,0.272650437941821,52.604991588011,TRUE
-0.17,0.0136,-0.268666969155671,0.282235905605329,53.3866486532069,TRUE
-0.165,0.0136,-0.25970311413927,0.291778607428302,54.1632865678253,TRUE
-0.16,0.0136,-0.250753781130661,0.301277364472021,54.9348233016546,TRUE
-0.155,0.0136,-0.241820302470004,0.310731028805596,55.701179905834,TRUE
-0.15,0.0136,-0.232903990369138,0.320138483970384,56.4622805305193,TRUE
-0.145,0.0136,-0.224006136160404,0.329498645397167,57.2180524383588,TRUE
-0.14,0.0136,-0.215128009584437,0.338810460776274,57.9684260138455,TRUE
-0.135,0.0136,-0.206270858117408,0.348072910381017,58.7133347686154,TRUE
-0.13,0.0136,-0.197435906338076,0.35728500734486,59.4527153427732,TRUE
-0.125,0.0136,-0.18862435533491,0.366445797892865,60.1865075023342,TRUE
-0.12,0.0136,-0.179837382153436,0.375554361528066,60.9146541328757,TRUE
-0.115,0.0136,-0.171076139283874,0.384609811173496,61.6371012295019,TRUE
-0.11,0.0136,-0.16234175418899,0.39361129327069,62.3537978832293,TRUE
-0.105,0.0136,-0.153635328872053,0.402557987835565,63.0646962639056,TRUE
-0.1,0.0136,-0.144957939484633,0.411449108472663,63.7697515997827,TRUE
-0.095,0.0136,-0.136310635973937,0.420283902348795,64.468922153865,TRUE
-0.09,0.0136,-0.127694441769258,0.429061650127223,65.1621691971622,TRUE
-0.085,0.0136,-0.119110353507057,0.437781665863525,65.8494569789752,TRUE
-0.08,0.0136,-0.110559340794106,0.446443296864411,66.5307526943505,TRUE
-0.075,0.0136,-0.102042346008056,0.455045923510726,67.206026448838,TRUE
-0.07,0.0136,-0.0935602841347211,0.463588959045996,67.8752512206908,TRUE
-0.065,0.0136,-0.0851140426413205,0.472071849331852,68.5384028206454,TRUE
-0.06,0.0136,-0.0767044813848339,0.480494072571729,69.1954598494236,TRUE
-0.055,0.0136,-0.068332432554606,0.488855139004252,69.8464036530956,TRUE
-0.05,0.0136,-0.0599987006482666,0.497154590567746,70.4912182764459,TRUE
-0.045,0.0136,-0.0517040624799906,0.505392000537318,71.1298904144825,TRUE
-0.04,0.0136,-0.0434492672200903,0.513566973135971,71.7624093622268,TRUE
-0.035,0.0136,-0.0352350364648919,0.521679143121223,72.3887669629257,TRUE
-0.03,0.0136,-0.0270620643358191,0.529728175348692,73.0089575548196,TRUE
-0.025,0.0136,-0.0189310176065831,0.537713764314115,73.6229779166033,TRUE
-0.02,0.0136,-0.0108425358573545,0.545635633675264,74.2308272117106,TRUE
-0.015,0.0136,-0.00279723165477272,0.553493535755185,74.8325069315546,TRUE
-0.325,0.0138,-0.513894207190638,0.00715847113932778,30.5069027995812,TRUE
-0.32,0.0138,-0.505160554436083,0.0172941609308498,31.3766429113802,TRUE
-0.315,0.0138,-0.496401077469021,0.0274270319543114,32.2445171893042,TRUE
-0.31,0.0138,-0.487617222458234,0.0375554348000531,33.1103855302477,TRUE
-0.305,0.0138,-0.478810446204992,0.0476777236954124,33.974108934473,TRUE
-0.3,0.0138,-0.469982214938284,0.0577922578385727,34.8355496168798,TRUE
-0.295,0.0138,-0.461134003099684,0.0678974027229897,35.6945711164068,TRUE
-0.29,0.0138,-0.452267292120218,0.0779915314499195,36.5510384033612,TRUE
-0.285,0.0138,-0.443383569191567,0.0880730260266007,37.4048179844817,TRUE
-0.28,0.0138,-0.434484326033972,0.0981402786476962,38.2557780055468,TRUE
-0.275,0.0138,-0.425571057663199,0.108191692957654,39.103788351346,TRUE
-0.27,0.0138,-0.416645261158887,0.118225685291721,39.9487207428419,TRUE
-0.265,0.0138,-0.407708434436627,0.128240685893391,40.7904488313573,TRUE
-0.26,0.0138,-0.398762075026054,0.138235140106184,41.6288482896335,TRUE
-0.255,0.0138,-0.38980767885721,0.148207509537689,42.4637968996114,TRUE
-0.25,0.0138,-0.380846739057413,0.15815627319395,43.295174636801,TRUE
-0.245,0.0138,-0.37188074476079,0.168079928582313,44.1228637511125,TRUE
-0.24,0.0138,-0.362911179932594,0.177976992781005,44.9467488440329,TRUE
-0.235,0.0138,-0.353939522210365,0.187846003473782,45.7667169420446,TRUE
-0.23,0.0138,-0.344967241763903,0.197685519948121,46.5826575661903,TRUE
-0.225,0.0138,-0.335995800175985,0.207494124055525,47.3944627977039,TRUE
-0.22,0.0138,-0.327026649345649,0.217270421132634,48.2020273396334,TRUE
-0.215,0.0138,-0.318061230415791,0.227013040881966,49.0052485743973,TRUE
-0.21,0.0138,-0.309100972726739,0.236720638211202,49.8040266172246,TRUE
-0.205,0.0138,-0.300147292797372,0.246391894030089,50.5982643654413,TRUE
-0.2,0.0138,-0.291201593335257,0.256025516004124,51.3878675435764,TRUE
-0.195,0.0138,-0.28226526227718,0.26562023926433,52.1727447442715,TRUE
-0.19,0.0138,-0.273339671861328,0.275174827072546,52.9528074649904,TRUE
-0.185,0.0138,-0.264426177732318,0.284688071441776,53.7279701405331,TRUE
-0.18,0.0138,-0.255526118080109,0.294158793711263,54.4981501713712,TRUE
-0.175,0.0138,-0.24664081281378,0.303585845076086,55.2632679478309,TRUE
-0.17,0.0138,-0.237771562770998,0.312968107071164,56.0232468701598,TRUE
-0.165,0.0138,-0.228919648963955,0.322304492009711,56.7780133645216,TRUE
-0.16,0.0138,-0.220086331862376,0.331593943376245,57.527496894975,TRUE
-0.155,0.0138,-0.21127285071416,0.340835436174417,58.271629971498,TRUE
-0.15,0.0138,-0.202480422904065,0.350027977229982,59.0103481541295,TRUE
-0.145,0.0138,-0.193710243350762,0.359170605449368,59.7435900533072,TRUE
-0.14,0.0138,-0.184963483942492,0.368262392034374,60.4712973264861,TRUE
-0.135,0.0138,-0.176241293011445,0.37730244065364,61.1934146711325,TRUE
-0.13,0.0138,-0.167544794846874,0.386289887571602,61.9098898141913,TRUE
-0.125,0.0138,-0.158875089246908,0.395223901735723,62.6206734981302,TRUE
-0.12,0.0138,-0.150233251108878,0.404103684822903,63.3257194636729,TRUE
-0.115,0.0138,-0.14162033005793,0.412928471245993,64.0249844293337,TRUE
-0.11,0.0138,-0.133037350113588,0.42169752812144,64.7184280678735,TRUE
-0.105,0.0138,-0.12448530939387,0.430410155199145,65.4060129797992,TRUE
-0.1,0.0138,-0.11596517985646,0.439065684755655,66.0877046640323,TRUE
-0.095,0.0138,-0.107477907076392,0.447663481451885,66.7634714858739,TRUE
-0.09,0.0138,-0.0990244100596219,0.456202942156593,67.4332846423985,TRUE
-0.085,0.0138,-0.0906055810917939,0.464683495736866,68.0971181254074,TRUE
-0.08,0.0138,-0.0822222856214693,0.473104602816941,68.7549486820749,TRUE
-0.075,0.0138,-0.0738753621770077,0.481465755506673,69.4067557734224,TRUE
-0.07,0.0138,-0.0655656223162569,0.489766477101014,70.0525215307552,TRUE
-0.065,0.0138,-0.0572938506081589,0.498006321751873,70.692230710195,TRUE
-0.06,0.0138,-0.0490608046453299,0.506184874113745,71.3258706454444,TRUE
-0.055,0.0138,-0.0408672150866497,0.514301748964518,71.9534311989139,TRUE
-0.05,0.0138,-0.0327137857288504,0.522356590802842,72.5749047113473,TRUE
-0.045,0.0138,-0.0246011936060751,0.530349073423478,73.1902859500718,TRUE
-0.04,0.0138,-0.0165300891163491,0.538278899472021,73.7995720560051,TRUE
-0.035,0.0138,-0.00850109617388433,0.546145799980388,74.402762489544,TRUE
-0.03,0.0138,-0.000514812386130692,0.553949533884464,74.9998589754601,TRUE
-0.345,0.014,-0.516806807040455,0.00147360502234962,30.1603589822357,TRUE
-0.34,0.014,-0.508144087596546,0.0115454354354351,31.0255248248777,TRUE
-0.335,0.014,-0.499455173795624,0.0216154076889656,31.8889198640402,TRUE
-0.33,0.014,-0.490741477725507,0.0316819023179036,32.7504061012058,TRUE
-0.325,0.014,-0.482004422454738,0.0417433026533026,33.6098465540307,TRUE
-0.32,0.014,-0.473245440872756,0.0517979961182716,34.4671053650491,TRUE
-0.315,0.014,-0.46446597451888,0.061844375516279,35.3220479086877,TRUE
-0.31,0.014,-0.455667472402336,0.0718808403093992,36.1745408963968,TRUE
-0.305,0.014,-0.44685138981556,0.0819057978841448,37.024452479705,TRUE
-0.3,0.014,-0.438019187143028,0.0919176648025623,37.8716523510157,TRUE
-0.295,0.014,-0.429172328667877,0.101914868036326,38.7160118419651,TRUE
-0.29,0.014,-0.420312281378546,0.111895846181615,39.5574040191742,TRUE
-0.285,0.014,-0.411440513777686,0.121859050652623,40.3957037772309,TRUE
-0.28,0.014,-0.402558494695532,0.131802946851622,41.2307879287479,TRUE
-0.275,0.014,-0.393667692109942,0.141726015313584,42.0625352913523,TRUE
-0.27,0.014,-0.384769571975221,0.151626752823427,42.8908267714694,TRUE
-0.265,0.014,-0.375865597061867,0.16150367350407,43.7155454447748,TRUE
-0.26,0.014,-0.366957225809263,0.17135530987354,44.5365766331977,TRUE
-0.255,0.014,-0.358045911193346,0.181180213869508,45.3538079783685,TRUE
-0.25,0.014,-0.349133099611168,0.190976957839706,46.1671295114143,TRUE
-0.245,0.014,-0.340220229784232,0.200744135496782,46.9764337190164,TRUE
-0.24,0.014,-0.331308731682413,0.210480362836294,47.7816156056541,TRUE
-0.235,0.014,-0.322400025470168,0.220184279016603,48.5825727519701,TRUE
-0.23,0.014,-0.313495520476695,0.22985454719958,49.3792053692043,TRUE
-0.225,0.014,-0.304596614191597,0.239489855351143,50.171416349651,TRUE
-0.22,0.014,-0.295704691287511,0.249088917000748,50.9591113131086,TRUE
-0.215,0.014,-0.286821122671086,0.258650471959087,51.7421986492986,TRUE
-0.21,0.014,-0.277947264563598,0.268173286993369,52.5205895562424,TRUE
-0.205,0.014,-0.269084457612371,0.277656156459643,53.2941980745956,TRUE
-0.2,0.014,-0.260234026034117,0.287097902891789,54.0629411179454,TRUE
-0.195,0.014,-0.251397276791152,0.296497377546871,54.8267384990931,TRUE
-0.19,0.014,-0.2425754988014,0.305853460906684,55.585512952347,TRUE
-0.185,0.014,-0.233769962182958,0.315165063135437,56.3391901518635,TRUE
-0.18,0.014,-0.224981917533908,0.32443112449361,57.0876987260815,TRUE
-0.175,0.014,-0.216212595247957,0.333650615708133,57.8309702683055,TRUE
-0.17,0.014,-0.207463204866387,0.342822538299157,58.5689393434989,TRUE
-0.165,0.014,-0.198734934466708,0.351945924863737,59.3015434913566,TRUE
-0.16,0.014,-0.190028950088286,0.36101983931691,60.0287232257358,TRUE
-0.155,0.014,-0.181346395195142,0.370043377090666,60.7504220305266,TRUE
-0.15,0.014,-0.172688390176021,0.379015665291468,61.4665863520547,TRUE
-0.145,0.014,-0.164056031881734,0.387935862817002,62.1771655881103,TRUE
-0.14,0.014,-0.155450393199688,0.396803160432947,62.8821120737052,TRUE
-0.135,0.014,-0.14687252266544,0.405616780810616,63.5813810636642,TRUE
-0.13,0.014,-0.13832344411102,0.414375978526398,64.2749307121614,TRUE
-0.125,0.014,-0.129804156349697,0.423080040023961,64.9627220493146,TRUE
-0.12,0.014,-0.121315632896783,0.431728283540283,65.6447189549578,TRUE
-0.115,0.014,-0.112858821725999,0.440320058996585,66.3208881297094,TRUE
-0.11,0.014,-0.104434645060857,0.448854747855311,66.9911990634628,TRUE
-0.105,0.014,-0.096043999200463,0.45733176294433,67.6556240014205,TRUE
-0.1,0.014,-0.0876877543790575,0.465750548249595,68.3141379078028,TRUE
-0.095,0.014,-0.0793667546585882,0.474110578677477,68.9667184273546,TRUE
-0.09,0.014,-0.071081817853535,0.482411359788086,69.6133458447826,TRUE
-0.085,0.014,-0.0628337354871715,0.490652427500849,70.2540030422483,TRUE
-0.08,0.014,-0.0546232727783997,0.498833347773677,70.8886754550488,TRUE
-0.075,0.014,-0.0464511686582607,0.50695371625704,71.5173510256108,TRUE
-0.07,0.014,-0.0383181358151846,0.515013157924297,72.1400201559267,TRUE
-0.065,0.014,-0.0302248607680188,0.523011326679615,72.7566756585592,TRUE
-0.06,0.014,-0.0221720039658412,0.530947904944814,73.3673127063375,TRUE
-0.055,0.014,-0.0141601999135461,0.538822603226499,73.9719287808707,TRUE
-0.05,0.014,-0.00619005732217454,0.546635159664776,74.570523619997,TRUE
-0.36,0.0142,-0.511066035431053,0.00586888508832105,30.6773921612697,TRUE
-0.355,0.0142,-0.502447198506067,0.0158759158074696,31.5362901279582,TRUE
-0.35,0.0142,-0.493803202138893,0.0258804241894795,32.3933737162521,TRUE
-0.345,0.0142,-0.485135436221457,0.0358808225528534,33.2485079691817,TRUE
-0.34,0.0142,-0.476445300822294,0.0458755264774978,34.1015589688702,TRUE
-0.335,0.0142,-0.467734205058595,0.0558629560570764,34.9523939411391,TRUE
-0.33,0.0142,-0.459003565958446,0.0658415371430299,35.8008813584048,TRUE
-0.325,0.0142,-0.450254807315391,0.0758097025779767,36.6468910406801,TRUE
-0.32,0.0142,-0.441489358537459,0.0857658934162596,37.4902942545023,TRUE
-0.315,0.0142,-0.43270865349283,0.0957085601294366,38.3309638096136,TRUE
-0.31,0.0142,-0.423914129354256,0.105636163794566,39.168774153226,TRUE
-0.305,0.0142,-0.415107225444416,0.115547177263191,40.0036014617132,TRUE
-0.3,0.0142,-0.406289382084307,0.125440086309002,40.8353237295744,TRUE
-0.295,0.0142,-0.397462039446779,0.135313390752203,41.6638208555283,TRUE
-0.29,0.0142,-0.388626636417295,0.145165605558702,42.4889747255999,TRUE
-0.285,0.0142,-0.379784609463941,0.154995261912324,43.3106692930746,TRUE
-0.28,0.0142,-0.370937391518694,0.164800908258317,44.1287906552009,TRUE
-0.275,0.0142,-0.362086410871886,0.174581111316523,44.9432271265337,TRUE
-0.27,0.0142,-0.353233090081752,0.184334457062688,45.7538693088202,TRUE
-0.265,0.0142,-0.344378844900906,0.194059551676452,46.5606101573386,TRUE
-0.26,0.0142,-0.335525083221494,0.20375502245471,47.3633450436118,TRUE
-0.255,0.0142,-0.326673204040743,0.213419518689083,48.1619718144272,TRUE
-0.25,0.0142,-0.317824596448505,0.223051712506398,48.9563908471033,TRUE
-0.245,0.0142,-0.308980638638354,0.23265029967114,49.7465051009569,TRUE
-0.24,0.0142,-0.300142696943698,0.242214000348989,50.5322201649298,TRUE
-0.235,0.0142,-0.291312124900267,0.251741559830624,51.3134443013501,TRUE
-0.23,0.0142,-0.282490262336292,0.26123174921512,52.0900884858077,TRUE
-0.225,0.0142,-0.273678434491543,0.270683366052373,52.8620664431375,TRUE
-0.22,0.0142,-0.26487795116635,0.280095234944065,53.62929467951,TRUE
-0.215,0.0142,-0.25609010590162,0.289466208102842,54.3916925106426,TRUE
-0.21,0.0142,-0.247316175190744,0.29879516586944,55.1491820861494,TRUE
-0.205,0.0142,-0.238557417724242,0.308081017187632,55.9016884100603,TRUE
-0.2,0.0142,-0.229815073667852,0.317322700036956,56.6491393575457,TRUE
-0.195,0.0142,-0.221090363974684,0.326519181823299,57.3914656878946,TRUE
-0.19,0.0142,-0.212384489731999,0.335669459727495,58.1286010537976,TRUE
-0.185,0.0142,-0.203698631543011,0.344772561012214,58.8604820069987,TRUE
-0.18,0.0142,-0.195033948944091,0.353827543287479,59.5870480003824,TRUE
-0.175,0.0142,-0.186391579857595,0.362833494735282,60.3082413865728,TRUE
-0.17,0.0142,-0.177772640080489,0.371789534293809,61.0240074131259,TRUE
-0.165,0.0142,-0.16917822280885,0.380694811801892,61.7342942144024,TRUE
-0.16,0.0142,-0.160609398198206,0.389548508104384,62.4390528002142,TRUE
-0.155,0.0142,-0.152067212959638,0.398349835119205,63.1382370413423,TRUE
-0.15,0.0142,-0.143552689991458,0.407098035866901,63.8318036520288,TRUE
-0.145,0.0142,-0.135066828046206,0.415792384463596,64.519712169549,TRUE
-0.14,0.0142,-0.126610601432637,0.424432186078292,65.2019249309742,TRUE
-0.135,0.0142,-0.1181849597523,0.433016776855524,65.8784070472381,TRUE
-0.13,0.0142,-0.109790827670239,0.441545523804415,66.5491263746229,TRUE
-0.125,0.0142,-0.101429104719289,0.450017824655224,67.2140534837828,TRUE
-0.12,0.0142,-0.0931006651373722,0.458433107684544,67.8731616264259,TRUE
-0.115,0.0142,-0.084806357737148,0.466790831510282,68.5264266997749,TRUE
-0.11,0.0142,-0.0765470058073281,0.475090484857651,69.1738272089297,TRUE
-0.105,0.0142,-0.0683234070448995,0.483331586297387,69.8153442272547,TRUE
-0.1,0.0142,-0.0601363335174732,0.49151368395743,70.4509613549137,TRUE
-0.095,0.0142,-0.0519865316549283,0.499636355209332,71.0806646756763,TRUE
-0.09,0.0142,-0.0438747222694842,0.507699206330669,71.7044427121176,TRUE
-0.085,0.0142,-0.0358016006033062,0.51570187214473,72.3222863793336,TRUE
-0.08,0.0142,-0.0277678364027172,0.523644015638762,72.9341889372922,TRUE
-0.075,0.0142,-0.0197740740180677,0.531525327562073,73.5401459419399,TRUE
-0.07,0.0142,-0.0118209325282917,0.539345526005247,74.1401551951808,TRUE
-0.065,0.0142,-0.00390900588916113,0.547104355961758,74.7342166938439,TRUE
-0.38,0.0144,-0.513927608065063,0.000263938416896285,30.332263890783,TRUE
-0.375,0.0144,-0.5053783460285,0.0102080163021855,31.1866494311014,TRUE
-0.37,0.0144,-0.496803573453309,0.0201504926765313,32.039312348937,TRUE
-0.365,0.0144,-0.488204647621669,0.0300898086981848,32.8901197177487,TRUE
-0.36,0.0144,-0.479582936312563,0.0400244080025652,33.7389395681685,TRUE
-0.355,0.0144,-0.470939816715808,0.049952737918924,34.5856409901803,TRUE
-0.35,0.0144,-0.462276674335536,0.0598732506802677,35.4300942337557,TRUE
-0.345,0.0144,-0.453594901885129,0.0697844046243408,36.2721708077655,TRUE
-0.34,0.0144,-0.444895898175685,0.0796846653835106,37.1117435769929,TRUE
-0.335,0.0144,-0.436181067000039,0.08957250706142,37.948686857078,TRUE
-0.33,0.0144,-0.427451816014427,0.0994464133943267,38.7828765072312,TRUE
-0.325,0.0144,-0.418709555619823,0.109304878895095,39.6141900205577,TRUE
-0.32,0.0144,-0.409955697845004,0.119146409977856,40.4425066118429,TRUE
-0.315,0.0144,-0.401191655233364,0.128969526061424,41.2677073026572,TRUE
-0.31,0.0144,-0.392418839735473,0.138772760649621,42.0896750036447,TRUE
-0.305,0.0144,-0.383638661609358,0.148554662386715,42.9082945938691,TRUE
-0.3,0.0144,-0.374852528330431,0.158313796086308,43.7234529970986,TRUE
-0.295,0.0144,-0.366061843512955,0.168048743732029,44.5350392549225,TRUE
-0.29,0.0144,-0.357268005844895,0.177758105448505,45.3429445965955,TRUE
-0.285,0.0144,-0.348472408037938,0.187440500441201,46.1470625055228,TRUE
-0.28,0.0144,-0.339676435794406,0.197094567903746,46.947288782302,TRUE
-0.275,0.0144,-0.330881466792735,0.206718967891532,47.74352160425,TRUE
-0.27,0.0144,-0.322088869693122,0.216312382160427,48.5356615813541,TRUE
-0.265,0.0144,-0.313300003164844,0.22587351496955,49.3236118085924,TRUE
-0.26,0.0144,-0.304516214936725,0.235401093847185,50.1072779145828,TRUE
-0.255,0.0144,-0.29573884087211,0.24489387031899,50.8865681065254,TRUE
-0.25,0.0144,-0.286969204069629,0.254350620597763,51.6613932114158,TRUE
-0.245,0.0144,-0.278208613990965,0.263770146234158,52.431666713514,TRUE
-0.24,0.0144,-0.269458365616742,0.273151274727814,53.1973047880652,TRUE
-0.235,0.0144,-0.26071973863156,0.282492860098497,53.9582263312747,TRUE
-0.23,0.0144,-0.251993996639114,0.291793783416935,54.7143529865524,TRUE
-0.225,0.0144,-0.243282386408255,0.301052953295149,55.4656091670465,TRUE
-0.22,0.0144,-0.234586137150739,0.310269306336165,56.2119220744978,TRUE
-0.215,0.0144,-0.225906459831342,0.319441807543099,56.9532217144523,TRUE
-0.21,0.0144,-0.217244546510902,0.328569450687717,57.6894409078783,TRUE
-0.205,0.0144,-0.208601569722788,0.337651258638631,58.4205152992414,TRUE
-0.2,0.0144,-0.199978681883173,0.346686283649433,59.1463833610983,TRUE
-0.195,0.0144,-0.191377014735431,0.35567360760709,59.8669863952761,TRUE
-0.19,0.0144,-0.182797678828866,0.364612342241089,60.5822685307111,TRUE
-0.185,0.0144,-0.174241763031907,0.373501629293814,61.292176718026,TRUE
-0.18,0.0144,-0.165710334079823,0.382340640652786,61.9966607209314,TRUE
-0.175,0.0144,-0.15720443615692,0.391128578445428,62.6956731045408,TRUE
-0.17,0.0144,-0.148725090513115,0.399864675097085,63.3891692206938,TRUE
-0.165,0.0144,-0.140273295114688,0.40854819335313,64.0771071903864,TRUE
-0.16,0.0144,-0.131850024328972,0.417178426265986,64.759447883412,TRUE
-0.155,0.0144,-0.123456228642634,0.425754697148012,65.4361548953166,TRUE
-0.15,0.0144,-0.115092834413164,0.434276359491198,66.1071945217805,TRUE
-0.145,0.0144,-0.106760743653102,0.442742796854694,66.7725357305345,TRUE
-0.14,0.0144,-0.0984608338464942,0.451153422721229,67.432150130926,TRUE
-0.135,0.0144,-0.0901939577970047,0.459507680323494,68.0860119412499,TRUE
-0.13,0.0144,-0.0819609435070447,0.467805042441635,68.7340979539599,TRUE
-0.125,0.0144,-0.0737625940872587,0.476045011172985,69.3763874988787,TRUE
-0.12,0.0144,-0.0655996876956384,0.484227117675221,70.0128624045227,TRUE
-0.115,0.0144,-0.0574729775055077,0.492350921884129,70.6435069576623,TRUE
-0.11,0.0144,-0.0493831917015799,0.500416012207192,71.2683078612327,TRUE
-0.105,0.0144,-0.0413310335032537,0.508422005194206,71.8872541907136,TRUE
-0.1,0.0144,-0.033317181214288,0.516368545186164,72.5003373490945,TRUE
-0.095,0.0144,-0.0253422882979685,0.524255303943619,73.1075510205404,TRUE
-0.09,0.0144,-0.0174069834768519,0.532081980255765,73.7088911228714,TRUE
-0.085,0.0144,-0.00951187085615878,0.539848299531454,74.3043557589696,TRUE
-0.08,0.0144,-0.00165753006987224,0.54755401337336,74.8939451672226,TRUE
-0.395,0.0146,-0.508249800048719,0.00461114285915501,30.8400161438676,TRUE
-0.39,0.0146,-0.499743759991076,0.0144915722842523,31.688242803012,TRUE
-0.385,0.0146,-0.491213208665028,0.0243697571953007,32.5347050792378,TRUE
-0.38,0.0146,-0.482659482102127,0.0342441691511814,33.379272957743,TRUE
-0.375,0.0146,-0.474083926072219,0.0441132826297181,34.2218174024742,TRUE
-0.37,0.0146,-0.465487895027156,0.0539755762037114,35.0622104544822,TRUE
-0.365,0.0146,-0.456872751035207,0.0638295337095989,35.9003253287143,TRUE
-0.36,0.0146,-0.44823986270813,0.0736736454066488,36.736036509074,TRUE
-0.355,0.0146,-0.439590604122863,0.0835064091246376,37.5692198415821,TRUE
-0.35,0.0146,-0.430926353739796,0.0933263313979835,38.3997526254799,TRUE
-0.345,0.0146,-0.422248493319601,0.103131928584369,39.2275137021199,TRUE
-0.34,0.0146,-0.413558406840558,0.112921727965918,40.0523835414976,TRUE
-0.335,0.0146,-0.404857479418359,0.122694268831067,40.8742443262829,TRUE
-0.33,0.0146,-0.396147096230271,0.132448103535302,41.6929800332179,TRUE
-0.325,0.0146,-0.387428641445597,0.142181798539041,42.5084765117548,TRUE
-0.32,0.0146,-0.378703497164287,0.151893935420976,43.3206215598165,TRUE
-0.315,0.0146,-0.369973042365532,0.161583111865272,44.12930499657,TRUE
-0.31,0.0146,-0.361238651868134,0.17124794262113,44.9344187321107,TRUE
-0.305,0.0146,-0.352501695304395,0.180887060433251,45.7358568339654,TRUE
-0.3,0.0146,-0.343763536109208,0.190499116941889,46.5335155903302,TRUE
-0.295,0.0146,-0.335025530525996,0.200082783551209,47.3272935699681,TRUE
-0.29,0.0146,-0.326289026631045,0.209636752264818,48.1170916787017,TRUE
-0.285,0.0146,-0.317555363377764,0.219159736487374,48.9028132124424,TRUE
-0.28,0.0146,-0.308825869662282,0.228650471791338,49.6843639067116,TRUE
-0.275,0.0146,-0.300101863411757,0.238107716647971,50.4616519826128,TRUE
-0.27,0.0146,-0.29138465069668,0.247530253121828,51.2345881892286,TRUE
-0.265,0.0146,-0.282675524868376,0.256916887528066,52.0030858424199,TRUE
-0.26,0.0146,-0.273975765722834,0.266266451052009,52.7670608600188,TRUE
-0.255,0.0146,-0.265286638691908,0.275577800330497,53.5264317934113,TRUE
-0.25,0.0146,-0.256609394062837,0.284849817994648,54.2811198555174,TRUE
-0.245,0.0146,-0.24794526622698,0.294081413173767,55.0310489451828,TRUE
-0.24,0.0146,-0.239295472958524,0.303271521960233,55.7761456680061,TRUE
-0.235,0.0146,-0.230661214723887,0.312419107835275,56.5163393536314,TRUE
-0.23,0.0146,-0.222043674022421,0.321523162055664,57.2515620695459,TRUE
-0.225,0.0146,-0.213444014758935,0.330582704001428,57.9817486314284,TRUE
-0.22,0.0146,-0.204863381648489,0.339596781484778,58.7068366101005,TRUE
-0.215,0.0146,-0.196302899653806,0.348564471020529,59.4267663351418,TRUE
-0.21,0.0146,-0.187763673455577,0.357484878058385,60.1414808952337,TRUE
-0.205,0.0146,-0.179246786955842,0.366357137177522,60.8509261353039,TRUE
-0.2,0.0146,-0.170753302814561,0.375180412243992,61.5550506505492,TRUE
-0.195,0.0146,-0.1622842620194,0.383953896531533,62.2538057774182,TRUE
-0.19,0.0146,-0.153840683488681,0.392676812806447,62.9471455816423,TRUE
-0.185,0.0146,-0.145423563707381,0.401348413377259,63.6350268434053,TRUE
-0.18,0.0146,-0.137033876395981,0.409967980109942,64.3174090397473,TRUE
-0.175,0.0146,-0.128672572211907,0.418534824409546,64.9942543243019,TRUE
-0.17,0.0146,-0.12034057848323,0.427048287169109,65.6655275044691,TRUE
-0.165,0.0146,-0.11203879897424,0.435507738686787,66.3311960161268,TRUE
-0.16,0.0146,-0.10376811368244,0.443912578552182,66.9912298959909,TRUE
-0.155,0.0146,-0.0955293786664629,0.45226223550288,67.645601751729,TRUE
-0.15,0.0146,-0.0873234259043377,0.460556167252236,68.2942867299418,TRUE
-0.145,0.0146,-0.0791510631815173,0.468793860289507,68.9372624821212,TRUE
-0.14,0.0146,-0.071013074007999,0.476974829653407,69.5745091286985,TRUE
-0.135,0.0146,-0.0629102175638537,0.48509861868023,70.2060092212947,TRUE
-0.13,0.0146,-0.0548432286724232,0.493164798727678,70.831747703287,TRUE
-0.125,0.0146,-0.046812817800424,0.501172968875537,71.4517118688035,TRUE
-0.12,0.0146,-0.0388196710841517,0.509122755604383,72.0658913202565,TRUE
-0.115,0.0146,-0.0308644503809647,0.517013812453478,72.6742779245292,TRUE
-0.11,0.0146,-0.0229477933451894,0.524845819659037,73.2768657679229,TRUE
-0.105,0.0146,-0.0150703135275772,0.532618483774027,73.873651109975,TRUE
-0.1,0.0146,-0.00723260049741924,0.540331537270685,74.4646323362542,TRUE
-0.41,0.0148,-0.502624919692685,0.00890310192560864,31.3401828573407,TRUE
-0.405,0.0148,-0.494162262250913,0.0187201371466494,32.182284220482,TRUE
-0.4,0.0148,-0.485676065126122,0.028534309974688,33.0225817335318,TRUE
-0.395,0.0148,-0.477167643186368,0.0383441219189951,33.8609482413994,TRUE
-0.39,0.0148,-0.468638320315477,0.0481480778187218,34.6972575868385,TRUE
-0.385,0.0148,-0.460089428385996,0.0579446869793974,35.5313847050987,TRUE
-0.38,0.0148,-0.451522306224038,0.0677324643014924,36.3632057170003,TRUE
-0.375,0.0148,-0.442938298567882,0.0775099313990572,37.1925980202719,TRUE
-0.37,0.0148,-0.434338755022207,0.0872756177064848,38.0194403789941,TRUE
-0.365,0.0148,-0.425725029009848,0.0970280615714814,38.8436130109984,TRUE
-0.36,0.0148,-0.417098476722947,0.106765811332374,39.6649976730781,TRUE
-0.355,0.0148,-0.408460456075364,0.116487426377929,40.4834777438712,TRUE
-0.35,0.0148,-0.39981232565821,0.126191478187919,41.2989383042838,TRUE
-0.345,0.0148,-0.391155443700323,0.135876551352728,42.1112662153298,TRUE
-0.34,0.0148,-0.382491167035507,0.145541244570346,42.9203501932676,TRUE
-0.335,0.0148,-0.373820850078301,0.155184171619192,43.7260808819261,TRUE
-0.33,0.0148,-0.365145843810006,0.164803962305248,44.5283509221163,TRUE
-0.325,0.0148,-0.356467494776691,0.174399263382103,45.3270550180349,TRUE
-0.32,0.0148,-0.347787144100793,0.183968739442544,46.1220900005746,TRUE
-0.315,0.0148,-0.339106126507937,0.193511073780452,46.9133548874638,TRUE
-0.31,0.0148,-0.330425769370484,0.203024969221828,47.7007509401675,TRUE
-0.305,0.0148,-0.321747391769327,0.212509148923868,48.4841817174882,TRUE
-0.3,0.0148,-0.313072303575307,0.221962357141092,49.2635531258177,TRUE
-0.295,0.0148,-0.304401804551631,0.23138335995765,50.0387734659959,TRUE
-0.29,0.0148,-0.295737183478553,0.240770945984979,50.809753476744,TRUE
-0.285,0.0148,-0.287079717301527,0.250123927024119,51.5764063746457,TRUE
-0.28,0.0148,-0.278430670303965,0.259441138692073,52.3386478906624,TRUE
-0.275,0.0148,-0.269791293305645,0.268721441011699,53.0963963031714,TRUE
-0.27,0.0148,-0.261162822887751,0.277963718964697,53.8495724675312,TRUE
-0.265,0.0148,-0.252546480645428,0.287166883007393,54.598099842179,TRUE
-0.26,0.0148,-0.24394347246867,0.296329869549055,55.3419045112793,TRUE
-0.255,0.0148,-0.235354987852261,0.305451641392626,56.080915203947,TRUE
-0.25,0.0148,-0.226782199235426,0.314531188137807,56.8150633100762,TRUE
-0.245,0.0148,-0.218226261371749,0.323567526546533,57.5442828928152,TRUE
-0.24,0.0148,-0.209688310729834,0.332559700870967,58.2685106977308,TRUE
-0.235,0.0148,-0.201169464925119,0.341506783144213,58.9876861587174,TRUE
-0.23,0.0148,-0.192670822183155,0.350407873434039,59.7017514007066,TRUE
-0.225,0.0148,-0.184193460834591,0.359262100059972,60.4106512392434,TRUE
-0.22,0.0148,-0.175738438842023,0.368068619774213,61.1143331769987,TRUE
-0.215,0.0148,-0.167306793358798,0.376826617906863,61.8127473972921,TRUE
-0.21,0.0148,-0.158899540319782,0.385535308476052,62.5058467547069,TRUE
-0.205,0.0148,-0.15051767406402,0.394193934263611,63.19358676288,TRUE
-0.2,0.0148,-0.14216216698917,0.402801766856978,63.8759255795548,TRUE
-0.195,0.0148,-0.133833969237509,0.411358106658101,64.5528239889914,TRUE
-0.19,0.0148,-0.125534008413241,0.419862282860143,65.224245381826,TRUE
-0.185,0.0148,-0.11726318933078,0.428313653392851,65.8901557324804,TRUE
-0.18,0.0148,-0.109022393793643,0.436711604837473,66.5505235742209,TRUE
-0.175,0.0148,-0.100812480403484,0.445055552312183,67.205319971969,TRUE
-0.17,0.0148,-0.0926342843988005,0.453344939328969,67.8545184929695,TRUE
-0.165,0.0148,-0.0844886175227582,0.461579237623009,68.4980951754207,TRUE
-0.16,0.0148,-0.0763762679195501,0.469757946955549,69.1360284951742,TRUE
-0.155,0.0148,-0.068298000058656,0.477880594891357,69.7682993306119,TRUE
-0.15,0.0148,-0.0602545546863371,0.485946736551829,70.3948909258074,TRUE
-0.145,0.0148,-0.0522466488036532,0.493955954344826,71.0157888520814,TRUE
-0.14,0.0148,-0.0442749756702687,0.501907857672366,71.6309809680562,TRUE
-0.135,0.0148,-0.0363402048332775,0.509802082617279,72.2404573783199,TRUE
-0.13,0.0148,-0.0284429821802478,0.517638291609944,72.8442103908033,TRUE
-0.125,0.0148,-0.0205839300156768,0.525416173076227,73.4422344729772,TRUE
-0.12,0.0148,-0.0127636471600093,0.533135441067758,74.0345262069731,TRUE
-0.115,0.0148,-0.0049827090703736,0.540795834875643,74.6210842437294,TRUE
-0.43,0.015,-0.505448199252134,0.00338449699379057,30.9951474073434,TRUE
-0.425,0.015,-0.49705294125035,0.0131403927553197,31.8328743379961,TRUE
-0.42,0.015,-0.488633803525859,0.0228943042516293,32.6688854356761,TRUE
-0.415,0.015,-0.480192070572127,0.0326447598784193,33.5030554306191,TRUE
-0.41,0.015,-0.471729036199981,0.0423902906382888,34.3352599751666,TRUE
-0.405,0.015,-0.463246002548147,0.0521294312453067,35.1653757362621,TRUE
-0.4,0.015,-0.454744279084988,0.0618607212230707,35.9932804865177,TRUE
-0.395,0.015,-0.446225181603236,0.071582705994326,36.8188531936945,TRUE
-0.39,0.015,-0.437690031209499,0.0812939379602703,37.6419741084457,TRUE
-0.385,0.015,-0.429140153310347,0.0909929775676769,38.4625248501736,TRUE
-0.38,0.015,-0.42057687659677,0.100678394362032,39.2803884908604,TRUE
-0.375,0.015,-0.412001532028803,0.110348768024901,40.0954496367363,TRUE
-0.37,0.015,-0.403415451822099,0.120002689393818,40.9075945076534,TRUE
-0.365,0.015,-0.394819968438214,0.129638761463001,41.7167110140444,TRUE
-0.36,0.015,-0.386216413580349,0.13925560036331,42.5226888313464,TRUE
-0.355,0.015,-0.377606117196257,0.148851836319882,43.3254194717829,TRUE
-0.35,0.015,-0.368990406490019,0.158426114585968,44.124796353399,TRUE
-0.345,0.015,-0.360370604944305,0.167977096351565,44.9207148662568,TRUE
-0.34,0.015,-0.351748031354753,0.177503459625503,45.7130724357032,TRUE
-0.335,0.015,-0.343123998878002,0.18700390008974,46.5017685826315,TRUE
-0.33,0.015,-0.334499814094904,0.196477131924674,47.2867049806652,TRUE
-0.325,0.015,-0.325876776090358,0.205921888604406,48.0677855102017,TRUE
-0.32,0.015,-0.31725617555115,0.21533692366092,48.8449163092623,TRUE
-0.315,0.015,-0.308639293883161,0.224721011416282,49.6180058210999,TRUE
-0.31,0.015,-0.300027402349175,0.234072947682021,50.3869648385305,TRUE
-0.305,0.015,-0.291421761228515,0.243391550424949,51.1517065449539,TRUE
-0.3,0.015,-0.282823618999619,0.252675660398779,51.9121465520482,TRUE
-0.295,0.015,-0.274234211546618,0.261924141740977,52.6682029341193,TRUE
-0.29,0.015,-0.265654761390908,0.271135882534379,53.4197962591047,TRUE
-0.285,0.015,-0.257086476948604,0.2803097953332,54.1668496162317,TRUE
-0.28,0.015,-0.248530551814725,0.289444817653145,54.9092886403413,TRUE
-0.275,0.015,-0.239988164074849,0.29853991242542,55.6470415328962,TRUE
-0.27,0.015,-0.231460475644927,0.307594068414536,56.380039079697,TRUE
-0.265,0.015,-0.22294863163983,0.316606300599871,57.1082146653401,TRUE
-0.26,0.015,-0.21445375977117,0.325575650521052,57.8315042844551,TRUE
-0.255,0.015,-0.205976969774818,0.334501186587292,58.5498465497678,TRUE
-0.25,0.015,-0.19751935286849,0.343382004350903,59.2631826970403,TRUE
-0.245,0.015,-0.189081981239675,0.352217226745258,59.9714565869455,TRUE
-0.24,0.015,-0.180665907564136,0.361006004287593,60.6746147039386,TRUE
-0.235,0.015,-0.172272164555093,0.369747515247068,61.3726061521951,TRUE
-0.23,0.015,-0.16390176454318,0.378440965778582,62.065382648686,TRUE
-0.225,0.015,-0.155555699087148,0.387085590022924,62.75289851347,TRUE
-0.22,0.015,-0.147234938615253,0.395680650173871,63.4351106572827,TRUE
-0.215,0.015,-0.138940432097184,0.404225436512919,64.1119785665083,TRUE
-0.21,0.015,-0.130673106746328,0.412719267412369,64.7834642856232,TRUE
-0.205,0.015,-0.122433867752111,0.421161489307572,65.4495323972022,TRUE
-0.2,0.015,-0.114223598042081,0.429551476639128,66.1101499995828,TRUE
-0.195,0.015,-0.10604315807338,0.437888631765935,66.7652866822828,TRUE
-0.19,0.015,-0.0978933856531391,0.44617238484997,67.4149144992714,TRUE
-0.185,0.015,-0.0897750957873509,0.454402193713752,68.0590079401931,TRUE
-0.18,0.015,-0.081689080557672,0.462577543671454,68.6975438996455,TRUE
-0.175,0.015,-0.0736361090255938,0.470697947334639,69.3305016446149,TRUE
-0.17,0.015,-0.0656169271633713,0.478762944393665,69.9578627801706,TRUE
-0.165,0.015,-0.0576322578110631,0.486772101375764,70.5796112135239,TRUE
-0.16,0.015,-0.0496828006590009,0.494725011380851,71.1957331165519,TRUE
-0.155,0.015,-0.0417692322549804,0.502621293796138,71.8062168868927,TRUE
-0.15,0.015,-0.033892206035431,0.510460593990593,72.4110531077113,TRUE
-0.145,0.015,-0.0260523523798053,0.51824258299034,73.0102345062403,TRUE
-0.14,0.015,-0.0182502786874001,0.525966957136057,73.6037559111946,TRUE
-0.135,0.015,-0.0104865694758086,0.533633437723461,74.19161420916,TRUE
-0.13,0.015,-0.00276178650018281,0.54124177062793,74.7738083000537,TRUE
-0.445,0.0152,-0.499886367669139,0.00762994533990306,31.4864897968868,TRUE
-0.44,0.0152,-0.491533805760359,0.0173236015334371,32.3182006883096,TRUE
-0.435,0.0152,-0.483158302259709,0.0270146750360008,33.1481578945563,TRUE
-0.43,0.0152,-0.474761121409126,0.0367017228834154,33.9762388828595,TRUE
-0.425,0.0152,-0.466343536086168,0.0463833051089235,34.8023220605702,TRUE
-0.42,0.0152,-0.457906826841767,0.0560579858109313,35.6262868641981,TRUE
-0.415,0.0152,-0.449452280930276,0.0657243342137023,36.4480138470101,TRUE
-0.41,0.0152,-0.440981191333527,0.0753809257191876,37.2673847650373,TRUE
-0.405,0.0152,-0.432494855780612,0.0850263429481895,38.0842826613478,TRUE
-0.4,0.0152,-0.423994575765098,0.0946591767691089,38.8985919484469,TRUE
-0.395,0.0152,-0.415481655561414,0.104278027312548,39.7101984886699,TRUE
-0.39,0.0152,-0.406957401242091,0.113881504970096,40.518989672442,TRUE
-0.385,0.0152,-0.398423119697586,0.123468231375652,41.3248544942796,TRUE
-0.38,0.0152,-0.389880117660337,0.133036840367734,42.1276836264217,TRUE
-0.375,0.0152,-0.381329700734738,0.142585978931229,42.9273694899779,TRUE
-0.37,0.0152,-0.372773172434631,0.152114308117142,43.7238063234938,TRUE
-0.365,0.0152,-0.364211833229942,0.161620503938946,44.5168902488366,TRUE
-0.36,0.0152,-0.355646979604002,0.171103258244207,45.3065193343141,TRUE
-0.355,0.0152,-0.347079903123072,0.18056127956024,46.0925936549459,TRUE
-0.35,0.0152,-0.338511889519558,0.189993293912617,46.8750153498136,TRUE
-0.345,0.0152,-0.329944217790326,0.199398045615425,47.6536886764262,TRUE
-0.34,0.0152,-0.321378159311486,0.208774298032262,48.4285200620419,TRUE
-0.335,0.0152,-0.312814976970974,0.218120834307033,49.1994181518978,TRUE
-0.33,0.0152,-0.304255924320169,0.227436458063695,49.966293854305,TRUE
-0.325,0.0152,-0.29570224474574,0.236719994074182,50.7290603825778,TRUE
-0.32,0.0152,-0.287155170662856,0.245970288893828,51.4876332937676,TRUE
-0.315,0.0152,-0.278615922730807,0.255186211463694,52.2419305241875,TRUE
-0.31,0.0152,-0.270085709092031,0.264366653679293,52.9918724217143,TRUE
-0.305,0.0152,-0.261565724635467,0.273510530925277,53.7373817748671,TRUE
-0.3,0.0152,-0.253057150285072,0.282616782575766,54.4783838386666,TRUE
-0.295,0.0152,-0.244561152314281,0.291684372460052,55.2148063572874,TRUE
-0.29,0.0152,-0.236078881687106,0.300712289293516,55.9465795835219,TRUE
-0.285,0.0152,-0.227611473426499,0.30969954707367,56.6736362950825,TRUE
-0.28,0.0152,-0.21916004601052,0.31864518544132,57.3959118077746,TRUE
-0.275,0.0152,-0.210725700796805,0.32754827000691,58.113343985579,TRUE
-0.27,0.0152,-0.202309521475707,0.33640789264222,58.8258732476883,TRUE
-0.265,0.0152,-0.193912573552464,0.34522317173762,59.5334425725492,TRUE
-0.26,0.0152,-0.185535903858625,0.353993252425176,60.2359974989665,TRUE
-0.255,0.0152,-0.177180540092943,0.362717306767993,60.9334861243296,TRUE
-0.25,0.0152,-0.168847490391823,0.371394533916199,61.625859100029,TRUE
-0.245,0.0152,-0.160537742929393,0.380024160230066,62.3130696241322,TRUE
-0.24,0.0152,-0.152252265547161,0.388605439370846,62.9950734313957,TRUE
-0.235,0.0152,-0.143992005413187,0.397137652359884,63.6718287806901,TRUE
-0.23,0.0152,-0.135757888710607,0.405620107606715,64.3432964399222,TRUE
-0.225,0.0152,-0.127550820355323,0.414052140906816,65.0094396685383,TRUE
-0.22,0.0152,-0.119371683742574,0.422433115409797,65.6702241976985,TRUE
-0.215,0.0152,-0.111221340522081,0.430762421558807,66.3256182082105,TRUE
-0.21,0.0152,-0.103100630401393,0.439039477002005,66.9755923063183,TRUE
-0.205,0.0152,-0.095010370977014,0.447263726476951,67.620119497439,TRUE
-0.2,0.0152,-0.0869513575928414,0.455434641668834,68.2591751579437,TRUE
-0.195,0.0152,-0.0789243632254046,0.463551721043461,68.892737005081,TRUE
-0.19,0.0152,-0.0709301383953602,0.471614489655942,69.5207850651395,TRUE
-0.185,0.0152,-0.0629694111046454,0.479622498936075,70.1433016399501,TRUE
-0.18,0.0152,-0.0550428867986726,0.487575326451394,70.7602712718253,TRUE
-0.175,0.0152,-0.0471512483529078,0.495472575648903,71.3716807070346,TRUE
-0.17,0.0152,-0.039295156083147,0.503313875576491,71.977518857916,TRUE
-0.165,0.0152,-0.0314752477787852,0.511098880585073,72.5777767637197,TRUE
-0.16,0.0152,-0.0236921387583399,0.518827270012459,73.1724475502828,TRUE
-0.155,0.0152,-0.0159464219464807,0.526498747850001,73.7615263886303,TRUE
-0.15,0.0152,-0.00823866797179244,0.534113042393023,74.3450104525977,TRUE
-0.145,0.0152,-0.000569425284486753,0.541669905876078,74.9228988755687,TRUE
-0.465,0.0154,-0.502663651888202,0.00218819526122183,31.1431422661865,TRUE
-0.46,0.0154,-0.494377169795972,0.0118216291031935,31.9705413359239,TRUE
-0.455,0.0154,-0.486067422935474,0.0214533223447732,32.7962716956081,TRUE
-0.45,0.0154,-0.477735646491352,0.0310818578995067,33.620212630238,TRUE
-0.445,0.0154,-0.469383084561779,0.0407058210036851,34.4422442937587,TRUE
-0.44,0.0154,-0.461010989231308,0.050323800254024,35.2622477960653,TRUE
-0.435,0.0154,-0.452620619635413,0.0599343886395835,36.0801052886988,TRUE
-0.43,0.0154,-0.444213241018344,0.0695361845661803,36.8957000490906,TRUE
-0.425,0.0154,-0.435790123785933,0.0791277928715504,37.708916563215,TRUE
-0.42,0.0154,-0.427352542554987,0.0887078258295679,38.519640606514,TRUE
-0.415,0.0154,-0.418901775200928,0.0982749041418434,39.3277593229655,TRUE
-0.41,0.0154,-0.4104391019053,0.107827657915076,40.1331613021673,TRUE
-0.405,0.0154,-0.401965804204794,0.117364727622563,40.9357366543174,TRUE
-0.4,0.0154,-0.393483164043391,0.12688476504833,41.735377082977,TRUE
-0.395,0.0154,-0.384992462829237,0.136386434212399,42.5319759555058,TRUE
-0.39,0.0154,-0.37649498049781,0.145868412275749,43.3254283710701,TRUE
-0.385,0.0154,-0.367991994582939,0.155329390423605,44.1156312261265,TRUE
-0.38,0.0154,-0.359484779297183,0.164768074725742,44.9024832772922,TRUE
-0.375,0.0154,-0.350974604623046,0.174183186972574,45.6858852015226,TRUE
-0.37,0.0154,-0.342462735416467,0.183573465485828,46.4657396535193,TRUE
-0.365,0.0154,-0.333950430523978,0.192937665902736,47.2419513203026,TRUE
-0.36,0.0154,-0.325438941914872,0.202274561932692,48.0144269728881,TRUE
-0.355,0.0154,-0.316929513829675,0.211582946085448,48.783075515016,TRUE
-0.35,0.0154,-0.308423381946149,0.220861630369953,49.5478080288875,TRUE
-0.345,0.0154,-0.299921772564021,0.230109446963077,50.3085378178713,TRUE
-0.34,0.0154,-0.291425901809548,0.239325248847479,51.0651804461507,TRUE
-0.335,0.0154,-0.282936974860966,0.24850791041801,51.8176537752885,TRUE
-0.33,0.0154,-0.274456185195838,0.257656328056107,52.5658779976955,TRUE
-0.325,0.0154,-0.265984713861197,0.266769420671695,53.309775666995,TRUE
-0.32,0.0154,-0.257523728767362,0.275846130212237,54.0492717252818,TRUE
-0.315,0.0154,-0.24907438400621,0.284885422138619,54.7842935272841,TRUE
-0.31,0.0154,-0.240637819194617,0.293886285867654,55.5147708614402,TRUE
-0.305,0.0154,-0.23221515884372,0.302847735181054,56.240635967911,TRUE
-0.3,0.0154,-0.22380751175458,0.311768808600828,56.9618235535553,TRUE
-0.295,0.0154,-0.215415970440741,0.320648569731093,57.6782708038988,TRUE
-0.29,0.0154,-0.207041610578133,0.329486107566407,58.3899173921386,TRUE
-0.285,0.0154,-0.198685490482676,0.338280536766766,59.0967054852248,TRUE
-0.28,0.0154,-0.190348650615884,0.347030997899512,59.798579747071,TRUE
-0.275,0.0154,-0.182032113118692,0.355736657648433,60.4954873389479,TRUE
-0.27,0.0154,-0.173736881373669,0.364396708990422,61.187377917121,TRUE
-0.265,0.0154,-0.165463939595713,0.373010371340128,61.8742036277944,TRUE
-0.26,0.0154,-0.157214252451253,0.381576890663062,62.5559190994331,TRUE
-0.255,0.0154,-0.148988764705919,0.390095539557722,63.2324814325333,TRUE
-0.25,0.0154,-0.140788400900603,0.398565617307297,63.9038501869178,TRUE
-0.245,0.0154,-0.132614065055738,0.406986449901619,64.5699873666366,TRUE
-0.24,0.0154,-0.124466640403602,0.415357390030038,65.2308574025548,TRUE
-0.235,0.0154,-0.116346989148377,0.423677817045941,65.886427132712,TRUE
-0.23,0.0154,-0.108255952253641,0.4319471369037,66.5366657805414,TRUE
-0.225,0.0154,-0.100194349256943,0.440164782068842,67.1815449310374,TRUE
-0.22,0.0154,-0.0921629781110455,0.448330211402283,67.8210385049628,TRUE
-0.215,0.0154,-0.0841626150513721,0.456442910019489,68.4551227311878,TRUE
-0.21,0.0154,-0.0761940144891782,0.464502389125462,69.0837761172538,TRUE
-0.205,0.0154,-0.0682579089299014,0.472508185826452,69.7069794182564,TRUE
-0.2,0.0154,-0.0603550089161304,0.48045986291935,70.3247156041418,TRUE
-0.195,0.0154,-0.0524860029945857,0.488357008659685,70.9369698255121,TRUE
-0.19,0.0154,-0.0446515577064838,0.496199236509207,71.5437293780327,TRUE
-0.185,0.0154,-0.0368523176006269,0.50398618486402,72.1449836655377,TRUE
-0.18,0.0154,-0.0290889052685348,0.51171751676424,72.7407241619262,TRUE
-0.175,0.0154,-0.0213619214009176,0.519392919586166,73.3309443719418,TRUE
-0.17,0.0154,-0.0136719448647638,0.527012104717942,73.9156397909297,TRUE
-0.165,0.0154,-0.00601953280030861,0.534574807219698,74.4948078636591,TRUE
-0.48,0.0156,-0.497164982370158,0.0063877938487812,31.6259185761913,TRUE
-0.475,0.0156,-0.488920507156719,0.0159601350870173,32.4474101679656,TRUE
-0.47,0.0156,-0.480653672981785,0.0255301560896185,33.267196729191,TRUE
-0.465,0.0156,-0.47236569565351,0.0350964671550208,34.0851601642143,TRUE
-0.46,0.0156,-0.464057799250277,0.0446576812755494,34.9011832633306,TRUE
-0.455,0.0156,-0.455731215218888,0.0542124151407818,35.7151497865644,TRUE
-0.45,0.0156,-0.447387181465441,0.0637592901346546,36.5269445461287,TRUE
-0.445,0.0156,-0.439026941440463,0.0732969333246535,37.3364534874282,TRUE
-0.44,0.0156,-0.430651743219874,0.0828239784414328,38.1435637684729,TRUE
-0.435,0.0156,-0.422262838583333,0.0923390668472484,38.9481638375756,TRUE
-0.43,0.0156,-0.413861482091563,0.101840848491622,39.7501435092092,TRUE
-0.425,0.0156,-0.405448930164207,0.111327982852686,40.5493940379064,TRUE
-0.42,0.0156,-0.397026440159769,0.120799139862714,41.3458081900882,TRUE
-0.415,0.0156,-0.388595269459188,0.130253000816369,42.1392803137145,TRUE
-0.41,0.0156,-0.380156674554556,0.139688259260278,42.9297064056548,TRUE
-0.405,0.0156,-0.371711910144488,0.149103621862569,43.7169841766848,TRUE
-0.4,0.0156,-0.363262228237604,0.158497809261087,44.5010131140183,TRUE
-0.395,0.0156,-0.354808877265557,0.167869556889062,45.2816945412936,TRUE
-0.39,0.0156,-0.346353101207016,0.177217615777043,46.058931675938,TRUE
-0.385,0.0156,-0.337896138723951,0.186540753330029,46.8326296838416,TRUE
-0.38,0.0156,-0.329439222311544,0.195837754078737,47.6026957312786,TRUE
-0.375,0.0156,-0.320983577462993,0.205107420404081,48.3690390340218,TRUE
-0.37,0.0156,-0.312530421850418,0.214348573233943,49.131570903602,TRUE
-0.365,0.0156,-0.304080964523048,0.223560052711462,49.8902047906723,TRUE
-0.36,0.0156,-0.295636405123789,0.232740718834086,50.6448563254435,TRUE
-0.355,0.0156,-0.287197933125216,0.241889452062733,51.3954433551659,TRUE
-0.35,0.0156,-0.278766727086007,0.251005153900498,52.1418859786355,TRUE
-0.345,0.0156,-0.270343953928709,0.260086747440392,52.8841065777162,TRUE
-0.34,0.0156,-0.26193076823974,0.269133177881695,53.6220298458697,TRUE
-0.335,0.0156,-0.253528311592396,0.27814341301458,54.355582813696,TRUE
-0.33,0.0156,-0.245137711893614,0.287116443672743,55.084694871494,TRUE
-0.325,0.0156,-0.23676008275516,0.296051284153848,55.8092977888536,TRUE
-0.32,0.0156,-0.228396522889828,0.304946972607661,56.5293257313047,TRUE
-0.315,0.0156,-0.220048115533196,0.313802571391847,57.2447152740455,TRUE
-0.31,0.0156,-0.211715927891403,0.322617167395451,57.9554054127877,TRUE
-0.305,0.0156,-0.203401010615343,0.331389872330158,58.6613375717527,TRUE
-0.3,0.0156,-0.1951043973016,0.340119822989514,59.362455608867,TRUE
-0.295,0.0156,-0.186827104020413,0.348806181476328,60.0587058182018,TRUE
-0.29,0.0156,-0.178570128870841,0.357448135398566,60.7500369297143,TRUE
-0.285,0.0156,-0.1703344515633,0.366044898034085,61.4364001063461,TRUE
-0.28,0.0156,-0.162121033029507,0.37459570846463,62.1177489385437,TRUE
-0.275,0.0156,-0.153930815059895,0.383099831679564,62.7940394362658,TRUE
-0.27,0.0156,-0.145764719968397,0.391556558649861,63.4652300185492,TRUE
-0.265,0.0156,-0.137623650284547,0.399965206372927,64.1312815007059,TRUE
-0.26,0.0156,-0.129508488472714,0.408325117888882,64.7921570792287,TRUE
-0.255,0.0156,-0.121420096678257,0.416635662268963,65.4478223144838,TRUE
-0.25,0.0156,-0.113359316500356,0.424896234576742,66.0982451112733,TRUE
-0.245,0.0156,-0.105326968791188,0.433106255802919,66.7433956973509,TRUE
-0.24,0.0156,-0.0973238534811162,0.441265172774452,67.3832465999762,TRUE
-0.235,0.0156,-0.0893507494294609,0.449372458038834,68.0177726205956,TRUE
-0.23,0.0156,-0.0814084143004437,0.457427609724346,68.6469508077379,TRUE
-0.225,0.0156,-0.0734975844638008,0.465430151377147,69.2707604282139,TRUE
-0.22,0.0156,-0.0656189749195605,0.473379631776074,69.8891829367108,TRUE
-0.215,0.0156,-0.0577732792464345,0.481275624726055,70.5022019438706,TRUE
-0.21,0.0156,-0.0499611695732434,0.489117728831029,71.1098031829449,TRUE
-0.205,0.0156,-0.0421832965727674,0.496905567247315,71.7119744751149,TRUE
-0.2,0.0156,-0.0344402894773905,0.504638787418339,72.308705693569,TRUE
-0.195,0.0156,-0.0267327561158841,0.512317060791675,72.8999887264246,TRUE
-0.19,0.0156,-0.0190612829706521,0.519940082519326,73.4858174385871,TRUE
-0.185,0.0156,-0.0114264352547457,0.52750757114219,74.06618763263,TRUE
-0.18,0.0156,-0.00382875700793995,0.535019268259655,74.6410970087856,TRUE
-0.5,0.0158,-0.499898318325702,0.00102148405182949,31.2843410891452,TRUE
-0.495,0.0158,-0.491718618637832,0.0105345266952322,32.1015840479228,TRUE
-0.49,0.0158,-0.483516252641089,0.0200460567655609,32.9172040144465,TRUE
-0.485,0.0158,-0.475292408349121,0.0295547094596095,33.7310846450365,TRUE
-0.48,0.0158,-0.467048282302024,0.0390591220383261,34.5431104150734,TRUE
-0.475,0.0158,-0.45878507869731,0.0485579348018755,35.3531667008546,TRUE
-0.47,0.0158,-0.450504008513022,0.0580497920596263,36.1611398602546,TRUE
-0.465,0.0158,-0.442206288624477,0.0675333430934465,36.9669173120543,TRUE
-0.46,0.0158,-0.433893140916148,0.0770072431127213,37.7703876138134,TRUE
-0.455,0.0158,-0.425565791390161,0.086470154199529,38.5714405381591,TRUE
-0.45,0.0158,-0.417225469272943,0.0959207462424327,39.3699671473715,TRUE
-0.445,0.0158,-0.408873406121493,0.105357697857394,40.1658598661505,TRUE
-0.44,0.0158,-0.400510834930793,0.114779697294338,40.9590125524511,TRUE
-0.435,0.0158,-0.392138989243826,0.124185443327954,41.7493205662829,TRUE
-0.43,0.0158,-0.383759102265679,0.133573646131348,42.5366808363729,TRUE
-0.425,0.0158,-0.375372405983167,0.142943028131227,43.3209919245962,TRUE
-0.42,0.0158,-0.366980130291403,0.152292324843348,44.1021540880858,TRUE
-0.415,0.0158,-0.358583502128714,0.161620285686997,44.8800693389394,TRUE
-0.41,0.0158,-0.350183744621251,0.170925674777364,45.6546415014458,TRUE
-0.405,0.0158,-0.341782076238628,0.180207271694705,46.4257762667614,TRUE
-0.4,0.0158,-0.333379709961874,0.189463872229265,47.1933812449731,TRUE
-0.395,0.0158,-0.324977852464929,0.198694289101005,47.9573660144903,TRUE
-0.39,0.0158,-0.3165777033109,0.207897352653231,48.7176421687171,TRUE
-0.385,0.0158,-0.308180454164209,0.21707191151931,49.4741233599604,TRUE
-0.38,0.0158,-0.299787288019736,0.226216833261712,50.2267253405371,TRUE
-0.375,0.0158,-0.291399378450002,0.235331004982708,50.9753660010523,TRUE
-0.37,0.0158,-0.283017888871368,0.244413333906122,51.7199654058239,TRUE
-0.365,0.0158,-0.274643971830198,0.253462747929587,52.4604458254386,TRUE
-0.36,0.0158,-0.266278768309835,0.262478196146876,53.1967317664288,TRUE
-0.355,0.0158,-0.257923407059209,0.271458649339897,53.9287499980684,TRUE
-0.35,0.0158,-0.249579003943835,0.280403100440066,54.6564295762898,TRUE
-0.345,0.0158,-0.241246661319852,0.289310564958809,55.3797018647332,TRUE
-0.34,0.0158,-0.232927467431764,0.298180081387031,56.0985005529424,TRUE
-0.335,0.0158,-0.224622495834407,0.307010711563464,56.8127616717301,TRUE
-0.33,0.0158,-0.216332804839653,0.315801541011869,57.5224236057394,TRUE
-0.325,0.0158,-0.208059436988269,0.324551679247126,58.2274271032349,TRUE
-0.32,0.0158,-0.199803418547303,0.33326026005035,58.9277152831614,TRUE
-0.315,0.0158,-0.191565759033294,0.341926441713175,59.6232336395137,TRUE
-0.31,0.0158,-0.183347450761544,0.350549407251475,60.3139300430651,TRUE
-0.305,0.0158,-0.175149468421635,0.359128364588794,60.9997547405081,TRUE
-0.3,0.0158,-0.166972768679305,0.367662546709864,61.6806603510632,TRUE
-0.295,0.0158,-0.158818289804735,0.3761512117846,62.3566018606173,TRUE
-0.29,0.0158,-0.150686951327264,0.384593643263048,63.0275366134561,TRUE
-0.285,0.0158,-0.14257965371646,0.3929891499418,63.6934243016585,TRUE
-0.28,0.0158,-0.134497278089446,0.401337066002415,64.3542269522233,TRUE
-0.275,0.0158,-0.126440685944316,0.409636751022475,65.0099089120039,TRUE
-0.27,0.0158,-0.118410718919438,0.417887589959899,65.660436830526,TRUE
-0.265,0.0158,-0.110408198578372,0.426088993111201,66.3057796407666,TRUE
-0.26,0.0158,-0.102433926220104,0.43424039604441,66.9459085379769,TRUE
-0.255,0.0158,-0.0944886827142523,0.442341259507397,67.5807969566298,TRUE
-0.25,0.0158,-0.0865732283608419,0.450391069312378,68.2104205455762,TRUE
-0.245,0.0158,-0.0786883027742363,0.458389336197399,68.8347571414952,TRUE
-0.24,0.0158,-0.0708346247907457,0.466335595665629,69.4537867407238,TRUE
-0.235,0.0158,-0.0630128923994228,0.47422940780329,70.0674914695527,TRUE
-0.23,0.0158,-0.0552237826955141,0.482070357077097,70.6758555530739,TRUE
-0.225,0.0158,-0.0474679518560058,0.489858052112068,71.2788652826689,TRUE
-0.22,0.0158,-0.0397460351366826,0.497592125450597,71.8765089822221,TRUE
-0.215,0.0158,-0.0320586468900885,0.505272233293672,72.4687769731471,TRUE
-0.21,0.0158,-0.0244063806037627,0.512898055225142,73.0556615383109,TRUE
-0.205,0.0158,-0.0167898089580984,0.520469293919924,73.637156884942,TRUE
-0.2,0.0158,-0.00920948390316276,0.527985674837066,74.2132591066055,TRUE
-0.195,0.0158,-0.00166593675379732,0.535446945898536,74.7839661443289,TRUE
-0.5,0.016,-0.469983455413522,0.0335275939715804,34.1880436977369,TRUE
-0.495,0.016,-0.461783213776707,0.0429704457753282,34.9941726143524,TRUE
-0.49,0.016,-0.453564711766191,0.0524072158531211,35.7983047446665,TRUE
-0.485,0.016,-0.445329140072797,0.0618365756595025,36.600328992338,TRUE
-0.48,0.016,-0.437077694751018,0.0712572018770223,37.4001353289406,TRUE
-0.475,0.016,-0.428811576357089,0.0806677773381185,38.1976148688113,TRUE
-0.47,0.016,-0.420531989084416,0.0900669919369297,38.9926599423254,TRUE
-0.465,0.016,-0.412240139897831,0.0994535435295698,39.7851641674844,TRUE
-0.46,0.016,-0.403937237668091,0.108826138821451,40.575022519706,TRUE
-0.455,0.016,-0.395624492308054,0.11818349424026,41.3621313997146,TRUE
-0.45,0.016,-0.387303113911933,0.127524336793254,42.1463886994298,TRUE
-0.445,0.016,-0.378974311899041,0.136847404907561,42.9276938657613,TRUE
-0.44,0.016,-0.370639294163389,0.146151449252252,43.7059479622197,TRUE
-0.435,0.016,-0.362299266230485,0.155435233540974,44.4810537282619,TRUE
-0.43,0.016,-0.353955430422664,0.164697535314001,45.2529156362923,TRUE
-0.425,0.016,-0.345608985034239,0.173937146698623,46.0214399462501,TRUE
-0.42,0.016,-0.337261123517719,0.183152875146841,46.7865347577172,TRUE
-0.415,0.016,-0.328913033682311,0.192343544149402,47.5481100594883,TRUE
-0.41,0.016,-0.320565896905886,0.201507993925286,48.3060777765512,TRUE
-0.405,0.016,-0.312220887361531,0.210645082085793,49.060351814431,TRUE
-0.4,0.016,-0.303879171259776,0.219753684272482,49.8108481008596,TRUE
-0.395,0.016,-0.295541906107517,0.22883269476825,50.5574846247371,TRUE
-0.39,0.016,-0.287210239984628,0.237881027080935,51.3001814723594,TRUE
-0.385,0.016,-0.278885310839179,0.246897614498873,52.0388608608914,TRUE
-0.38,0.016,-0.270568245802139,0.255881410617929,52.7734471690723,TRUE
-0.375,0.016,-0.262260160522369,0.264831389839587,53.503866965147,TRUE
-0.37,0.016,-0.253962158522671,0.273746547839741,54.230049032021,TRUE
-0.365,0.016,-0.24567533057758,0.282625902007925,54.951924389644,TRUE
-0.36,0.016,-0.237400754113547,0.291468491856763,55.6694263146346,TRUE
-0.355,0.016,-0.229139492632073,0.300273379401502,56.382490357161,TRUE
-0.35,0.016,-0.220892595156333,0.309039649509566,57.0910543551009,TRUE
-0.345,0.016,-0.212661095701711,0.31776641022011,57.7950584455087,TRUE
-0.34,0.016,-0.204446012770681,0.326452793033642,58.4944450734215,TRUE
-0.335,0.016,-0.196248348872325,0.335097953171833,59.1891589980436,TRUE
-0.33,0.016,-0.188069090066797,0.343701069807697,59.8791472963502,TRUE
-0.325,0.016,-0.179909205534921,0.352261346266378,60.5643593641588,TRUE
-0.32,0.016,-0.171769647173094,0.360778010196846,61.2447469147196,TRUE
-0.315,0.016,-0.163651349213588,0.36925031371485,61.9202639748788,TRUE
-0.31,0.016,-0.155555227870292,0.377677533517533,62.5908668788758,TRUE
-0.305,0.016,-0.147482181009888,0.38605897097016,63.2565142598354,TRUE
-0.3,0.016,-0.139433087848391,0.394393952165456,63.9171670390216,TRUE
-0.295,0.016,-0.131408808672942,0.402681827956104,64.5727884129209,TRUE
-0.29,0.016,-0.123410184588689,0.410921973960975,65.2233438382272,TRUE
-0.285,0.016,-0.115438037290541,0.419113790545716,65.8688010148011,TRUE
-0.28,0.016,-0.10749316885954,0.427256702778361,66.5091298666799,TRUE
-0.275,0.016,-0.0995763615835602,0.435350160360643,67.1443025212156,TRUE
-0.27,0.016,-0.0916883778019696,0.443393637535723,67.7742932864202,TRUE
-0.265,0.016,-0.0838299597739033,0.451386632973101,68.3990786265987,TRUE
-0.26,0.016,-0.0760018295697098,0.459328669631454,69.0186371363505,TRUE
-0.255,0.016,-0.0682046889851322,0.467219294600204,69.6329495130228,TRUE
-0.25,0.016,-0.0604392194777374,0.475058078920626,70.2419985276975,TRUE
-0.245,0.016,-0.0527060821250844,0.482844617387303,70.8457689947954,TRUE
-0.24,0.016,-0.045005917604092,0.490578528330792,71.44424774038,TRUE
-0.235,0.016,-0.0373393461910435,0.498259453382316,72.0374235692456,TRUE
-0.23,0.016,-0.0297069677816432,0.505887057221353,72.62528723087,TRUE
-0.225,0.016,-0.0221093619305208,0.513461027306984,73.2078313843159,TRUE
-0.22,0.016,-0.0145470879095584,0.520981073593846,73.7850505621611,TRUE
-0.215,0.016,-0.00702068478440512,0.528446928233562,74.356941133539,TRUE
-0.5,0.0162,-0.440206358898907,0.0655734121369357,37.0328272353329,TRUE
-0.495,0.0162,-0.432001132351186,0.0749315216330291,37.8267093402907,TRUE
-0.49,0.0162,-0.423781964363218,0.0842791994494978,38.6182466197324,TRUE
-0.485,0.0162,-0.415550037592671,0.093615162756004,39.4073339055185,TRUE
-0.48,0.0162,-0.407306537041161,0.102938136821419,40.1938673138318,TRUE
-0.475,0.0162,-0.399052649216249,0.112246855868682,40.9777443121043,TRUE
-0.47,0.0162,-0.390789561295589,0.12154006391536,41.758863784075,TRUE
-0.465,0.0162,-0.382518460294601,0.130816515598618,42.5371260928838,TRUE
-0.46,0.0162,-0.374240532238975,0.140074976983392,43.312433142114,TRUE
-0.455,0.0162,-0.365956961343322,0.14931422635257,44.0846884347003,TRUE
-0.45,0.0162,-0.357668929197251,0.158533054978058,44.8537971296251,TRUE
-0.445,0.0162,-0.349377613960127,0.167730267871661,45.6196660963313,TRUE
-0.44,0.0162,-0.341084189565729,0.176904684514744,46.3822039667859,TRUE
-0.435,0.0162,-0.332789824937999,0.186055139565727,47.1413211851343,TRUE
-0.43,0.0162,-0.324495683219027,0.1951804835445,47.8969300548909,TRUE
-0.425,0.0162,-0.31620292101038,0.204279583492918,48.6489447836194,TRUE
-0.42,0.0162,-0.307912687628842,0.213351323610608,49.3972815250594,TRUE
-0.415,0.0162,-0.299626124377589,0.222394605865362,50.1418584186652,TRUE
-0.41,0.0162,-0.291344363833757,0.231408350577478,50.8825956265262,TRUE
-0.405,0.0162,-0.283068529153339,0.240391496977461,51.6194153676469,TRUE
-0.4,0.0162,-0.274799733394277,0.249343003736579,52.352241949568,TRUE
-0.395,0.0162,-0.266539078858553,0.258261849469814,53.0810017973184,TRUE
-0.39,0.0162,-0.258287656454063,0.267147033210838,53.8056234796931,TRUE
-0.385,0.0162,-0.250046545076966,0.275997574858698,54.5260377328563,TRUE
-0.38,0.0162,-0.241816811015154,0.284812515595958,55.2421774812781,TRUE
-0.375,0.0162,-0.233599507373455,0.293590918278123,55.9539778560158,TRUE
-0.37,0.0162,-0.22539567352108,0.30233186779423,56.6613762103565,TRUE
-0.365,0.0162,-0.21720633456181,0.311034471398543,57.3643121328459,TRUE
-0.36,0.0162,-0.20903250082733,0.319697859013369,58.0627274577285,TRUE
-0.355,0.0162,-0.200875167394082,0.328321183503071,58.7565662728348,TRUE
-0.35,0.0162,-0.192735313623926,0.336903620919391,59.4457749249499,TRUE
-0.345,0.0162,-0.184613902728875,0.345444370718289,60.1303020227081,TRUE
-0.34,0.0162,-0.176511881360081,0.353942655948526,60.8100984370572,TRUE
-0.335,0.0162,-0.16843017922121,0.362397723412291,61.4851172993451,TRUE
-0.33,0.0162,-0.160369708706294,0.370808843798227,62.1553139970797,TRUE
-0.325,0.0162,-0.152331364562086,0.379175311787236,62.8206461674217,TRUE
-0.32,0.0162,-0.144316023574898,0.387496446131516,63.48107368847,TRUE
-0.315,0.0162,-0.136324544281836,0.395771589707313,64.1365586684028,TRUE
-0.31,0.0162,-0.128357766706341,0.404000109541911,64.7870654325416,TRUE
-0.305,0.0162,-0.12041651211784,0.412181396815429,65.4325605084054,TRUE
-0.3,0.0162,-0.112501582815309,0.420314866838025,66.0730126088283,TRUE
-0.295,0.0162,-0.1046137619345,0.428399959003135,66.7083926132105,TRUE
-0.29,0.0162,-0.0967538132785203,0.436436136717426,67.3386735469797,TRUE
-0.285,0.0162,-0.0889224811714499,0.444422887308131,67.9638305593374,TRUE
-0.28,0.0162,-0.0811204903346128,0.452359721908509,68.5838408993677,TRUE
-0.275,0.0162,-0.0733485457851072,0.460246175322153,69.1986838905875,TRUE
-0.27,0.0162,-0.0656073327561547,0.468081805866901,69.8083409040148,TRUE
-0.265,0.0162,-0.0578975166388033,0.475866195199144,70.4127953298373,TRUE
-0.26,0.0162,-0.0502197429444927,0.483598948119298,71.0120325477584,TRUE
-0.255,0.0162,-0.0425746372879619,0.491279692359259,71.6060398961013,TRUE
-0.25,0.0162,-0.034962805389956,0.498908078352642,72.194806639751,TRUE
-0.245,0.0162,-0.0273848330991743,0.506483778988624,72.778323937012,TRUE
-0.24,0.0162,-0.0198412864328723,0.514006489350213,73.356584805462,TRUE
-0.235,0.0162,-0.0123327116355248,0.521475926437765,73.9295840868776,TRUE
-0.23,0.0162,-0.00485963525493621,0.528891828878584,74.4973184113102,TRUE
-0.5,0.0164,-0.410619620110864,0.0971153364101424,39.8155731544092,TRUE
-0.495,0.0164,-0.402424329971792,0.106375202201961,40.5961877379643,TRUE
-0.49,0.0164,-0.394219296707398,0.115620530792628,41.374136756823,TRUE
-0.485,0.0164,-0.386005685110604,0.124850093208329,42.1493215189175,TRUE
-0.48,0.0164,-0.377784659490431,0.134062671121106,42.921644798936,TRUE
-0.475,0.0164,-0.36955738287241,0.143257057626058,43.6910108967256,TRUE
-0.47,0.0164,-0.36132501620538,0.152432058000841,44.4573256936092,TRUE
-0.465,0.0164,-0.353088717575912,0.161586490446369,45.2204967065457,TRUE
-0.46,0.0164,-0.344849641431517,0.170719186807729,45.9804331400655,TRUE
-0.455,0.0164,-0.336608937813819,0.179828993274347,46.7370459359224,TRUE
-0.45,0.0164,-0.328367751602813,0.188914771058493,47.4902478204032,TRUE
-0.445,0.0164,-0.320127221773283,0.197975397051291,48.2399533492491,TRUE
-0.44,0.0164,-0.31188848066443,0.207009764455441,48.9860789501419,TRUE
-0.435,0.0164,-0.303652653263726,0.216016783393941,49.7285429627188,TRUE
-0.43,0.0164,-0.295420856505941,0.224995381494123,50.4672656760833,TRUE
-0.425,0.0164,-0.28719419858826,0.233944504446423,51.2021693637855,TRUE
-0.42,0.0164,-0.278973778302362,0.242863116537343,51.9331783162514,TRUE
-0.415,0.0164,-0.270760684384271,0.251750201156119,52.6602188706481,TRUE
-0.41,0.0164,-0.262555994882747,0.260604761274707,53.3832194381727,TRUE
-0.405,0.0164,-0.25436077654693,0.269425819900719,54.1021105287659,TRUE
-0.4,0.0164,-0.246176084233901,0.278212420503036,54.8168247732482,TRUE
-0.395,0.0164,-0.238002960336758,0.286963627409886,55.5272969428906,TRUE
-0.39,0.0164,-0.229842434233758,0.295678526179216,56.2334639664288,TRUE
-0.385,0.0164,-0.221695521759042,0.304356223941267,56.9352649445428,TRUE
-0.38,0.0164,-0.213563224695349,0.312995849713321,57.6326411618215,TRUE
-0.375,0.0164,-0.20544653028914,0.32159655468664,58.3255360962435,TRUE
-0.37,0.0164,-0.197346410788441,0.330157512485674,59.0138954262034,TRUE
-0.365,0.0164,-0.189263823003686,0.338677919399681,59.6976670351231,TRUE
-0.36,0.0164,-0.1811997078918,0.347156994586947,60.3768010136879,TRUE
-0.355,0.0164,-0.173154990163661,0.355593980251851,61.0512496597527,TRUE
-0.35,0.0164,-0.16513057791509,0.363988141795065,61.7209674759665,TRUE
-0.345,0.0164,-0.157127362281416,0.372338767937234,62.3859111651692,TRUE
-0.34,0.0164,-0.149146217115641,0.380645170816521,63.0460396236142,TRUE
-0.335,0.0164,-0.141187998690169,0.388906686060454,63.7013139320769,TRUE
-0.33,0.0164,-0.133253545422028,0.397122672832533,64.3516973449094,TRUE
-0.325,0.0164,-0.125343677621446,0.405292513854126,64.997155277107,TRUE
-0.32,0.0164,-0.117459197263636,0.413415615402189,65.6376552894501,TRUE
-0.315,0.0164,-0.109600887783551,0.421491407283391,66.2731670717926,TRUE
-0.31,0.0164,-0.101769513893383,0.429519342785261,66.903662424565,TRUE
-0.305,0.0164,-0.0939658214225055,0.437498898604994,67.5291152385642,TRUE
-0.3,0.0164,-0.0861905371795358,0.445429574756578,68.1495014731039,TRUE
-0.295,0.0164,-0.0784443688361588,0.453310894456945,68.7647991325981,TRUE
-0.29,0.0164,-0.0707280048323205,0.461142403991834,69.3749882416543,TRUE
-0.285,0.0164,-0.0630421143023691,0.468923672562116,69.980050818751,TRUE
-0.28,0.0164,-0.0553873470216943,0.476654292111312,70.5799708485747,TRUE
-0.275,0.0164,-0.0477643333733881,0.484333877135063,71.1747342530954,TRUE
-0.27,0.0164,-0.0401736843344283,0.491962064473328,71.7643288614534,TRUE
-0.265,0.0164,-0.0326159914808644,0.499538513086074,72.3487443787356,TRUE
-0.26,0.0164,-0.0250918270114611,0.507062903813253,72.9279723537175,TRUE
-0.255,0.0164,-0.0176017437892464,0.514534939119843,73.502006145643,TRUE
-0.25,0.0164,-0.0101462754003861,0.521954342826751,74.0708408901206,TRUE
-0.245,0.0164,-0.00272593622980035,0.529320859828364,74.6344734642064,TRUE
-0.5,0.0166,-0.381272492445688,0.128114265154131,42.5336149902673,TRUE
-0.495,0.0166,-0.3731013287959,0.137263490289093,43.3000553858723,TRUE
-0.49,0.0166,-0.364924470294984,0.146394337077423,44.0635378223886,TRUE
-0.485,0.0166,-0.35674305503921,0.155505637182267,44.8239704996821,TRUE
-0.48,0.0166,-0.348558218043504,0.164596235114896,45.5812632323972,TRUE
-0.475,0.0166,-0.34037109049218,0.17366498892683,46.3353274995235,TRUE
-0.47,0.0166,-0.332182798999648,0.182710770881674,47.086076491741,TRUE
-0.465,0.0166,-0.323994464882183,0.191732468105816,47.833425156493,TRUE
-0.46,0.0166,-0.315807203441759,0.200728983217201,48.5772902407404,TRUE
-0.455,0.0166,-0.307622123262954,0.209699234931449,49.3175903313576,TRUE
-0.45,0.0166,-0.299440325523863,0.21864215864463,50.0542458931353,TRUE
-0.445,0.0166,-0.291262903321927,0.227556706992099,50.7871793043626,TRUE
-0.44,0.0166,-0.283090941015536,0.236441850382808,51.516314889962,TRUE
-0.435,0.0166,-0.274925513582224,0.245296577508632,52.2415789521628,TRUE
-0.43,0.0166,-0.266767685994221,0.254119895828235,52.9628997986986,TRUE
-0.425,0.0166,-0.25861851261207,0.262910832025135,53.6802077685224,TRUE
-0.42,0.0166,-0.250479036596995,0.27166843243963,54.3934352550377,TRUE
-0.415,0.0166,-0.242350289342623,0.280391763474346,55.1025167268504,TRUE
-0.41,0.0166,-0.234233289926621,0.289079911973198,55.8073887460479,TRUE
-0.405,0.0166,-0.226129044582776,0.297731985573645,56.5079899840219,TRUE
-0.4,0.0166,-0.218038546193968,0.306347113032148,57.2042612348518,TRUE
-0.395,0.0166,-0.209962773806446,0.314924444522819,57.8961454262722,TRUE
-0.39,0.0166,-0.201902692165763,0.323463151909293,58.5835876282538,TRUE
-0.385,0.0166,-0.193859251274674,0.331962428989916,59.2665350592277,TRUE
-0.38,0.0166,-0.185833385973252,0.340421491716385,59.9449370899915,TRUE
-0.375,0.0166,-0.177826015541418,0.348839578386046,60.6187452453355,TRUE
-0.37,0.0166,-0.169838043324035,0.357215949808081,61.2879132034355,TRUE
-0.365,0.0166,-0.161870356378677,0.365549889443887,61.9523967930563,TRUE
-0.36,0.0166,-0.153923825146113,0.373840703521965,62.6121539886209,TRUE
-0.355,0.0166,-0.145999303143524,0.382087721127723,63.2671449031949,TRUE
-0.35,0.0166,-0.138097626680398,0.390290294268587,63.9173317794466,TRUE
-0.345,0.0166,-0.130219614597034,0.398447797914906,64.5626789786393,TRUE
-0.34,0.0166,-0.12236606802552,0.406559630017118,65.2031529677192,TRUE
-0.335,0.0166,-0.11453777017301,0.414625211499728,65.8387223045622,TRUE
-0.33,0.0166,-0.106735486127106,0.422643986232652,66.4693576214448,TRUE
-0.325,0.0166,-0.0989599626830845,0.430615420980514,67.0950316068072,TRUE
-0.32,0.0166,-0.0912119281926888,0.438539005330512,67.7157189853776,TRUE
-0.315,0.0166,-0.0834920924341747,0.446414251599507,68.3313964967269,TRUE
-0.31,0.0166,-0.0758011465032546,0.454240694720975,68.9420428723258,TRUE
-0.305,0.0166,-0.0681397627245641,0.462017892112529,69.5476388111751,TRUE
-0.3,0.0166,-0.0605085945832394,0.469745423524688,70.1481669540836,TRUE
-0.295,0.0166,-0.0529082766761732,0.477422890871627,70.743611856664,TRUE
-0.29,0.0166,-0.0453394246824915,0.485049918044617,71.3339599611216,TRUE
-0.285,0.0166,-0.0378026353527668,0.492626150708904,71.9191995669079,TRUE
-0.28,0.0166,-0.0302984865164681,0.500151256084762,72.4993208003129,TRUE
-0.275,0.0166,-0.0228275371071288,0.50762492271348,73.0743155830669,TRUE
-0.27,0.0166,-0.0153903272046926,0.515046860209028,73.6441776000259,TRUE
-0.265,0.0166,-0.0079873780944905,0.522416798996161,74.2089022660096,TRUE
-0.26,0.0166,-0.000619192342282222,0.529734490035713,74.7684866918642,TRUE
-0.5,0.0168,-0.35221066285511,0.158535650913355,45.1847320009316,TRUE
-0.495,0.0168,-0.344077006655208,0.167562977674384,45.9362058208013,TRUE
-0.49,0.0168,-0.335941528819506,0.176568364064381,46.6844582020714,TRUE
-0.485,0.0168,-0.327805332996232,0.185550707799481,47.4294045248672,TRUE
-0.48,0.0168,-0.319669517413351,0.19450892129335,48.1709618982317,TRUE
-0.475,0.0168,-0.311535174188844,0.203441932259842,48.9090492008137,TRUE
-0.47,0.0168,-0.303403388653873,0.212348684293629,49.6435871192717,TRUE
-0.465,0.0168,-0.295275238689751,0.221228137428151,50.3744981843606,TRUE
-0.46,0.0168,-0.287151794079551,0.230079268670319,51.1017068046776,TRUE
-0.455,0.0168,-0.279034115875174,0.23890107251147,51.8251392980456,TRUE
-0.45,0.0168,-0.270923255780632,0.24769256141409,52.5447239205173,TRUE
-0.445,0.0168,-0.262820255552266,0.256452766273922,53.2603908929923,TRUE
-0.44,0.0168,-0.254726146416587,0.265180736857117,53.9720724254404,TRUE
-0.435,0.0168,-0.246641948506333,0.273875542212126,54.6797027387311,TRUE
-0.43,0.0168,-0.238568670315354,0.282536271056131,55.383218084075,TRUE
-0.425,0.0168,-0.230507308172819,0.291162032135814,56.0825567600872,TRUE
-0.42,0.0168,-0.222458845737249,0.299751954562377,56.777659127485,TRUE
-0.415,0.0168,-0.21442425351078,0.308305188120727,57.4684676214422,TRUE
-0.41,0.0168,-0.206404488374051,0.316820903552846,58.154926761621,TRUE
-0.405,0.0168,-0.198400493142034,0.325298292815365,58.8369831599098,TRUE
-0.4,0.0168,-0.190413196141088,0.33373656931147,59.5145855259002,TRUE
-0.395,0.0168,-0.182443510807469,0.342134968097253,60.1876846701365,TRUE
-0.39,0.0168,-0.174492335307465,0.350492746062744,60.8562335051793,TRUE
-0.385,0.0168,-0.166560552179304,0.358809182087833,61.5201870445252,TRUE
-0.38,0.0168,-0.158649027996912,0.367083577173385,62.1795023994281,TRUE
-0.375,0.0168,-0.150758613055562,0.375315254547876,62.8341387736733,TRUE
-0.37,0.0168,-0.14289014107941,0.383503559749929,63.484057456355,TRUE
-0.365,0.0168,-0.135044428950876,0.39164786068714,64.1292218127121,TRUE
-0.36,0.0168,-0.127222276461771,0.399747547671659,64.7695972730812,TRUE
-0.355,0.0168,-0.119424466086045,0.407802033432993,65.4051513200238,TRUE
-0.35,0.0168,-0.111651762773987,0.415810753108556,66.0358534736918,TRUE
-0.345,0.0168,-0.103904913767668,0.423773164212496,66.6616752754922,TRUE
-0.34,0.0168,-0.0961846484373819,0.431688746583369,67.2825902701178,TRUE
-0.335,0.0168,-0.0884916781388204,0.439557002311269,67.8985739860086,TRUE
-0.33,0.0168,-0.0808266960906513,0.447377455645004,68.5096039143123,TRUE
-0.325,0.0168,-0.0731903772721799,0.455149652879988,69.1156594864111,TRUE
-0.32,0.0168,-0.0655833783407188,0.462873162227473,69.7167220500851,TRUE
-0.315,0.0168,-0.058006337568266,0.470547573665817,70.3127748443799,TRUE
-0.31,0.0168,-0.0504598747970824,0.478172498774458,70.9038029732505,TRUE
-0.305,0.0168,-0.0429445914137167,0.485747570551297,71.4897933780491,TRUE
-0.3,0.0168,-0.0354610703410204,0.493272443214197,72.0707348089288,TRUE
-0.295,0.0168,-0.0280098760476659,0.500746791987305,72.6466177952315,TRUE
-0.29,0.0168,-0.0205915545746721,0.508170312872924,73.2174346149302,TRUE
-0.285,0.0168,-0.0132066335784178,0.51554272240965,73.7831792631937,TRUE
-0.28,0.0168,-0.0058556223896186,0.522863757417503,74.343847420143,TRUE
-0.5,0.017,-0.323476091302175,0.188349486783896,47.7671371694266,TRUE
-0.495,0.017,-0.315392454047043,0.197244813073892,48.5029649560687,TRUE
-0.49,0.017,-0.307310672765501,0.206114925855995,49.2353368706924,TRUE
-0.485,0.017,-0.299231810029685,0.21495879298407,49.964175641831,TRUE
-0.48,0.017,-0.29115692092913,0.223775398507701,50.6894058085474,TRUE
-0.475,0.017,-0.283087052447187,0.232563743183822,51.4109537524338,TRUE
-0.47,0.017,-0.275023242852554,0.241322844965327,52.1287477273287,TRUE
-0.465,0.017,-0.266966521106666,0.250051739466211,52.8427178867381,TRUE
-0.46,0.017,-0.258917906287598,0.258749480402907,53.5527963089532,TRUE
-0.455,0.017,-0.250878407031124,0.267415140011478,54.2589170198601,TRUE
-0.45,0.017,-0.242849020989518,0.276047809440421,54.961016013444,TRUE
-0.445,0.017,-0.234830734308611,0.284646599118874,55.6590312699927,TRUE
-0.44,0.017,-0.226824521123633,0.293210639100077,56.3529027720115,TRUE
-0.435,0.017,-0.218831343074241,0.301739079379989,57.0425725178636,TRUE
-0.43,0.017,-0.210852148839171,0.310231090191024,57.7279845331554,TRUE
-0.425,0.017,-0.20288787369082,0.318685862270893,58.4090848798907,TRUE
-0.42,0.017,-0.194939439070098,0.327102607106636,59.0858216634215,TRUE
-0.415,0.017,-0.187007752181776,0.33548055715392,59.7581450372261,TRUE
-0.41,0.017,-0.179093705610552,0.343818966031785,60.4260072055507,TRUE
-0.405,0.017,-0.171198176957992,0.352117108693002,61.0893624239518,TRUE
-0.4,0.017,-0.163322028500467,0.360374281570318,61.7481669977823,TRUE
-0.395,0.017,-0.155466106868149,0.36858980269885,62.4023792786658,TRUE
-0.39,0.017,-0.147631242745103,0.376763011814961,63.0519596590075,TRUE
-0.385,0.017,-0.139818250590461,0.384893270431973,63.6968705645907,TRUE
-0.38,0.017,-0.132027928380624,0.392979961893129,64.3370764453141,TRUE
-0.375,0.017,-0.124261057372388,0.401022491402225,64.9725437641237,TRUE
-0.37,0.017,-0.116518401886876,0.409020286032379,65.6032409841974,TRUE
-0.365,0.017,-0.1088007091141,0.41697279471344,66.2291385544407,TRUE
-0.36,0.017,-0.101108708937948,0.424879488198551,66.8502088933556,TRUE
-0.355,0.017,-0.0934431137813571,0.432739859010421,67.4664263713443,TRUE
-0.35,0.017,-0.0858046184714005,0.440553421367873,68.0777672915109,TRUE
-0.345,0.017,-0.0781939001239983,0.448319711093269,68.6842098690268,TRUE
-0.34,0.017,-0.0706116180479071,0.456038285501417,69.2857342091248,TRUE
-0.335,0.017,-0.063058413667643,0.463708723270596,69.8823222837874,TRUE
-0.33,0.017,-0.0555349104649511,0.471330624296338,70.4739579071971,TRUE
-0.325,0.017,-0.048041713938419,0.478903609528633,71.0606267100145,TRUE
-0.32,0.017,-0.0405794115808056,0.486427320793217,71.6423161125524,TRUE
-0.315,0.017,-0.0331485728736402,0.493901420597617,72.2190152969116,TRUE
-0.31,0.017,-0.0257497492986279,0.501325591922657,72.790715178146,TRUE
-0.305,0.017,-0.0183834743653799,0.508699538000086,73.3574083745237,TRUE
-0.3,0.017,-0.0110502636549734,0.516022982077035,73.9190891769485,TRUE
-0.295,0.017,-0.00375061487883395,0.523295667168002,74.4757535176094,TRUE
-0.5,0.0172,-0.295106914768693,0.217530232355942,50.2794603650395,TRUE
-0.495,0.0172,-0.287084895111994,0.226284611210468,50.9990728465326,TRUE
-0.49,0.0172,-0.279068197296565,0.235010797421945,51.7150238042451,TRUE
-0.485,0.0172,-0.271057837322047,0.243707831799119,52.4272433727072,TRUE
-0.48,0.0172,-0.263054821928471,0.252374772503836,53.1356635480861,TRUE
-0.475,0.0172,-0.255060148042912,0.261010695472532,53.8402182118826,TRUE
-0.47,0.0172,-0.247074802242819,0.2696146948144,54.5408431524018,TRUE
-0.465,0.0172,-0.23909976023661,0.278185883185988,55.2374760840033,TRUE
-0.46,0.0172,-0.231135986361995,0.286723392142051,55.9300566641362,TRUE
-0.455,0.0172,-0.223184433102517,0.295226372462538,56.6185265081704,TRUE
-0.45,0.0172,-0.215246040622698,0.303693994455609,57.3028292020407,TRUE
-0.445,0.0172,-0.207321736322174,0.312125448236673,57.9829103127224,TRUE
-0.44,0.0172,-0.199412434409131,0.320519943983462,58.6587173965628,TRUE
-0.435,0.0172,-0.191519035493317,0.328876712167193,59.3302000054951,TRUE
-0.43,0.0172,-0.183642426198872,0.337195003759941,59.9973096911664,TRUE
-0.425,0.0172,-0.175783478797159,0.345474090418378,60.6600000070139,TRUE
-0.42,0.0172,-0.167943050859734,0.353713264644067,61.3182265083274,TRUE
-0.415,0.0172,-0.160121984931564,0.36191183992056,61.9719467503378,TRUE
-0.41,0.0172,-0.152321108224556,0.370069150827583,62.6211202843772,TRUE
-0.405,0.0172,-0.144541232331404,0.378184553132613,63.2657086521552,TRUE
-0.4,0.0172,-0.136783152959742,0.386257423860207,63.905675378201,TRUE
-0.395,0.0172,-0.129047649686539,0.394287161339479,64.5409859605227,TRUE
-0.39,0.0172,-0.121335485732641,0.402273185230137,65.1716078595382,TRUE
-0.385,0.0172,-0.113647407757322,0.410214936527523,65.7975104853297,TRUE
-0.38,0.0172,-0.105984145672682,0.418111877547156,66.4186651832836,TRUE
-0.375,0.0172,-0.0983464124776778,0.425963491889267,67.03504521817,TRUE
-0.37,0.0172,-0.0907349041115686,0.433769284383855,67.646625756725,TRUE
-0.365,0.0172,-0.0831502993264985,0.441528781016826,68.2533838487947,TRUE
-0.36,0.0172,-0.0755932595789316,0.449241528837779,68.8552984071045,TRUE
-0.355,0.0172,-0.0680644289396147,0.456907095850023,69.4523501857156,TRUE
-0.35,0.0172,-0.0605644340217256,0.464525070883447,70.0445217572323,TRUE
-0.345,0.0172,-0.0530938839268352,0.472095063450841,70.6317974888248,TRUE
-0.34,0.0172,-0.0456533702082955,0.479616703588322,71.2141635171305,TRUE
-0.335,0.0172,-0.0382434668516402,0.487089641680475,71.7916077220982,TRUE
-0.33,0.0172,-0.0308647302715684,0.494513548270901,72.364119699841,TRUE
-0.325,0.0172,-0.0235176993250649,0.50188811385878,72.9316907345591,TRUE
-0.32,0.0172,-0.0162028953401951,0.509213048682147,73.4943137695983,TRUE
-0.315,0.0172,-0.00892082216009846,0.516488082488522,74.0519833777066,TRUE
-0.31,0.0172,-0.00167196620169351,0.523712964293567,74.6046957305507,TRUE
-0.5,0.0174,-0.26713741106479,0.24605668692434,52.720727496298,TRUE
-0.495,0.0174,-0.259187667466477,0.254662310948806,53.4236616474017,TRUE
-0.49,0.0174,-0.251246487943397,0.263237058065543,54.1227567927534,TRUE
-0.485,0.0174,-0.243314837536191,0.271780043675736,54.8179504311465,TRUE
-0.48,0.0174,-0.235393670534668,0.280290401367799,55.5091819461454,TRUE
-0.475,0.0174,-0.227483929996509,0.288767283251698,56.1963926220158,TRUE
-0.47,0.0174,-0.21958654728363,0.297209860270241,56.8795256575354,TRUE
-0.465,0.0174,-0.211702441616583,0.305617322487276,57.5585261777002,TRUE
-0.46,0.0174,-0.203832519647334,0.313988879352759,58.2333412433447,TRUE
-0.455,0.0174,-0.195977675050714,0.322323759944745,58.9039198587029,TRUE
-0.45,0.0174,-0.188138788134806,0.330621213188351,59.570212976933,TRUE
-0.445,0.0174,-0.18031672547046,0.338880508051826,60.2321735036406,TRUE
-0.44,0.0174,-0.17251233954013,0.347100933719876,60.8897562984306,TRUE
-0.435,0.0174,-0.164726468406138,0.355281799744443,61.5429181745265,TRUE
-0.43,0.0174,-0.156959935398474,0.363422436173182,62.1916178964968,TRUE
-0.425,0.0174,-0.149213548822167,0.371522193655902,62.8358161761301,TRUE
-0.42,0.0174,-0.141488101684233,0.379580443529289,63.4754756665044,TRUE
-0.415,0.0174,-0.133784371440191,0.38759657788026,64.1105609542982,TRUE
-0.41,0.0174,-0.126103119760056,0.395570009588314,64.7410385503928,TRUE
-0.405,0.0174,-0.118445092313728,0.403500172347295,65.3668768788167,TRUE
-0.4,0.0174,-0.110811018575637,0.411386520667008,65.9880462640862,TRUE
-0.395,0.0174,-0.103201611648469,0.419228529855138,66.6045189169976,TRUE
-0.39,0.0174,-0.0956175681057828,0.427025695979972,67.2162689189254,TRUE
-0.385,0.0174,-0.0880595678532835,0.434777535814432,67.8232722046872,TRUE
-0.38,0.0174,-0.0805282740084966,0.442483586761938,68.4255065440303,TRUE
-0.375,0.0174,-0.073024332798558,0.450143406764671,69.0229515218038,TRUE
-0.37,0.0174,-0.065548373475806,0.457756574194786,69.6155885168726,TRUE
-0.365,0.0174,-0.0581010082508457,0.46532268772916,70.2034006798367,TRUE
-0.36,0.0174,-0.0506828322427288,0.472841366208279,70.7863729096164,TRUE
-0.355,0.0174,-0.0432944234458646,0.480312248479859,71.3644918289645,TRUE
-0.35,0.0174,-0.0359363427132777,0.487734993227813,71.9377457589673,TRUE
-0.345,0.0174,-0.0286091337557868,0.495109278787205,72.5061246925964,TRUE
-0.34,0.0174,-0.0213133231566817,0.502434802945794,73.0696202673715,TRUE
-0.335,0.0174,-0.0140494204014536,0.509711282732824,73.6282257371956,TRUE
-0.33,0.0174,-0.00681791792211951,0.516938454195678,74.1819359434238,TRUE
-0.5,0.0176,-0.239598016697762,0.273911818103636,55.0903364911581,TRUE
-0.495,0.0176,-0.231730254849789,0.282361990795825,55.7762306078303,TRUE
-0.49,0.0176,-0.223874067774403,0.290778894272165,56.4581354981548,TRUE
-0.485,0.0176,-0.216030366229868,0.299161719090138,57.1359958963884,TRUE
-0.48,0.0176,-0.208200049011514,0.30750967452844,57.8097584195976,TRUE
-0.475,0.0176,-0.200384002542354,0.315821988838785,58.4793715764769,TRUE
-0.47,0.0176,-0.192583100481759,0.324097909475468,59.1447857741863,TRUE
-0.465,0.0176,-0.184798203352441,0.332336703302767,59.8059533232341,TRUE
-0.46,0.0176,-0.177030158185919,0.340537656780296,60.4628284404355,TRUE
-0.455,0.0176,-0.169279798186624,0.348700076126477,61.1153672499796,TRUE
-0.45,0.0176,-0.161547942414771,0.356823287460326,61.7635277826413,TRUE
-0.445,0.0176,-0.153835395488053,0.364906636921795,62.4072699731759,TRUE
-0.44,0.0176,-0.146142947302205,0.372949490770924,63.0465556559387,TRUE
-0.435,0.0176,-0.138471372770448,0.38095123546613,63.6813485587725,TRUE
-0.43,0.0176,-0.130821431581752,0.388911277721951,64.3116142952089,TRUE
-0.425,0.0176,-0.123193867977878,0.396829044546622,64.9373203550314,TRUE
-0.42,0.0176,-0.115589410549081,0.404703983259877,65.5584360932505,TRUE
-0.415,0.0176,-0.10800877204833,0.412535561491395,66.1749327175408,TRUE
-0.41,0.0176,-0.100452649223902,0.420323267160348,66.786783274195,TRUE
-0.405,0.0176,-0.0929217226701345,0.428066608436502,67.3939626326474,TRUE
-0.4,0.0176,-0.0854166566961126,0.435765113683391,67.9964474686232,TRUE
-0.395,0.0176,-0.0779380992120558,0.443418331384049,68.5942162459697,TRUE
-0.39,0.0176,-0.0704866816331056,0.451025830049841,69.1872491972272,TRUE
-0.385,0.0176,-0.0630630188002301,0.458587198112942,69.7755283029964,TRUE
-0.38,0.0176,-0.0556677089179133,0.46610204380301,70.3590372701617,TRUE
-0.375,0.0176,-0.0483013335082833,0.473569995008638,70.9377615090291,TRUE
-0.37,0.0176,-0.040964457381324,0.480990699124151,71.5116881094368,TRUE
-0.365,0.0176,-0.033657628620778,0.48836382288236,72.0808058158989,TRUE
-0.36,0.0176,-0.0263813785853514,0.495689052173836,72.6451050018389,TRUE
-0.355,0.0176,-0.0191362219247974,0.502966091853348,73.2045776429747,TRUE
-0.35,0.0176,-0.0119226566104613,0.510194665534032,73.7592172899105,TRUE
-0.345,0.0176,-0.00474116397984155,0.517374515369926,74.309019039995,TRUE
-0.5,0.0178,-0.212515392395195,0.301082554090517,57.3880309142594,TRUE
-0.495,0.0178,-0.204738365966657,0.309371650085479,58.056618906978,TRUE
-0.49,0.0178,-0.196975689236981,0.317625370311702,58.7210935606575,TRUE
-0.485,0.0178,-0.189228216355203,0.325842980090864,59.3814066418766,TRUE
-0.48,0.0178,-0.18149678856199,0.334023763726788,60.0375117760538,TRUE
-0.475,0.0178,-0.173782233850344,0.342167024680648,60.6893644498816,TRUE
-0.47,0.0178,-0.166085366644291,0.350272085725118,61.3369220119446,TRUE
-0.465,0.0178,-0.158406987495679,0.358338289077659,61.9801436715565,TRUE
-0.46,0.0178,-0.150747882799134,0.366364996513183,62.6189904958532,TRUE
-0.455,0.0178,-0.143108824525199,0.374351589456351,63.2534254051833,TRUE
-0.45,0.0178,-0.135490569971669,0.382297469053806,63.8834131668364,TRUE
-0.445,0.0178,-0.127893861533057,0.390202056226674,64.5089203871553,TRUE
-0.44,0.0178,-0.120319426488138,0.398064791703686,65.1299155020768,TRUE
-0.435,0.0178,-0.11276797680545,0.405885136035299,65.7463687661508,TRUE
-0.43,0.0178,-0.10524020896663,0.413662569589237,66.3582522400852,TRUE
-0.425,0.0178,-0.0977368038074096,0.421396592527871,66.9655397768698,TRUE
-0.42,0.0178,-0.0902584263760855,0.429086724767903,67.5682070065296,TRUE
-0.415,0.0178,-0.0828057258092384,0.436732505922826,68.1662313195615,TRUE
-0.41,0.0178,-0.0753793352244564,0.444333495228643,68.7595918491091,TRUE
-0.405,0.0178,-0.0679798716298004,0.451889271453366,69.3482694519295,TRUE
-0.4,0.0178,-0.0606079358497097,0.459399432790817,69.9322466882091,TRUE
-0.395,0.0178,-0.0532641124670413,0.466863596739257,70.5115078002824,TRUE
-0.39,0.0178,-0.0459489697809068,0.474281399965405,71.086038690313,TRUE
-0.385,0.0178,-0.0386630597799595,0.4816524981544,71.6558268969901,TRUE
-0.38,0.0178,-0.0314069181307583,0.488976565846261,72.2208615712997,TRUE
-0.375,0.0178,-0.0241810641808282,0.496253296259442,72.7811334514254,TRUE
-0.37,0.0178,-0.0169860009760186,0.503482401102034,73.3366348368357,TRUE
-0.365,0.0178,-0.00982221529174945,0.510663610371207,73.887359561613,TRUE
-0.36,0.0178,-0.00269017767772375,0.517796672141478,74.4333029670808,TRUE
-0.5,0.018,-0.18591252952193,0.327559547636751,59.6138719826144,TRUE
-0.495,0.018,-0.178234052630076,0.335682963910024,60.2649770853858,TRUE
-0.49,0.018,-0.170572463659715,0.343769174635277,60.911869496166,TRUE
-0.485,0.018,-0.162928558739073,0.351817518674409,61.554507749096,TRUE
-0.48,0.018,-0.155303120392277,0.359827353888948,62.1928521943414,TRUE
-0.475,0.018,-0.147696917266957,0.367798057245475,62.826864994912,TRUE
-0.47,0.018,-0.14011070387938,0.375729024901465,63.4565101218473,TRUE
-0.465,0.018,-0.132545220377108,0.38361967227184,64.0817533478075,TRUE
-0.46,0.018,-0.125001192319133,0.391469434076559,64.7025622391146,TRUE
-0.455,0.018,-0.117479330473406,0.399277764369585,65.3189061462869,TRUE
-0.45,0.018,-0.109980330631666,0.4070441365496,65.9307561931147,TRUE
-0.445,0.018,-0.102504873441427,0.414768043352868,66.5380852643224,TRUE
-0.44,0.018,-0.0950536242549555,0.422448996828667,67.1408679918693,TRUE
-0.435,0.018,-0.0876272329950565,0.430086528297716,67.7390807399368,TRUE
-0.43,0.018,-0.0802263340374507,0.437680188294062,68.3327015886544,TRUE
-0.425,0.018,-0.0728515461095018,0.445229546490908,68.9217103166165,TRUE
-0.42,0.018,-0.0655034722050359,0.452734191610853,69.5060883822426,TRUE
-0.415,0.018,-0.0581826995149662,0.460193731321069,70.0858189040344,TRUE
-0.41,0.018,-0.050889799373423,0.467607792113915,70.6608866397835,TRUE
-0.405,0.018,-0.0436253272190678,0.474976019173518,71.2312779647835,TRUE
-0.4,0.018,-0.0363898225712498,0.482298076228862,71.7969808491012,TRUE
-0.395,0.018,-0.0291838090206527,0.489573645393926,72.3579848339613,TRUE
-0.39,0.018,-0.022007794234059,0.496802426995416,72.914281007297,TRUE
-0.385,0.018,-0.0148622699728555,0.503984139388644,73.4658619785228,TRUE
-0.38,0.018,-0.007747712124878,0.511118518762119,74.0127218525811,TRUE
-0.375,0.018,-0.000664580749194122,0.518205318931405,74.5548562033167,TRUE
-0.5,0.0182,-0.159808890546143,0.353336919384363,61.768209675514,TRUE
-0.495,0.0182,-0.152235860296229,0.361291019384109,62.4017377540076,TRUE
-0.49,0.0182,-0.144682021462426,0.369206349569599,63.0309770522767,TRUE
-0.485,0.0182,-0.137148111564764,0.377082320412708,63.6558925579769,TRUE
-0.48,0.0182,-0.129634854052899,0.384918361189826,64.2764510162608,TRUE
-0.475,0.0182,-0.122142958096404,0.392713920024847,64.8926209217651,TRUE
-0.47,0.0182,-0.114673118391809,0.400468463914269,65.5043725091529,TRUE
-0.465,0.0182,-0.107226014986291,0.40818147873475,66.1116777422567,TRUE
-0.46,0.0182,-0.0998023131178824,0.415852469233526,66.7145103018676,TRUE
-0.455,0.0182,-0.0924026630720235,0.423480959002071,67.3128455722178,TRUE
-0.45,0.0182,-0.0850277000542932,0.43106649043343,67.9066606262061,TRUE
-0.445,0.0182,-0.0776780440790883,0.438608624663675,68.4959342094132,TRUE
-0.44,0.0182,-0.0703542998740314,0.446106941497927,69.0806467229598,TRUE
-0.435,0.0182,-0.0630570567998479,0.453561039321422,69.6607802052552,TRUE
-0.43,0.0182,-0.0557868887854402,0.460970534996104,70.236318312691,TRUE
-0.425,0.0182,-0.0485443542778653,0.468335063743241,70.8072462993273,TRUE
-0.42,0.0182,-0.0413299962069049,0.475654279012567,71.373550995628,TRUE
-0.415,0.0182,-0.0341443419639027,0.482927852338469,71.9352207862929,TRUE
-0.41,0.0182,-0.0269879033945237,0.490155473183734,72.4922455872414,TRUE
-0.405,0.0182,-0.0198611768050845,0.497336848771388,73.0446168217982,TRUE
-0.4,0.0182,-0.0127646429820827,0.504471703905155,73.5923273961331,TRUE
-0.395,0.0182,-0.00569876722454747,0.511559780779072,74.1353716740064,TRUE
-0.5,0.0184,-0.134220576854283,0.378411987627171,63.8516535572644,TRUE
-0.495,0.0184,-0.126759004289265,0.38619404018989,64.4675861825249,TRUE
-0.49,0.0184,-0.119318696386329,0.393936011126875,65.079175606433,TRUE
-0.485,0.0184,-0.111900332197545,0.401637380006622,65.6863929184535,TRUE
-0.48,0.0184,-0.104504576445421,0.409297644825379,66.2892108943241,TRUE
-0.475,0.0184,-0.0971320793709171,0.416916321995312,66.8876039839792,TRUE
-0.47,0.0184,-0.0897834765971983,0.424492946316577,67.48154829822,TRUE
-0.465,0.0184,-0.0824593890089394,0.43202707093371,68.0710215941797,TRUE
-0.46,0.0184,-0.0751604226469832,0.439518267276767,68.6560032596297,TRUE
-0.455,0.0184,-0.0678871686181189,0.446966124987635,69.2364742961757,TRUE
-0.45,0.0184,-0.0606402030197388,0.454370251831985,69.8124173013918,TRUE
-0.445,0.0184,-0.0534200868791053,0.461730273597327,70.3838164499426,TRUE
-0.44,0.0184,-0.046227366106946,0.469045833977635,70.9506574737416,TRUE
-0.435,0.0184,-0.0390625714650764,0.476316594445041,71.5129276411972,TRUE
-0.43,0.0184,-0.0319262185477356,0.483542234109082,72.0706157355946,TRUE
-0.425,0.0184,-0.0248188077763043,0.490722449564007,72.6237120326644,TRUE
-0.42,0.0184,-0.0177408244070656,0.497856954724638,73.1722082773868,TRUE
-0.415,0.0184,-0.0106927385516499,0.50494548065131,73.7160976600825,TRUE
-0.41,0.0184,-0.00367500520980231,0.511987775364385,74.2553747918364,TRUE
-0.5,0.0186,-0.109160517541939,0.402784990853115,65.8650438476814,TRUE
-0.495,0.0186,-0.101815565391745,0.410393105604514,66.4634312826318,TRUE
-0.49,0.0186,-0.0944937274826769,0.417960064967621,67.0574411019595,TRUE
-0.485,0.0186,-0.0871956251684111,0.425485414628582,67.6470501182845,TRUE
-0.48,0.0186,-0.0799218653974411,0.432968718173072,68.2322367494117,TRUE
-0.475,0.0186,-0.072673040613398,0.440409557027219,68.8129810029264,TRUE
-0.47,0.0186,-0.0654497286699091,0.447807530384297,69.3892644597273,TRUE
-0.465,0.0186,-0.0582524927597701,0.455162255117618,69.9610702565403,TRUE
-0.46,0.0186,-0.0510818813581643,0.462473365680082,70.528383067463,TRUE
-0.455,0.0186,-0.043938428179657,0.469740513990824,71.0911890845867,TRUE
-0.45,0.0186,-0.0368226521486805,0.476963369309441,71.6494759977423,TRUE
-0.445,0.0186,-0.0297350573831978,0.484141618098267,72.2032329734197,TRUE
-0.44,0.0186,-0.022676133191233,0.49127496387317,72.7524506329079,TRUE
-0.435,0.0186,-0.0156463540799384,0.498363127043366,73.2971210297023,TRUE
-0.43,0.0186,-0.00864617977685282,0.505405844740732,73.8372376262284,TRUE
-0.425,0.0186,-0.00167605526300846,0.512402870639113,74.3727952699275,TRUE
-0.5,0.0188,-0.084638673272901,0.42645880863872,67.8094231894092,TRUE
-0.495,0.0188,-0.0774146989813144,0.433891869403687,68.3903774149937,TRUE
-0.49,0.0188,-0.0702154731399581,0.44128292372462,68.9669379298868,TRUE
-0.485,0.0188,-0.0630415607060639,0.448631580070229,69.5390868739023,TRUE
-0.48,0.0188,-0.0558935123158646,0.45593746415775,70.1068079036848,TRUE
-0.475,0.0188,-0.0487718642315399,0.463200218854007,70.6700861746698,TRUE
-0.47,0.0188,-0.0416771383014096,0.470419504064095,71.2289083221591,TRUE
-0.465,0.0188,-0.0346098419330935,0.477594996608116,71.783262441558,TRUE
-0.46,0.0188,-0.0275704680793493,0.484726390086441,72.3331380678193,TRUE
-0.455,0.0188,-0.0205594952362748,0.491813394733944,72.8785261541406,TRUE
-0.45,0.0188,-0.0135773874535679,0.498855737263682,73.4194190499601,TRUE
-0.445,0.0188,-0.0066245943565045,0.505853160700488,73.9558104782964,TRUE
-0.5,0.019,-0.0606622498586762,0.449438685653578,69.6860094767119,TRUE
-0.495,0.019,-0.0535628524831427,0.456696283208037,70.2496973640054,TRUE
-0.49,0.019,-0.0464896320449597,0.46391123005871,70.8089920799932,TRUE
-0.485,0.019,-0.0394430988461766,0.471083193865486,71.3638806869008,TRUE
-0.48,0.019,-0.0324237490884731,0.478211858789695,71.9143516705045,TRUE
-0.475,0.019,-0.0254320648610177,0.485296925362305,72.4603949200887,TRUE
-0.47,0.019,-0.0184685141402184,0.492338110341534,73.0020017076867,TRUE
-0.465,0.019,-0.0115335508010633,0.499335146560319,73.5391646666503,TRUE
-0.46,0.019,-0.00462761463973325,0.506287782764083,74.0718777695892,TRUE
-0.5,0.0192,-0.0372359168275585,0.471731962723775,71.4961700301832,TRUE
-0.495,0.0192,-0.0302639865436819,0.478814328026025,72.0428067448763,TRUE
-0.49,0.0192,-0.0233194666258652,0.485853589002479,72.5850658056966,TRUE
-0.485,0.0192,-0.0164028148141569,0.492849468745732,73.122938790992,TRUE
-0.48,0.0192,-0.00951447508293484,0.499801706030976,73.6564186065168,TRUE
-0.475,0.0192,-0.0026548776640721,0.506710055157852,74.1854994639561,TRUE
-0.5,0.0194,-0.0143620268929657,0.493347818126922,73.2413973278743,TRUE
-0.495,0.0194,-0.00751979598268404,0.500255756974328,73.7712400348015,TRUE
-0.49,0.0194,-0.000706025185404794,0.50712031238076,74.2967339760108,TRUE
