"ch4","mbw","co2"
1.33812254975688,1.21271394866217,99.573331278893
1.33812243044032,1.21298751015036,99.6005917015464
1.33812207324354,1.21326042412686,99.6277913844661
1.33812147929108,1.21353269290236,99.6549305400254
1.33812064970109,1.2138043187773,99.6820093796787
1.33811958558541,1.21407530404195,99.7090281139659
1.33811828804957,1.21434565097644,99.7359869525174
1.33811675819283,1.21461536185081,99.7628861040585
1.33811499710825,1.2148844389251,99.7897257764142
1.33811300588269,1.21515288444933,99.8165061765136
1.33811078559687,1.21542070066364,99.8432275103945
1.33810833732541,1.21568788979826,99.869889983208
1.33810566213683,1.21595445407363,99.896493799223
1.33810276109366,1.21622039570039,99.9230391618306
1.33809963525239,1.21648571687947,99.9495262735487
1.33809628566357,1.21675041980214,99.9759553360263
1.33809271337183,1.21701450665003,100.002326550048
1.33808891941589,1.21727797959523,100.028640115538
1.33808490482863,1.21754084080026,100.054896231565
1.33808067063711,1.21780309241822,100.081095096346
1.33807621786261,1.21806473659274,100.107236907252
1.33807154752066,1.21832577545811,100.133321860809
1.33806666062106,1.21858621113928,100.159350152707
1.33806155816796,1.21884604575192,100.185321977801
1.33805624115984,1.21910528140246,100.211237530114
1.33805071058958,1.21936392018816,100.237097002845
1.33804496744448,1.21962196419715,100.26290058837
1.3380390127063,1.21987941550844,100.288648478248
1.33803284735129,1.22013627619202,100.314340863226
1.33802647235022,1.22039254830889,100.339977933238
1.3380198886684,1.22064823391108,100.365559877416
1.33801309726576,1.22090333504171,100.391086884088
1.33800609909683,1.22115785373507,100.416559140786
1.33799889511079,1.22141179201661,100.44197683425
1.33799148625152,1.22166515190301,100.467340150428
1.3379838734576,1.22191793540225,100.492649274484
1.33797605766237,1.2221701445136,100.5179043908
1.33796803979396,1.22242178122771,100.543105682982
1.33795982077527,1.22267284752663,100.56825333386
1.33795140152409,1.22292334538388,100.593347525496
1.33794278295305,1.22317327676445,100.618388439184
1.3379339659697,1.22342264362488,100.643376255459
1.33792495147652,1.2236714479133,100.668311154095
1.33791574037094,1.22391969156944,100.693193314111
1.3379063335454,1.22416737652472,100.718022913779
1.33789673188735,1.22441450470226,100.742800130619
1.33788693627931,1.22466107801693,100.76752514141
1.33787694759887,1.22490709837539,100.792198122193
1.33786676671873,1.22515256767613,100.81681924827
1.33785639450673,1.22539748780953,100.841388694212
1.33784583182589,1.22564186065788,100.865906633861
1.33783507953441,1.22588568809541,100.890373240334
1.33782413848573,1.22612897198838,100.914788686027
1.33781300952855,1.22637171419505,100.939153142617
1.33780169350682,1.22661391656579,100.963466781067
1.33779019125984,1.22685558094307,100.987729771629
1.33777850362222,1.22709670916153,101.011942283849
1.33776663142395,1.22733730304799,101.036104486567
1.3377545754904,1.22757736442152,101.060216547924
1.33774233664236,1.22781689509345,101.084278635363
1.33772991569609,1.22805589686744,101.108290915635
1.33771731346329,1.2282943715395,101.132253554799
1.33770453075119,1.22853232089802,101.156166718228
1.33769156836251,1.22876974672383,101.180030570613
1.33767842709556,1.22900665079022,101.203845275964
1.33766510774421,1.22924303486298,101.227610997613
1.33765161109793,1.22947890070044,101.25132789822
1.33763793794183,1.22971425005354,101.274996139776
1.33762408905667,1.22994908466578,101.298615883603
1.3376100652189,1.23018340627337,101.322187290362
1.33759586720065,1.23041721660516,101.345710520051
1.33758149576982,1.23065051738277,101.369185732013
1.33756695169004,1.23088331032055,101.392613084936
1.33755223572072,1.23111559712565,101.415992736859
1.33753734861708,1.23134737949808,101.439324845173
1.33752229113019,1.23157865913068,101.462609566622
1.33750706400693,1.23180943770923,101.485847057314
1.33749166799011,1.23203971691242,101.509037472714
1.3374761038184,1.23226949841194,101.532180967655
1.33746037222642,1.23249878387248,101.555277696337
1.33744447394472,1.23272757495177,101.578327812332
1.33742840969984,1.23295587330061,101.601331468586
1.33741218021432,1.23318368056294,101.624288817423
1.33739578620669,1.23341099837581,101.647200010545
1.33737922839156,1.23363782836949,101.67006519904
1.33736250747958,1.23386417216743,101.692884533382
1.33734562417749,1.23409003138635,101.715658163433
1.33732857918815,1.23431540763624,101.738386238447
1.33731137321055,1.2345403025204,101.761068907075
1.33729400693984,1.23476471763549,101.783706317366
1.33727648106733,1.23498865457154,101.806298616769
1.33725879628055,1.23521211491199,101.828845952137
1.33724095326323,1.23543510023372,101.851348469729
1.33722295269537,1.23565761210711,101.873806315217
1.3372047952532,1.23587965209603,101.896219633681
1.33718648160927,1.23610122175788,101.918588569621
1.33716801243242,1.23632232264365,101.94091326695
1.33714938838782,1.23654295629793,101.963193869007
1.33713061013698,1.23676312425893,101.985430518551
1.33711167833781,1.23698282805855,102.007623357769
1.33709259364457,1.23720206922237,102.029772528277
1.33707335670797,1.23742084926969,102.051878171124
1.33705396817512,1.23763916971358,102.073940426791
1.33703442868961,1.23785703206091,102.0959594352
1.33701473889148,1.23807443781233,102.11793533571
1.33699489941727,1.23829138846238,102.139868267125
1.33697491090005,1.23850788549945,102.161758367692
1.3369547739694,1.23872393040585,102.183605775108
1.33693448925146,1.23893952465783,102.205410626521
1.33691405736893,1.23915466972559,102.22717305853
1.33689347894113,1.23936936707335,102.248893207193
1.33687275458397,1.23958361815934,102.270571208024
1.33685188490999,1.23979742443585,102.292207195999
1.33683087052838,1.24001078734925,102.313801305558
1.336809712045,1.24022370834001,102.335353670607
1.33678841006241,1.24043618884276,102.35686442452
1.33676696517984,1.2406482302863,102.378333700143
1.33674537799328,1.24085983409359,102.399761629795
1.33672364909545,1.24107100168187,102.421148345273
1.33670177907583,1.24128173446258,102.442493977852
1.33667976852066,1.24149203384147,102.463798658286
1.33665761801302,1.2417019012186,102.485062516816
1.33663532813277,1.24191133798833,102.506285683166
1.33661289945661,1.24212034553943,102.527468286552
1.33659033255811,1.24232892525501,102.548610455677
1.33656762800767,1.24253707851264,102.569712318741
1.33654478637262,1.24274480668431,102.590774003437
1.33652180821716,1.24295211113647,102.611795636958
1.33649869410244,1.24315899323009,102.632777345996
1.33647544458652,1.24336545432064,102.653719256746
1.33645206022443,1.24357149575815,102.674621494909
1.33642854156817,1.24377711888723,102.695484185692
1.33640488916673,1.24398232504707,102.716307453815
1.33638110356611,1.24418711557151,102.737091423506
1.33635718530931,1.24439149178901,102.757836218511
1.33633313493642,1.24459545502275,102.778541962088
1.33630895298452,1.24479900659056,102.79920877702
1.33628463998781,1.24500214780505,102.819836785605
1.33626019647757,1.24520487997355,102.84042610967
1.33623562298217,1.24540720439816,102.860976870562
1.33621092002711,1.24560912237582,102.881489189162
1.33618608813502,1.24581063519827,102.901963185875
1.3361611278257,1.24601174415209,102.922398980642
1.3361360396161,1.24621245051877,102.942796692938
1.33611082402036,1.24641275557467,102.963156441774
1.33608548154983,1.24661266059109,102.983478345699
1.33606001271305,1.24681216683426,103.003762522803
1.33603441801581,1.24701127556542,103.024009090721
1.33600869796114,1.24720998804076,103.044218166631
1.33598285304934,1.24740830551153,103.064389867259
1.33595688377798,1.24760622922398,103.084524308881
1.3359307906419,1.24780376041947,103.104621607322
1.33590457413328,1.24800090033441,103.124681877963
1.3358782347416,1.24819765020036,103.144705235741
1.33585177295369,1.24839401124398,103.164691795148
1.3358251892537,1.24858998468711,103.184641670237
1.33579848412319,1.24878557174677,103.204554974623
1.33577165804106,1.24898077363518,103.224431821485
1.33574471148362,1.24917559155978,103.244272323567
1.33571764492458,1.24937002672326,103.264076593181
1.33569045883508,1.24956408032359,103.283844742208
1.3356631536837,1.24975775355403,103.303576882102
1.33563572993646,1.24995104760314,103.323273123889
1.33560818805684,1.25014396365484,103.342933578174
1.3355805285058,1.25033650288839,103.362558355134
1.33555275174181,1.25052866647844,103.382147564532
1.33552485822082,1.25072045559505,103.401701315707
1.3354968483963,1.25091187140366,103.421219717585
1.33546872271928,1.25110291506522,103.440702878675
1.33544048163831,1.25129358773609,103.460150907074
1.3354121255995,1.25148389056814,103.479563910469
1.33538365504654,1.25167382470876,103.498941996136
1.33535507042069,1.25186339130083,103.518285270945
1.33532637216084,1.25205259148282,103.537593841361
1.33529756070345,1.25224142638875,103.556867813446
1.33526863648265,1.25242989714823,103.576107292857
1.33523959993016,1.25261800488648,103.595312384856
1.33521045147538,1.25280575072436,103.614483194303
1.33518119154536,1.25299313577838,103.633619825664
1.33515182056484,1.2531801611607,103.65272238301
1.33512233895622,1.25336682797921,103.671790970019
1.33509274713963,1.25355313733747,103.69082568998
1.3350630455329,1.2537390903348,103.70982664579
1.33503323455157,1.25392468806625,103.728793939961
1.33500331460893,1.25410993162267,103.747727674619
1.33497328611604,1.25429482209066,103.766627951506
1.33494314948167,1.25447936055266,103.785494871982
1.33491290511241,1.25466354808692,103.804328537027
1.33488255341262,1.25484738576755,103.823129047241
1.33485209478444,1.25503087466452,103.84189650285
1.33482152962784,1.25521401584369,103.860631003701
1.33479085834061,1.25539681036681,103.879332649271
1.33476008131835,1.25557925929157,103.898001538664
1.33472919895452,1.25576136367159,103.916637770613
1.33469821164044,1.25594312455645,103.935241443483
1.33466711976529,1.25612454299173,103.953812655272
1.33463592371611,1.25630562001897,103.972351503615
1.33460462387785,1.25648635667576,103.99085808578
1.33457322063337,1.25666675399569,104.009332498676
1.33454171436341,1.25684681300844,104.02777483885
1.33451010544665,1.25702653473973,104.04618520249
1.3344783942597,1.25720592021137,104.06456368543
1.33444658117712,1.25738497044129,104.082910383144
1.33441466657142,1.25756368644352,104.101225390757
1.33438265081307,1.25774206922826,104.119508803037
1.33435053427053,1.25792011980185,104.137760714405
1.33431831731024,1.25809783916679,104.155981218932
1.33428600029662,1.2582752283218,104.174170410339
1.33425358359213,1.2584522882618,104.192328382004
1.33422106755724,1.25862901997793,104.21045522696
1.33418845255043,1.25880542445758,104.228551037895
1.33415573892824,1.2589815026844,104.246615907159
1.33412292704525,1.25915725563833,104.264649926758
1.3340900172541,1.25933268429558,104.282653188362
1.33405700990551,1.25950778962868,104.300625783305
1.33402390534827,1.2596825726065,104.318567802584
1.33399070392926,1.25985703419424,104.336479336862
1.33395740599347,1.26003117535348,104.35436047647
1.33392401188399,1.26020499704214,104.372211311408
1.33389052194203,1.26037850021458,104.390031931348
1.33385693650694,1.26055168582153,104.407822425631
1.3338232559162,1.26072455481016,104.425582883274
1.33378948050545,1.26089710812411,104.443313392967
1.33375561060847,1.26106934670342,104.461014043077
1.33372164655722,1.26124127148465,104.47868492165
1.33368758868185,1.26141288340084,104.496326116409
1.33365343731067,1.26158418338151,104.513937714758
1.33361919277021,1.26175517235274,104.531519803785
1.3335848553852,1.26192585123712,104.549072470258
1.33355042547858,1.26209622095379,104.566595800633
1.33351590337152,1.26226628241846,104.58408988105
1.33348128938341,1.26243603654344,104.601554797338
1.33344658383191,1.26260548423762,104.618990635012
1.33341178703291,1.26277462640651,104.636397479282
1.33337689930056,1.26294346395223,104.653775415044
1.3333419209473,1.26311199777356,104.671124526892
1.33330685228382,1.26328022876594,104.688444899112
1.33327169361913,1.26344815782147,104.705736615684
1.3332364452605,1.26361578582895,104.722999760288
1.33320110751354,1.26378311367387,104.740234416301
1.33316568068216,1.26395014223844,104.7574406668
1.33313016506858,1.2641168724016,104.774618594561
1.33309456097336,1.26428330503903,104.791768282064
1.33305886869541,1.26444944102319,104.808889811493
1.33302308853197,1.26461528122329,104.825983264736
1.33298722077865,1.26478082650535,104.843048723386
1.33295126572942,1.26494607773216,104.860086268745
1.33291522367662,1.26511103576337,104.877095981823
1.33287909491097,1.26527570145541,104.89407794334
1.3328428797216,1.26544007566161,104.911032233727
1.332806578396,1.2656041592321,104.927958933127
1.3327701912201,1.26576795301394,104.944858121397
1.33273371847823,1.26593145785102,104.96172987811
1.33269716045314,1.26609467458417,104.978574282553
1.33266051742602,1.26625760405112,104.995391413731
1.33262378967647,1.26642024708652,105.01218135037
1.33258697748258,1.26658260452197,105.028944170912
1.33255008112086,1.26674467718601,105.045679953522
1.33251310086628,1.26690646590416,105.062388776087
1.33247603699231,1.26706797149892,105.079070716217
1.33243888977086,1.26722919478977,105.095725851248
1.33240165947235,1.2673901365932,105.112354258239
1.33236434636569,1.26755079772272,105.128956013979
1.33232695071826,1.26771117898889,105.145531194983
1.33228947279599,1.26787128119929,105.162079877496
1.3322519128633,1.26803110515856,105.178602137493
1.33221427118313,1.26819065166843,105.195098050681
1.33217654801696,1.2683499215277,105.2115676925
1.33213874362481,1.26850891553226,105.228011138124
1.33210085826522,1.26866763447512,105.244428462461
1.33206289219531,1.2688260791464,105.260819740156
1.33202484567074,1.26898425033336,105.277185045591
1.33198671894574,1.26914214882042,105.293524452886
1.33194851227312,1.26929977538913,105.309838035901
1.33191022590426,1.26945713081823,105.326125868238
1.33187186008913,1.26961421588364,105.342388023238
1.3318334150763,1.26977103135847,105.358624573986
1.33179489111293,1.26992757801303,105.374835593312
1.3317562884448,1.27008385661487,105.391021153789
1.33171760731629,1.27023986792876,105.407181327739
1.33167884797042,1.2703956127167,105.423316187228
1.33164001064881,1.27055109173797,105.439425804071
1.33160109559175,1.2707063057491,105.455510249835
1.33156210303814,1.27086125550389,105.471569595834
1.33152303322555,1.27101594175346,105.487603913134
1.3314838863902,1.27117036524619,105.503613272557
1.33144466276696,1.27132452672782,105.519597744673
1.33140536258939,1.27147842694138,105.535557399811
1.33136598608969,1.27163206662724,105.551492308053
1.33132653349879,1.27178544652313,105.567402539239
1.33128700504626,1.27193856736413,105.583288162967
1.33124740096039,1.2720914298827,105.599149248593
1.33120772146816,1.27224403480867,105.614985865232
1.33116796679527,1.27239638286927,105.63079808176
1.33112813716612,1.27254847478912,105.646585966816
1.33108823280384,1.27270031129027,105.662349588801
1.33104825393027,1.27285189309219,105.67808901588
1.33100820076599,1.27300322091178,105.693804315981
1.33096807353031,1.2731542954634,105.7094955568
1.33092787244132,1.27330511745886,105.725162805799
1.3308875977158,1.27345568760744,105.740806130206
1.33084724956934,1.27360600661591,105.75642559702
1.33080682821625,1.2737560751885,105.772021273009
1.33076633386965,1.27390589402698,105.787593224711
1.33072576674139,1.27405546383061,105.803141518435
1.33068512704213,1.27420478529616,105.818666220264
1.33064441498131,1.27435385911797,105.834167396054
1.33060363076715,1.27450268598788,105.849645111434
1.33056277460668,1.27465126659531,105.865099431809
1.33052184670573,1.27479960162725,105.880530422362
1.33048084726893,1.27494769176823,105.89593814805
1.33043977649974,1.27509553770041,105.911322673612
1.33039863460042,1.27524314010349,105.926684063562
1.33035742177207,1.27539049965483,105.942022382197
1.33031613821462,1.27553761702936,105.957337693594
1.33027478412684,1.27568449289966,105.972630061609
1.33023335970633,1.27583112793593,105.987899549886
1.33019186514954,1.27597752280603,106.003146221849
1.33015030065179,1.27612367817546,106.018370140706
1.33010866640723,1.27626959470738,106.033571369452
1.33006696260891,1.27641527306265,106.048749970868
1.33002518944872,1.27656071389978,106.063906007522
1.32998334711743,1.276705917875,106.07903954177
1.32994143580471,1.27685088564222,106.094150635757
1.32989945569908,1.27699561785308,106.109239351416
1.32985740698799,1.27714011515694,106.124305750474
1.32981528985775,1.27728437820087,106.139349894447
1.32977310449361,1.27742840762972,106.154371844643
1.32973085107968,1.27757220408604,106.169371662166
1.32968852979902,1.27771576821019,106.18434940791
1.32964614083358,1.27785910064026,106.199305142568
1.32960368436426,1.27800220201214,106.214238926626
1.32956116057085,1.27814507295951,106.229150820368
1.3295185696321,1.27828771411381,106.244040883874
1.32947591172569,1.27843012610433,106.258909177023
1.32943318702824,1.27857230955816,106.273755759493
1.3293903957153,1.2787142651002,106.288580690762
1.3293475379614,1.27885599335319,106.303384030109
1.32930461394001,1.27899749493772,106.318165836614
1.32926162382356,1.27913877047223,106.33292616916
1.32921856778345,1.279279820573,106.347665086431
1.32917544599004,1.2794206458542,106.362382646918
1.32913225861269,1.27956124692787,106.377078908914
1.32908900581971,1.27970162440392,106.39175393052
1.32904568777842,1.27984177889018,106.406407769641
1.3290023046551,1.27998171099237,106.42104048399
1.32895885661506,1.28012142131412,106.435652131089
1.32891534382259,1.28026091045698,106.450242768267
1.32887176644097,1.28040017902044,106.464812452663
1.3288281246325,1.2805392276019,106.479361241227
1.32878441855851,1.28067805679673,106.493889190718
1.32874064837931,1.28081666719826,106.508396357709
1.32869681425427,1.28095505939775,106.522882798584
1.32865291634175,1.28109323398446,106.537348569541
1.32860895479916,1.28123119154561,106.551793726592
1.32856492978294,1.28136893266643,106.566218325563
1.32852084144858,1.28150645793012,106.580622422097
1.32847668995059,1.28164376791789,106.595006071651
1.32843247544254,1.28178086320897,106.609369329502
1.32838819807706,1.28191774438061,106.623712250741
1.32834385800583,1.28205441200807,106.638034890281
1.32829945537957,1.28219086666467,106.652337302852
1.32825499034809,1.28232710892175,106.666619543004
1.32821046306028,1.28246313934872,106.68088166511
1.32816587366405,1.28259895851305,106.695123723362
1.32812122230645,1.28273456698025,106.709345771774
1.32807650913357,1.28286996531395,106.723547864183
1.3280317342906,1.28300515407581,106.737730054252
1.32798689792181,1.28314013382563,106.751892395465
1.32794200017058,1.28327490512127,106.766034941132
1.32789704117937,1.28340946851872,106.780157744388
1.32785202108975,1.28354382457207,106.794260858197
1.3278069400424,1.28367797383355,106.808344335346
1.32776179817709,1.28381191685349,106.822408228454
1.32771659563274,1.28394565418038,106.836452589964
1.32767133254734,1.28407918636085,106.85047747215
1.32762600905803,1.28421251393966,106.864482927118
1.32758062530108,1.28434563745976,106.878469006801
1.32753518141188,1.28447855746224,106.892435762964
1.32748967752494,1.28461127448639,106.906383247205
1.32744411377393,1.28474378906964,106.920311510953
1.32739849029163,1.28487610174766,106.934220605471
1.32735280721,1.28500821305427,106.948110581856
1.32730706466013,1.28514012352151,106.961981491037
1.32726126277225,1.28527183367963,106.975833383782
1.32721540167576,1.28540334405711,106.989666310692
1.32716948149922,1.28553465518062,107.003480322204
1.32712350237035,1.28566576757509,107.017275468595
1.32707746441602,1.28579668176369,107.031051799976
1.3270313677623,1.2859273982678,107.044809366298
1.32698521253441,1.28605791760708,107.058548217352
1.32693899885676,1.28618824029946,107.072268402767
1.32689272685292,1.2863183668611,107.085969972013
1.32684639664567,1.28644829780646,107.0996529744
1.32680000835697,1.28657803364828,107.113317459081
1.32675356210795,1.28670757489756,107.126963475048
1.32670705801896,1.28683692206361,107.14059107114
1.32666049620954,1.28696607565406,107.154200296037
1.32661387679844,1.28709503617481,107.167791198261
1.32656719990358,1.28722380413008,107.181363826183
1.32652046564214,1.28735238002244,107.194918228015
1.32647367413046,1.28748076435276,107.208454451818
1.32642682548414,1.28760895762024,107.221972545496
1.32637991981796,1.28773696032243,107.235472556804
1.32633295724596,1.28786477295522,107.248954533341
1.32628593788136,1.28799239601286,107.262418522555
1.32623886183664,1.28811982998796,107.275864571745
1.32619172922351,1.28824707537148,107.289292728057
1.3261445401529,1.28837413265277,107.302703038487
1.32609729473499,1.28850100231954,107.316095549882
1.32604999307919,1.28862768485791,107.329470308941
1.32600263529416,1.28875418075236,107.342827362214
1.32595522148781,1.28888049048579,107.356166756102
1.32590775176729,1.2890066145395,107.36948853686
1.32586022623902,1.28913255339318,107.382792750597
1.32581264500867,1.28925830752497,107.396079443275
1.32576500818116,1.2893838774114,107.40934866071
1.32571731586067,1.28950926352744,107.422600448575
1.32566956815068,1.2896344663465,107.435834852397
1.32562176515389,1.28975948634043,107.449051917559
1.32557390697231,1.28988432397952,107.462251689303
1.32552599370721,1.29000897973251,107.475434212725
1.32547802545913,1.2901334540666,107.488599532782
1.32543000232791,1.29025774744747,107.501747694288
1.32538192441266,1.29038186033924,107.514878741915
1.32533379181178,1.29050579320454,107.527992720196
1.32528560462295,1.29062954650445,107.541089673523
1.32523736294317,1.29075312069857,107.554169646151
1.3251890668687,1.29087651624496,107.567232682192
1.32514071649513,1.29099973360021,107.580278825623
1.32509231191732,1.29112277321939,107.593308120281
1.32504385322946,1.29124563555611,107.606320609869
1.32499534052504,1.29136832106246,107.619316337949
1.32494677389685,1.29149083018909,107.632295347949
1.324898153437,1.29161316338515,107.645257683161
1.32484947923692,1.29173532109834,107.658203386743
1.32480075138733,1.2918573037749,107.671132501716
1.32475196997832,1.29197911185959,107.684045070968
1.32470313509926,1.29210074579576,107.696941137253
1.32465424683886,1.29222220602528,107.709820743193
1.32460530528516,1.29234349298861,107.722683931277
1.32455631052554,1.29246460712476,107.735530743859
1.32450726264669,1.29258554887132,107.748361223166
1.32445816173466,1.29270631866446,107.761175411291
1.32440900787483,1.29282691693892,107.773973350197
1.32435980115192,1.29294734412804,107.786755081716
1.32431054164999,1.29306760066375,107.799520647551
1.32426122945247,1.29318768697659,107.812270089278
1.3242118646421,1.2933076034957,107.82500344834
1.32416244730101,1.29342735064881,107.837720766056
1.32411297751067,1.2935469288623,107.850422083614
1.3240634553519,1.29366633856115,107.863107442077
1.32401388090488,1.29378558016897,107.87577688238
1.32396425424917,1.293904654108,107.888430445333
1.32391457546367,1.29402356079911,107.901068171619
1.32386484462667,1.29414230066183,107.913690101797
1.32381506181582,1.29426087411433,107.926296276299
1.32376522710813,1.29437928157341,107.938886735435
1.32371534058,1.29449752345455,107.951461519389
1.3236654023072,1.29461560017189,107.964020668224
1.32361541236487,1.29473351213824,107.976564221878
1.32356537082756,1.29485125976506,107.989092220168
1.32351527776918,1.29496884346251,108.001604702787
1.32346513326303,1.29508626363942,108.014101709308
1.3234149373818,1.29520352070332,108.026583279183
1.32336469019756,1.29532061506042,108.039049451742
1.3233143917818,1.29543754711562,108.051500266196
1.32326404220538,1.29555431727253,108.063935761636
1.32321364153857,1.29567092593348,108.076355977033
1.32316318985104,1.2957873734995,108.088760951241
1.32311268721184,1.29590366037031,108.101150722992
1.32306213368947,1.29601978694441,108.113525330903
1.32301152935179,1.29613575361896,108.125884813473
1.32296087426609,1.2962515607899,108.138229209084
1.32291016849908,1.29636720885187,108.150558556
1.32285941211686,1.29648269819829,108.162872892369
1.32280860518496,1.29659802922128,108.175172256225
1.32275774776834,1.29671320231174,108.187456685485
1.32270683993134,1.2968282178593,108.199726217951
1.32265588173776,1.29694307625239,108.211980891311
1.32260487325082,1.29705777787814,108.22422074314
1.32255381453314,1.29717232312251,108.236445810896
1.32250270564678,1.29728671237019,108.248656131928
1.32245154665325,1.29740094600467,108.260851743469
1.32240033761348,1.2975150244082,108.27303268264
1.32234907858781,1.29762894796185,108.285198986451
1.32229776963605,1.29774271704543,108.297350691801
1.32224641081744,1.29785633203759,108.309487835475
1.32219500219064,1.29796979331576,108.32161045415
1.32214354381379,1.29808310125618,108.333718584392
1.32209203574443,1.29819625623388,108.345812262657
1.32204047803958,1.29830925862272,108.357891525289
1.3219888707557,1.29842210879538,108.369956408528
1.32193721394869,1.29853480712334,108.382006948499
1.32188550767392,1.29864735397693,108.394043181225
1.32183375198619,1.29875974972529,108.406065142616
1.32178194693978,1.29887199473641,108.418072868476
1.32173009258841,1.2989840893771,108.430066394504
1.32167818898528,1.29909603401302,108.442045756289
1.32162623618302,1.29920782900868,108.454010989316
1.32157423423376,1.29931947472745,108.465962128962
1.32152218318908,1.29943097153153,108.4778992105
1.32147008310001,1.299542319782,108.489822269098
1.32141793401707,1.29965351983879,108.501731339816
1.32136573599026,1.29976457206071,108.513626457615
1.32131348906902,1.29987547680543,108.525507657346
1.32126119330229,1.29998623442951,108.537374973761
1.32120884873849,1.30009684528836,108.549228441506
1.32115645542549,1.30020730973631,108.561068095126
1.32110401341068,1.30031762812656,108.57289396906
1.32105152274089,1.3004278008112,108.58470609765
1.32099898346246,1.30053782814121,108.596504515131
1.32094639562122,1.30064771046649,108.608289255639
1.32089375926246,1.30075744813583,108.62006035321
1.32084107443099,1.30086704149693,108.631817841778
1.32078834117108,1.30097649089639,108.643561755175
1.32073555952651,1.30108579667975,108.655292127136
1.32068272954056,1.30119495919145,108.667008991294
1.32062985125599,1.30130397877486,108.678712381185
1.32057692471506,1.30141285577227,108.690402330243
1.32052394995955,1.30152159052492,108.702078871807
1.3204709270307,1.30163018337295,108.713742039116
1.32041785596929,1.30173863465549,108.725391865309
1.32036473681559,1.30184694471056,108.737028383432
1.32031156960937,1.30195511387515,108.748651626431
1.32025835438991,1.30206314248521,108.760261627155
1.320205091196,1.30217103087562,108.771858418357
1.32015178006594,1.30227877938023,108.783442032695
1.32009842103755,1.30238638833186,108.79501250273
1.32004501414815,1.30249385806228,108.806569860928
1.31999155943457,1.30260118890223,108.81811413966
1.31993805693319,1.30270838118142,108.829645371202
1.31988450667986,1.30281543522856,108.841163587735
1.31983090871,1.3029223513713,108.852668821347
1.3197772630585,1.30302912993631,108.864161104033
1.31972356975981,1.30313577124922,108.875640467692
1.31966982884789,1.30324227563466,108.887106944131
1.31961604035624,1.30334864341625,108.898560565067
1.31956220431785,1.30345487491662,108.91000136212
1.31950832076528,1.30356097045739,108.921429366821
1.3194543897306,1.30366693035917,108.932844610609
1.31940041124542,1.30377275494162,108.94424712483
1.31934638534086,1.30387844452336,108.955636940741
1.31929231204761,1.30398399942206,108.967014089506
1.31923819139587,1.3040894199544,108.978378602201
1.31918402341538,1.30419470643608,108.989730509809
1.31912980813544,1.30429985918181,109.001069843225
1.31907554558485,1.30440487850536,109.012396633255
1.31902123579198,1.3045097647195,109.023710910615
1.31896687878475,1.30461451813605,109.035012705932
1.31891247459061,1.30471913906588,109.046302049744
1.31885802323654,1.30482362781887,109.057578972501
1.3188035247491,1.30492798470399,109.068843504567
1.31874897915437,1.30503221002921,109.080095676216
1.318694386478,1.30513630410159,109.091335517635
1.31863974674517,1.30524026722722,109.102563058924
1.31858505998064,1.30534409971127,109.113778330098
1.3185303262087,1.30544780185795,109.124981361084
1.31847554545321,1.30555137397055,109.136172181724
1.31842071773756,1.30565481635142,109.147350821771
1.31836584308473,1.30575812930199,109.158517310897
1.31831092151725,1.30586131312275,109.169671678686
1.31825595305719,1.30596436811329,109.180813954638
1.3182009377262,1.30606729457226,109.191944168168
1.31814587554549,1.3061700927974,109.203062348608
1.31809076653584,1.30627276308554,109.214168525203
1.31803561071757,1.30637530573261,109.225262727117
1.31798040811059,1.3064777210336,109.23634498343
1.31792515873437,1.30658000928264,109.247415323138
1.31786986260796,1.30668217077293,109.258473775156
1.31781451974994,1.30678420579679,109.269520368313
1.31775913017852,1.30688611464563,109.28055513136
1.31770369391143,1.30698789760997,109.291578092963
1.31764821096601,1.30708955497946,109.302589281706
1.31759268135915,1.30719108704285,109.313588726095
1.31753710510732,1.30729249408802,109.324576454551
1.31748148222659,1.30739377640194,109.335552495416
1.31742581273257,1.30749493427074,109.346516876951
1.31737009664048,1.30759596797967,109.357469627337
1.3173143339651,1.30769687781309,109.368410774675
1.31725852472081,1.30779766405451,109.379340346986
1.31720266892156,1.30789832698656,109.390258372211
1.31714676658088,1.30799886689105,109.401164878213
1.3170908177119,1.30809928404887,109.412059892774
1.31703482232733,1.3081995787401,109.4229434436
1.31697878043945,1.30829975124395,109.433815558317
1.31692269206014,1.30839980183878,109.444676264474
1.31686655720089,1.30849973080212,109.455525589539
1.31681037587274,1.30859953841062,109.466363560907
1.31675414808635,1.30869922494013,109.477190205892
1.31669787385197,1.30879879066564,109.488005551733
1.31664155317943,1.3088982358613,109.498809625592
1.31658518607817,1.30899756080043,109.509602454552
1.3165287725572,1.30909676575553,109.520384065624
1.31647231262516,1.30919585099827,109.531154485739
1.31641580629026,1.30929481679949,109.541913741755
1.31635925356032,1.30939366342921,109.552661860453
1.31630265444276,1.30949239115662,109.563398868538
1.31624600894459,1.30959100025012,109.574124792643
1.31618931707245,1.30968949097727,109.584839659324
1.31613257883254,1.30978786360484,109.595543495062
1.31607579423069,1.30988611839878,109.606236326265
1.31601896327234,1.30998425562422,109.616918179267
1.31596208596251,1.31008227554552,109.627589080328
1.31590516230585,1.31018017842622,109.638249055635
1.31584819230661,1.31027796452906,109.6488981313
1.31579117596863,1.310375634116,109.659536333364
1.31573411329539,1.31047318744819,109.670163687795
1.31567700428995,1.31057062478599,109.680780220487
1.31561984895501,1.310667946389,109.691385957263
1.31556264729285,1.310765152516,109.701980923874
1.3155053993054,1.31086224342502,109.712565146
1.31544810499416,1.31095921937327,109.723138649247
1.31539076436027,1.31105608061723,109.733701459151
1.3153333774045,1.31115282741258,109.744253601179
1.3152759441272,1.31124946001422,109.754795100723
1.31521846452836,1.3113459786763,109.765325983109
1.31516093860758,1.31144238365219,109.775846273588
1.31510336636409,1.31153867519451,109.786355997345
1.31504574779672,1.3116348535551,109.796855179494
1.31498808290393,1.31173091898505,109.807343845077
1.31493037168382,1.3118268717347,109.817822019069
1.31487261413407,1.31192271205362,109.828289726375
1.31481481025203,1.31201844019064,109.838746991833
1.31475696003463,1.31211405639384,109.849193840208
1.31469906347846,1.31220956091053,109.859630296201
1.31464112057971,1.31230495398732,109.870056384441
1.31458313133421,1.31240023587003,109.880472129493
1.31452509573741,1.31249540680378,109.89087755585
1.3144670137844,1.31259046703292,109.901272687941
1.31440888546988,1.31268541680108,109.911657550124
1.31435071078819,1.31278025635116,109.922032166694
1.3142924897333,1.31287498592533,109.932396561875
1.31423422229881,1.31296960576502,109.942750759828
1.31417590847794,1.31306411611093,109.953094784645
1.31411754826356,1.31315851720307,109.963428660352
1.31405914164817,1.31325280928069,109.97375241091
1.31400068862389,1.31334699258235,109.984066060214
1.31394218918249,1.31344106734586,109.994369632092
1.31388364331536,1.31353503380835,110.004663150308
1.31382505101354,1.31362889220622,110.014946638562
1.31376641226771,1.31372264277517,110.025220120485
1.31370772706815,1.31381628575017,110.035483619648
1.31364899540483,1.31390982136552,110.045737159553
1.31359021726733,1.31400324985477,110.055980763642
1.31353139264486,1.31409657145083,110.066214455289
1.3134725215263,1.31418978638585,110.076438257807
1.31341360390014,1.31428289489132,110.086652194443
1.31335463975454,1.31437589719802,110.096856288383
1.31329562907727,1.31446879353606,110.107050562747
1.31323657185578,1.31456158413482,110.117235040594
1.31317746807713,1.31465426922303,110.12740974492
1.31311831772803,1.31474684902872,110.137574698656
1.31305912079486,1.31483932377923,110.147729924673
1.31299987726361,1.31493169370123,110.157875445779
1.31294058711995,1.3150239590207,110.168011284721
1.31288125034916,1.31511611996295,110.178137464181
1.31282186693619,1.31520817675262,110.188254006782
1.31276243686565,1.31530012961365,110.198360935085
1.31270296012176,1.31539197876934,110.208458271589
1.31264343668842,1.31548372444231,110.218546038734
1.31258386654918,1.31557536685451,110.228624258896
1.31252424968721,1.31566690622722,110.238692954393
1.31246458608537,1.31575834278108,110.24875214748
1.31240487572614,1.31584967673605,110.258801860355
1.31234511859166,1.31594090831142,110.268842115152
1.31228531466374,1.31603203772585,110.278872933948
1.31222546392382,1.31612306519733,110.28889433876
1.31216556635301,1.31621399094321,110.298906351544
1.31210562193205,1.31630481518017,110.308908994198
1.31204563064136,1.31639553812425,110.31890228856
1.31198559246101,1.31648615999084,110.328886256409
1.31192550737072,1.31657668099471,110.338860919466
1.31186537534986,1.31666710134995,110.348826299393
1.31180519637747,1.31675742127002,110.358782417794
1.31174497043225,1.31684764096777,110.368729296213
1.31168469749253,1.31693776065536,110.378666956139
1.31162437753633,1.31702778054437,110.388595419
1.31156401054131,1.31711770084571,110.398514706169
1.3115035964848,1.31720752176967,110.408424838959
1.31144313534378,1.31729724352591,110.418325838629
1.3113826270949,1.31738686632346,110.428217726376
1.31132207171446,1.31747639037074,110.438100523345
1.31126146917844,1.31756581587552,110.447974250622
1.31120081946244,1.31765514304497,110.457838929236
1.31114012254178,1.31774437208563,110.467694580161
1.31107937839139,1.31783350320342,110.477541224312
1.31101858698591,1.31792253660365,110.487378882552
1.31095774829959,1.318011472491,110.497207575684
1.31089686230639,1.31810031106957,110.507027324459
1.31083592897992,1.31818905254282,110.51683814957
1.31077494829345,1.31827769711361,110.526640071655
1.3107139202199,1.31836624498419,110.536433111297
1.31065284473189,1.31845469635621,110.546217289025
1.31059172180169,1.31854305143071,110.555992625312
1.31053055140123,1.31863131040813,110.565759140576
1.3104693335021,1.31871947348831,110.575516855182
1.31040806807559,1.3188075408705,110.585265789438
1.31034675509262,1.31889551275335,110.595005963602
1.3102853945238,1.31898338933489,110.604737397874
1.3102239863394,1.3190711708126,110.614460112402
1.31016253050937,1.31915885738333,110.62417412728
1.31010102700332,1.31924644924337,110.633879462549
1.31003947579052,1.31933394658839,110.643576138195
1.30997787683993,1.31942134961351,110.653264174154
1.30991623012016,1.31950865851324,110.662943590305
1.30985453559951,1.31959587348151,110.672614406477
1.30979279324595,1.31968299471168,110.682276642446
1.30973100302709,1.31977002239652,110.691930317934
1.30966916491025,1.31985695672823,110.701575452612
1.30960727886241,1.31994379789843,110.711212066098
1.30954534485021,1.32003054609815,110.720840177959
1.30948336283998,1.32011720151788,110.730459807709
1.30942133279771,1.32020376434751,110.74007097481
1.30935925468907,1.32029023477637,110.749673698673
1.30929712847941,1.32037661299322,110.759267998659
1.30923495413373,1.32046289918627,110.768853894076
1.30917273161672,1.32054909354313,110.778431404181
1.30911046089276,1.32063519625089,110.78800054818
1.30904814192589,1.32072120749604,110.797561345228
1.30898577467981,1.32080712746453,110.807113814432
1.30892335911791,1.32089295634175,110.816657974844
1.30886089520327,1.32097869431253,110.826193845469
1.30879838289863,1.32106434156114,110.835721445261
1.3087358221664,1.32114989827131,110.845240793124
1.30867321296867,1.3212353646262,110.854751907912
1.30861055526723,1.32132074080843,110.864254808428
1.30854784902351,1.32140602700007,110.873749513427
1.30848509419865,1.32149122338264,110.883236041615
1.30842229075344,1.32157633013711,110.892714411647
1.30835943864837,1.32166134744392,110.902184642129
1.3082965378436,1.32174627548296,110.911646751621
1.30823358829897,1.32183111443356,110.921100758629
1.30817058997398,1.32191586447453,110.930546681615
1.30810754282785,1.32200052578415,110.93998453899
1.30804444681943,1.32208509854013,110.949414349116
1.30798130190729,1.32216958291968,110.95883613031
1.30791810804965,1.32225397909945,110.968249900836
1.30785486520443,1.32233828725557,110.977655678915
1.30779157332922,1.32242250756363,110.987053482717
1.30772823238129,1.3225066401987,110.996443330364
1.3076648423176,1.32259068533531,111.005825239933
1.30760140309478,1.32267464314748,111.015199229451
1.30753791466913,1.32275851380869,111.0245653169
1.30747437699666,1.3228422974919,111.033923520212
1.30741079003305,1.32292599436955,111.043273857275
1.30734715373363,1.32300960461355,111.052616345928
1.30728346805346,1.3230931283953,111.061951003964
1.30721973294726,1.32317656588567,111.071277849129
1.30715594836942,1.32325991725503,111.080596899124
1.30709211427402,1.32334318267321,111.089908171602
1.30702823061484,1.32342636230956,111.099211684169
1.30696429734531,1.32350945633288,111.108507454389
1.30690031441857,1.32359246491148,111.117795499774
1.30683628178743,1.32367538821316,111.127075837796
1.30677219940438,1.3237582264052,111.136348485878
1.3067080672216,1.32384097965438,111.145613461398
1.30664388519095,1.32392364812697,111.154870781689
1.30657965326397,1.32400623198874,111.164120464039
1.30651537139189,1.32408873140494,111.17336252569
1.30645103952561,1.32417114654035,111.18259698384
1.30638665761572,1.32425347755921,111.191823855641
1.30632222561251,1.3243357246253,111.2010431582
1.30625774346593,1.32441788790186,111.210254908581
1.30619321112562,1.32449996755167,111.219459123803
1.30612862854091,1.32458196373699,111.22865582084
1.30606399566081,1.3246638766196,111.237845016621
1.30599931243401,1.32474570636077,111.247026728032
1.30593457880889,1.3248274531213,111.256200971916
1.30586979473351,1.32490911706148,111.26536776507
1.30580496015562,1.32499069834111,111.274527124248
1.30574007502265,1.32507219711953,111.283679066161
1.30567513928171,1.32515361355556,111.292823607476
1.30561015287959,1.32523494780754,111.301960764817
1.30554511576279,1.32531620003334,111.311090554763
1.30548002787746,1.32539737039034,111.320212993853
1.30541488916947,1.32547845903543,111.329328098579
1.30534969958434,1.32555946612503,111.338435885394
1.3052844590673,1.32564039181508,111.347536370706
1.30521916756325,1.32572123626103,111.35662957088
1.30515382501678,1.32580199961786,111.365715502241
1.30508843137216,1.32588268204007,111.374794181068
1.30502298657336,1.3259632836817,111.3838656236
1.30495749056402,1.3260438046963,111.392929846034
1.30489194328746,1.32612424523695,111.401986864524
1.3048263446867,1.32620460545626,111.411036695182
1.30476069470444,1.32628488550637,111.420079354078
1.30469499328306,1.32636508553895,111.429114857241
1.30462924036462,1.32644520570521,111.438143220659
1.30456343589087,1.32652524615588,111.447164460276
1.30449757980326,1.32660520704124,111.456178591996
1.3044316720429,1.32668508851109,111.465185631684
1.30436571255061,1.32676489071477,111.474185595159
1.30429970126686,1.32684461380116,111.483178498204
1.30423363813183,1.32692425791868,111.492164356557
1.30416752308539,1.32700382321529,111.501143185918
1.30410135606708,1.3270833098385,111.510115001944
1.30403513701612,1.32716271793534,111.519079820254
1.30396886587143,1.32724204765239,111.528037656423
1.30390254257161,1.3273212991358,111.536988525989
1.30383616705493,1.32740047253122,111.545932444448
1.30376973925937,1.32747956798389,111.554869427257
1.30370325912257,1.32755858563858,111.563799489831
1.30363672658187,1.32763752563959,111.572722647546
1.30357014157428,1.3277163881308,111.581638915738
1.30350350403651,1.32779517325562,111.590548309705
1.30343681390495,1.32787388115703,111.599450844703
1.30337007111566,1.32795251197754,111.608346535949
1.3033032756044,1.32803106585924,111.617235398621
1.3032364273066,1.32810954294375,111.626117447858
1.3031695261574,1.32818794337225,111.634992698759
1.30310257209159,1.3282662672855,111.643861166384
1.30303556504366,1.3283445148238,111.652722865755
1.30296850494779,1.32842268612699,111.661577811853
1.30290139173782,1.32850078133452,111.670426019622
1.3028342253473,1.32857880058535,111.679267503968
1.30276700570945,1.32865674401802,111.688102279755
1.30269973275717,1.32873461177065,111.696930361811
1.30263240642305,1.32881240398091,111.705751764927
1.30256502663936,1.32889012078603,111.714566503852
1.30249759333805,1.3289677623228,111.723374593299
1.30243010645075,1.3290453287276,111.732176047942
1.30236256590879,1.32912282013637,111.740970882419
1.30229497164315,1.3292002366846,111.749759111328
1.30222732358453,1.32927757850737,111.758540749229
1.30215962166328,1.32935484573932,111.767315810647
1.30209186580945,1.32943203851467,111.776084310065
1.30202405595276,1.32950915696721,111.784846261932
1.30195619202263,1.3295862012303,111.793601680658
1.30188827394813,1.32966317143688,111.802350580617
1.30182030165804,1.32974006771945,111.811092976144
1.3017522750808,1.32981689021011,111.819828881538
1.30168419414456,1.32989363904051,111.82855831106
1.30161605877711,1.32997031434191,111.837281278936
1.30154786890596,1.33004691624512,111.845997799353
1.30147962445827,1.33012344488055,111.854707886462
1.30141132536089,1.33019990037817,111.863411554377
1.30134297154036,1.33027628286756,111.872108817177
1.30127456292289,1.33035259247785,111.880799688901
1.30120609943436,1.33042882933778,111.889484183556
1.30113758100035,1.33050499357567,111.89816231511
1.3010690075461,1.3305810853194,111.906834097494
1.30100037899653,1.33065710469647,111.915499544605
1.30093169527627,1.33073305183395,111.924158670303
1.30086295630958,1.3308089268585,111.932811488411
1.30079416202043,1.33088472989637,111.941458012719
1.30072531233246,1.33096046107338,111.950098256979
1.30065640716899,1.33103612051498,111.958732234906
1.300587446453,1.33111170834619,111.967359960183
1.30051843010718,1.3311872246916,111.975981446455
1.30044935805386,1.33126266967543,111.984596707332
1.30038023021508,1.33133804342147,111.993205756388
1.30031104651253,1.33141334605312,112.001808607163
1.30024180686758,1.33148857769335,112.010405273161
1.3001725112013,1.33156373846477,112.018995767852
1.30010315943441,1.33163882848953,112.027580104669
1.30003375148732,1.33171384788942,112.036158297012
1.29996428728009,1.33178879678582,112.044730358246
1.29989476673249,1.3318636752997,112.053296301698
1.29982518976394,1.33193848355164,112.061856140666
1.29975555629354,1.3320132216618,112.070409888408
1.29968586624007,1.33208788974997,112.07895755815
1.29961611952197,1.33216248793553,112.087499163085
1.29954631605737,1.33223701633745,112.096034716368
1.29947645576407,1.33231147507433,112.104564231123
1.29940653855953,1.33238586426435,112.113087720437
1.29933656436088,1.33246018402531,112.121605197365
1.29926653308495,1.3325344344746,112.130116674928
1.29919644464822,1.33260861572925,112.138622166112
1.29912629896683,1.33268272790586,112.147121683869
1.29905609595662,1.33275677112066,112.155615241117
1.29898583553309,1.33283074548947,112.164102850742
1.29891551761139,1.33290465112776,112.172584525595
1.29884514210637,1.33297848815055,112.181060278494
1.29877470893253,1.33305225667253,112.189530122222
1.29870421800405,1.33312595680797,112.19799406953
1.29863366923477,1.33319958867075,112.206452133136
1.29856306253821,1.33327315237437,112.214904325724
1.29849239782756,1.33334664803196,112.223350659944
1.29842167501565,1.33342007575624,112.231791148415
1.298350894015,1.33349343565956,112.240225803721
1.29828005473781,1.33356672785388,112.248654638414
1.29820915709592,1.33363995245077,112.257077665013
1.29813820100085,1.33371310956143,112.265494896003
1.29806718636379,1.33378619929668,112.273906343838
1.29799611309558,1.33385922176695,112.282312020939
1.29792498110673,1.33393217708228,112.290711939693
1.29785379030744,1.33400506535235,112.299106112456
1.29778254060754,1.33407788668646,112.307494551551
1.29771123191653,1.33415064119351,112.315877269268
1.29763986414361,1.33422332898203,112.324254277865
1.29756843719758,1.3342959501602,112.332625589569
1.29749695098697,1.33436850483578,112.340991216572
1.29742540541992,1.33444099311618,112.349351171038
1.29735380040426,1.33451341510843,112.357705465094
1.29728213584748,1.33458577091918,112.36605411084
1.29721041165671,1.33465806065472,112.374397120339
1.29713862773877,1.33473028442094,112.382734505627
1.29706678400012,1.33480244232339,112.391066278706
1.29699488034689,1.33487453446721,112.399392451544
1.29692291668486,1.33494656095721,112.407713036082
1.29685089291948,1.33501852189779,112.416028044226
1.29677880895586,1.335090417393,112.424337487852
1.29670666469874,1.33516224754652,112.432641378804
1.29663446005256,1.33523401246165,112.440939728894
1.29656219492139,1.33530571224133,112.449232549904
1.29648986920896,1.33537734698812,112.457519853584
1.29641748281865,1.33544891680424,112.465801651654
1.29634503565352,1.33552042179151,112.474077955799
1.29627252761627,1.3355918620514,112.482348777679
1.29619995860925,1.335663237685,112.490614128917
1.29612732853446,1.33573454879306,112.49887402111
1.29605463729357,1.33580579547594,112.50712846582
1.2959818847879,1.33587697783365,112.515377474582
1.29590907091842,1.33594809596583,112.523621058896
1.29583619558574,1.33601914997176,112.531859230236
1.29576325869015,1.33609013995034,112.540092000041
1.29569026013155,1.33616106600014,112.548319379722
1.29561719980954,1.33623192821933,112.55654138066
1.29554407762333,1.33630272670576,112.564758014203
1.29547089347179,1.33637346155689,112.572969291671
1.29539764725346,1.33644413286982,112.581175224353
1.29532433886651,1.3365147407413,112.589375823506
1.29525096820874,1.33658528526772,112.597571100359
1.29517753517764,1.33665576654512,112.60576106611
1.29510403967032,1.33672618466915,112.613945731927
1.29503048158354,1.33679653973513,112.622125108948
1.29495686081371,1.33686683183802,112.630299208281
1.29488317725688,1.33693706107241,112.638468041003
1.29480943080874,1.33700722753255,112.646631618163
1.29473562136465,1.33707733131233,112.654789950779
1.29466174881957,1.33714737250526,112.66294304984
1.29458781306816,1.33721735120453,112.671090926304
1.29451381400466,1.33728726750295,112.679233591101
1.294439751523,1.337357121493,112.687371055129
1.29436562551674,1.33742691326678,112.695503329259
1.29429143587906,1.33749664291606,112.703630424332
1.2942171825028,1.33756631053223,112.711752351158
1.29414286528044,1.33763591620636,112.71986912052
1.29406848410408,1.33770546002914,112.727980743168
1.29399403886549,1.33777494209092,112.736087229827
1.29391952945604,1.33784436248171,112.74418859119
1.29384495576678,1.33791372129115,112.752284837922
1.29377031768835,1.33798301860853,112.760375980658
1.29369561511106,1.33805225452281,112.768462030004
1.29362084792484,1.33812142912258,112.776542996539
1.29354601601926,1.3381905424961,112.78461889081
1.29347111928353,1.33825959473126,112.792689723336
1.29339615760648,1.33832858591561,112.800755504609
1.29332113087657,1.33839751613637,112.80881624509
1.29324603898191,1.33846638548038,112.816871955212
1.29317088181023,1.33853519403415,112.824922645379
1.29309565924889,1.33860394188385,112.832968325967
1.29302037118489,1.3386726291153,112.841009007323
1.29294501750484,1.33874125581396,112.849044699765
1.292869598095,1.33880982206496,112.857075413583
1.29279411284124,1.33887832795308,112.865101159037
1.29271856162907,1.33894677356275,112.873121946362
1.29264294434363,1.33901515897806,112.88113778576
1.29256726086967,1.33908348428276,112.88914868741
1.29249151109157,1.33915174956025,112.897154661457
1.29241569489334,1.33921995489358,112.905155718022
1.29233981215862,1.33928810036547,112.913151867195
1.29226386277065,1.3393561860583,112.921143119041
1.29218784661233,1.33942421205409,112.929129483593
1.29211176356614,1.33949217843453,112.93711097086
1.2920356135142,1.33956008528096,112.945087590818
1.29195939633826,1.33962793267439,112.95305935342
1.29188311191968,1.33969572069548,112.961026268589
1.29180676013943,1.33976344942455,112.968988346218
1.29173034087811,1.33983111894159,112.976945596176
1.29165385401594,1.33989872932622,112.984898028301
1.29157729943274,1.33996628065776,112.992845652405
1.29150067700796,1.34003377301515,113.000788478271
1.29142398662067,1.34010120647703,113.008726515656
1.29134722814954,1.34016858112167,113.016659774287
1.29127040147285,1.34023589702702,113.024588263866
1.29119350646851,1.34030315427068,113.032511994065
1.29111654301404,1.34037035292992,113.040430974531
1.29103951098656,1.34043749308166,113.04834521488
1.2909624102628,1.34050457480249,113.056254724704
1.29088524071911,1.34057159816867,113.064159513565
1.29080800223144,1.3406385632561,113.072059591
1.29073069467536,1.34070547014037,113.079954966516
1.29065331792603,1.34077231889672,113.087845649595
1.29057587185823,1.34083910960005,113.09573164969
1.29049835634635,1.34090584232493,113.103612976228
1.29042077126436,1.34097251714559,113.111489638608
1.29034311648586,1.34103913413593,113.119361646202
1.29026539188404,1.3411056933695,113.127229008356
1.29018759733169,1.34117219491953,113.135091734386
1.29010973270122,1.34123863885892,113.142949833584
1.29003179786462,1.3413050252602,113.150803315214
1.28995379269348,1.34137135419561,113.158652188512
1.28987571705901,1.34143762573703,113.166496462688
1.289797570832,1.34150383995601,113.174336146924
1.28971935388283,1.34156999692377,113.182171250378
1.28964106608151,1.34163609671118,113.190001782177
1.2895627072976,1.3417021393888,113.197827751425
1.2894842774003,1.34176812502684,113.205649167195
1.28940577625837,1.34183405369518,113.213466038538
1.28932720374017,1.34189992546337,113.221278374476
1.28924855971366,1.34196574040063,113.229086184002
1.2891698440464,1.34203149857584,113.236889476087
1.28909105660552,1.34209720005754,113.244688259671
1.28901219725774,1.34216284491396,113.25248254367
1.28893326586938,1.34222843321298,113.260272336974
1.28885426230635,1.34229396502215,113.268057648443
1.28877518643413,1.34235944040868,113.275838486914
1.2886960381178,1.34242485943948,113.283614861195
1.28861681722202,1.3424902221811,113.29138678007
1.28853752361103,1.34255552869975,113.299154252295
1.28845815714867,1.34262077906133,113.306917286599
1.28837871769833,1.34268597333141,113.314675891686
1.28829920512301,1.34275111157522,113.322430076233
1.28821961928528,1.34281619385764,113.330179848892
1.28813996004728,1.34288122024326,113.337925218285
1.28806022727075,1.34294619079631,113.345666193012
1.28798042081699,1.34301110558069,113.353402781644
1.28790054054687,1.34307596465998,113.361134992728
1.28782058632085,1.34314076809743,113.368862834782
1.28774055799896,1.34320551595594,113.3765863163
1.28766045544081,1.34327020829811,113.38430544575
1.28758027850556,1.34333484518618,113.392020231572
1.28750002705197,1.34339942668208,113.399730682182
1.28741970093835,1.3434639528474,113.407436805968
1.28733930002258,1.34352842374341,113.415138611293
1.28725882416213,1.34359283943104,113.422836106494
1.287178273214,1.34365719997088,113.430529299882
1.28709764703478,1.34372150542322,113.438218199742
1.28701694548064,1.34378575584799,113.445902814333
1.28693616840728,1.34384995130481,113.453583151888
1.28685531566998,1.34391409185296,113.461259220613
1.28677438712359,1.3439781775514,113.46893102869
1.2866933826225,1.34404220845875,113.476598584275
1.28661230202068,1.34410618463331,113.484261895497
1.28653114517165,1.34417010613303,113.491920970458
1.28644991192849,1.34423397301556,113.499575817238
1.28636860214383,1.34429778533819,113.507226443889
1.28628721566986,1.34436154315791,113.514872858435
1.28620575235834,1.34442524653137,113.522515068879
1.28612421206055,1.34448889551487,113.530153083195
1.28604259462735,1.34455249016442,113.537786909331
1.28596089990914,1.34461603053566,113.545416555211
1.28587912775588,1.34467951668392,113.553042028733
1.28579727801706,1.34474294866421,113.560663337769
1.28571535054175,1.34480632653119,113.568280490165
1.28563334517852,1.3448696503392,113.575893493742
1.28555126177553,1.34493292014226,113.583502356295
1.28546910018047,1.34499613599405,113.591107085594
1.28538686024055,1.34505929794791,113.598707689381
1.28530454180257,1.34512240605688,113.606304175377
1.28522214471282,1.34518546037364,113.613896551274
1.28513966881716,1.34524846095055,113.621484824738
1.285057113961,1.34531140783965,113.629069003412
1.28497447998925,1.34537430109265,113.636649094912
1.28489176674638,1.34543714076091,113.644225106828
1.2848089740764,1.34549992689548,113.651797046727
1.28472610182285,1.34556265954708,113.659364922147
1.28464314982879,1.34562533876608,113.666928740604
1.28456011793682,1.34568796460255,113.674488509585
1.28447700598907,1.34575053710621,113.682044236555
1.28439381382722,1.34581305632644,113.689595928952
1.28431054129244,1.34587552231232,113.697143594187
1.28422718822545,1.34593793511257,113.704687239649
1.2841437544665,1.34600029477561,113.7122268727
1.28406023985535,1.34606260134949,113.719762500675
1.28397664423129,1.34612485488197,113.727294130886
1.28389296743314,1.34618705542046,113.734821770619
1.28380920929922,1.34624920301203,113.742345427134
1.2837253696674,1.34631129770343,113.749865107666
1.28364144837503,1.34637333954109,113.757380819424
1.28355744525901,1.34643532857108,113.764892569594
1.28347336015574,1.34649726483917,113.772400365335
1.28338919290115,1.34655914839078,113.779904213779
1.28330494333065,1.346620979271,113.787404122036
1.2832206112792,1.34668275752459,113.794900097189
1.28313619658125,1.34674448319599,113.802392146296
1.28305169907075,1.34680615632928,113.809880276389
1.28296711858119,1.34686777696824,113.817364494476
1.28288245494555,1.34692934515629,113.824844807539
1.28279770799629,1.34699086093655,113.832321222534
1.28271287756542,1.34705232435176,113.839793746394
1.28262796348442,1.34711373544438,113.847262386024
1.28254296558428,1.34717509425651,113.854727148305
1.2824578836955,1.3472364008299,113.862188040094
1.28237271764807,1.347297655206,113.869645068221
1.28228746727147,1.34735885742591,113.877098239491
1.28220213239469,1.3474200075304,113.884547560684
1.2821167128462,1.3474811055599,113.891993038555
1.28203120845399,1.34754215155452,113.899434679834
1.28194561904551,1.34760314555402,113.906872491226
1.28185994444771,1.34766408759783,113.914306479408
1.28177418448705,1.34772497772504,113.921736651036
1.28168833898945,1.34778581597443,113.929163012738
1.28160240778033,1.34784660238442,113.936585571116
1.28151639068459,1.3479073369931,113.944004332751
1.28143028752663,1.34796801983823,113.951419304194
1.2813440981303,1.34802865095723,113.958830491973
1.28125782231895,1.34808923038717,113.966237902591
1.28117145991542,1.34814975816482,113.973641542525
1.28108501074202,1.34821023432658,113.981041418227
1.28099847462051,1.34827065890853,113.988437536125
1.28091185137217,1.3483310319464,113.995829902619
1.28082514081771,1.34839135347559,114.003218524085
1.28073834277735,1.34845162353117,114.010603406876
1.28065145707076,1.34851184214787,114.017984557316
1.28056448351707,1.34857200936006,114.025361981707
1.2804774219349,1.3486321252018,114.032735686324
1.28039027214233,1.3486921897068,114.040105677416
1.28030303395689,1.34875220290842,114.047471961209
1.28021570719558,1.3488121648397,114.054834543902
1.28012829167488,1.34887207553334,114.062193431669
1.2800407872107,1.34893193502167,114.06954863066
1.27995319361843,1.34899174333672,114.076900146997
1.2798655107129,1.34905150051015,114.084247986779
1.27977773830842,1.3491112065733,114.09159215608
1.27968987621874,1.34917086155715,114.098932660946
1.27960192425704,1.34923046549235,114.106269507401
1.27951388223599,1.34929001840921,114.113602701442
1.27942574996769,1.34934952033769,114.120932249039
1.27933752726368,1.34940897130741,114.12825815614
1.27924921393495,1.34946837134765,114.135580428665
1.27916080979196,1.34952772048734,114.14289907251
1.27907231464457,1.34958701875507,114.150214093546
1.27898372830211,1.3496462661791,114.157525497617
1.27889505057335,1.34970546278732,114.164833290543
1.27880628126648,1.34976460860729,114.172137478117
1.27871742018914,1.34982370366623,114.179438066108
1.2786284671484,1.349882747991,114.18673506026
1.27853942195076,1.34994174160813,114.194028466291
1.27845028440216,1.35000068454378,114.201318289891
1.27836105430796,1.35005957682379,114.208604536729
1.27827173147295,1.35011841847365,114.215887212446
1.27818231570137,1.35017720951847,114.223166322656
1.27809280679684,1.35023594998306,114.230441872951
1.27800320456243,1.35029463989185,114.237713868896
1.27791350880064,1.35035327926892,114.244982316029
1.27782371931337,1.35041186813802,114.252247219864
1.27773383590195,1.35047040652254,114.259508585889
1.27764385836711,1.35052889444552,114.266766419566
1.27755378650901,1.35058733192964,114.274020726333
1.27746362012723,1.35064571899725,114.2812715116
1.27737335902073,1.35070405567034,114.288518780753
1.27728300298792,1.35076234197054,114.295762539152
1.27719255182658,1.35082057791914,114.30300279213
1.27710200533392,1.35087876353706,114.310239544998
1.27701136330654,1.35093689884488,114.317472803036
1.27692062554045,1.35099498386282,114.324702571502
1.27682979183105,1.35105301861077,114.331928855628
1.27673886197316,1.35111100310822,114.339151660618
1.27664783576098,1.35116893737434,114.346370991653
1.2765567129881,1.35122682142794,114.353586853886
1.27646549344752,1.35128465528746,114.360799252445
1.27637417693162,1.35134243897099,114.368008192432
1.27628276323217,1.35140017249626,114.375213678923
1.27619125214032,1.35145785588066,114.382415716969
1.27609964344663,1.35151548914119,114.389614311593
1.27600793694102,1.35157307229452,114.396809467795
1.27591613241281,1.35163060535695,114.404001190546
1.27582422965068,1.35168808834441,114.411189484793
1.2757322284427,1.35174552127249,114.418374355456
1.27564012857633,1.3518029041564,114.42555580743
1.27554792983837,1.35186023701099,114.432733845582
1.27545563201502,1.35191751985077,114.439908474754
1.27536323489184,1.35197475268986,114.447079699763
1.27527073825377,1.35203193554203,114.454247525398
1.27517814188511,1.35208906842068,114.461411956423
1.27508544556951,1.35214615133885,114.468572997574
1.27499264909,1.35220318430923,114.475730653563
1.27489975222897,1.35226016734411,114.482884929075
1.27480675476816,1.35231710045543,114.490035828768
1.27471365648868,1.35237398365478,114.497183357274
1.27462045717098,1.35243081695336,114.504327519199
1.27452715659488,1.35248760036201,114.511468319123
1.27443375453953,1.3525443338912,114.518605761597
1.27434025078345,1.35260101755103,114.525739851148
1.27424664510449,1.35265765135123,114.532870592277
1.27415293727986,1.35271423530117,114.539997989456
1.27405912708609,1.35277076940983,114.547122047133
1.27396521429908,1.35282725368583,114.554242769728
1.27387119869404,1.35288368813741,114.561360161634
1.27377708004554,1.35294007277244,114.568474227219
1.27368285812748,1.35299640759843,114.575584970821
1.27358853271308,1.35305269262249,114.582692396756
1.2734941035749,1.35310892785136,114.58979650931
1.27339957048483,1.35316511329143,114.596897312742
1.27330493321407,1.35322124894867,114.603994811285
1.27321019153317,1.35327733482872,114.611089009147
1.27311534521198,1.3533333709368,114.618179910506
1.27302039401968,1.35338935727778,114.625267519514
1.27292533772477,1.35344529385613,114.632351840297
1.27283017609506,1.35350118067595,114.639432876953
1.27273490889768,1.35355701774097,114.646510633553
1.27263953589905,1.35361280505451,114.653585114143
1.27254405686492,1.35366854261952,114.660656322737
1.27244847156035,1.35372423043859,114.667724263327
1.27235277974969,1.35377986851388,114.674788939875
1.2722569811966,1.35383545684721,114.681850356316
1.27216107566403,1.35389099543999,114.688908516558
1.27206506291424,1.35394648429324,114.695963424481
1.27196894270879,1.35400192340761,114.70301508394
1.27187271480852,1.35405731278334,114.71006349876
1.27177637897356,1.35411265242031,114.717108672739
1.27167993496334,1.35416794231798,114.724150609647
1.27158338253656,1.35422318247544,114.731189313229
1.27148672145124,1.35427837289138,114.738224787199
1.27138995146463,1.35433351356411,114.745257035246
1.27129307233331,1.35438860449152,114.75228606103
1.2711960838131,1.35444364567113,114.759311868183
1.2710989856591,1.35449863710006,114.76633446031
1.27100177762572,1.35455357877503,114.773353840987
1.27090445946658,1.35460847069237,114.780370013764
1.27080703093463,1.35466331284801,114.787382982162
1.27070949178203,1.35471810523748,114.794392749672
1.27061184176024,1.35477284785591,114.801399319762
1.27051408061996,1.35482754069802,114.808402695866
1.27041620811117,1.35488218375817,114.815402881394
1.27031822398308,1.35493677703026,114.822399879726
1.27022012798418,1.35499132050784,114.829393694215
1.27012191986218,1.35504581418401,114.836384328184
1.27002359936408,1.35510025805151,114.843371784929
1.26992516623607,1.35515465210265,114.850356067716
1.26982662022364,1.35520899632933,114.857337179785
1.26972796107149,1.35526329072305,114.864315124346
1.26962918852357,1.3553175352749,114.87128990458
1.26953030232305,1.35537172997558,114.87826152364
1.26943130221235,1.35542587481534,114.885229984651
1.26933218793312,1.35547996978405,114.892195290708
1.26923295922623,1.35553401487117,114.899157444877
1.26913361583177,1.35558801006572,114.906116450196
1.26903415748909,1.35564195535633,114.913072309675
1.26893458393671,1.35569585073121,114.920025026293
1.26883489491241,1.35574969617815,114.926974603002
1.26873509015316,1.35580349168452,114.933921042723
1.26863516939516,1.35585723723728,114.940864348348
1.2685351323738,1.35591093282297,114.947804522742
1.26843497882369,1.35596457842769,114.954741568738
1.26833470847866,1.35601817403716,114.961675489142
1.26823432107171,1.35607171963664,114.968606286728
1.26813381633507,1.35612521521098,114.975533964243
1.26803319400016,1.35617866074461,114.982458524404
1.26793245379757,1.35623205622153,114.989379969897
1.26783159545712,1.35628540162531,114.996298303379
1.26773061870779,1.3563386969391,115.003213527478
1.26762952327776,1.35639194214563,115.010125644792
1.26752830889438,1.35644513722716,115.017034657888
1.26742697528421,1.35649828216557,115.023940569305
1.26732552217296,1.35655137694228,115.030843381551
1.26722394928552,1.35660442153828,115.037743097103
1.26712225634597,1.35665741593413,115.04463971841
1.26702044307754,1.35671036010994,115.051533247888
1.26691850920263,1.35676325404542,115.058423687926
1.26681645444281,1.3568160977198,115.06531104088
1.26671427851881,1.3568688911119,115.072195309077
1.26661198115053,1.35692163420008,115.079076494814
1.266509562057,1.35697432696227,115.085954600355
1.26640702095642,1.35702696937596,115.092829627936
1.26630435756614,1.35707956141819,115.099701579761
1.26620157160265,1.35713210306556,115.106570458003
1.26609866278159,1.35718459429422,115.113436264807
1.26599563081774,1.35723703507988,115.120299002282
1.26589247542501,1.35728942539778,115.12715867251
1.26578919631647,1.35734176522274,115.134015277541
1.26568579320428,1.3573940545291,115.140868819393
1.26558226579978,1.35744629329079,115.147719300054
1.26547861381339,1.35749848148123,115.15456672148
1.26537483695469,1.35755061907344,115.161411085595
1.26527093493236,1.35760270603994,115.168252394293
1.26516690745419,1.35765474235282,115.175090649435
1.26506275422711,1.3577067279837,115.181925852852
1.26495847495715,1.35775866290374,115.188758006341
1.26485406934944,1.35781054708365,115.19558711167
1.26474953710822,1.35786238049367,115.202413170573
1.26464487793683,1.35791416310357,115.209236184753
1.26454009153772,1.35796589488266,115.21605615588
1.26443517761242,1.35801757579979,115.222873085594
1.26433013586157,1.35806920582333,115.229686975501
1.26422496598489,1.35812078492119,115.236497827174
1.26411966768118,1.3581723130608,115.243305642156
1.26401424064834,1.35822379020913,115.250110421956
1.26390868458333,1.35827521633267,115.256912168051
1.26380299918219,1.35832659139744,115.263710881884
1.26369718414007,1.35837791536897,115.270506564868
1.26359123915113,1.35842918821233,115.27729921838
1.26348516390865,1.3584804098921,115.284088843767
1.26337895810494,1.35853158037238,115.290875442341
1.26327262143138,1.3585826996168,115.297659015381
1.26316615357843,1.35863376758849,115.304439564135
1.26305955423556,1.35868478425011,115.311217089814
1.26295282309134,1.35873574956381,115.3179915936
1.26284595983335,1.35878666349129,115.324763076637
1.26273896414822,1.35883752599372,115.33153154004
1.26263183572164,1.35888833703181,115.338296984886
1.26252457423831,1.35893909656576,115.345059412221
1.262417179382,1.35898980455528,115.351818823057
1.26230965083548,1.3590404609596,115.358575218371
1.26220198828055,1.35909106573743,115.365328599106
1.26209419139805,1.35914161884699,115.372078966172
1.26198625986783,1.35919212024601,115.378826320444
1.26187819336875,1.3592425698917,115.385570662762
1.2617699915787,1.35929296774079,115.392311993933
1.26166165417457,1.35934331374948,115.399050314728
1.26155318083225,1.35939360787348,115.405785625885
1.26144457122665,1.35944385006799,115.412517928105
1.26133582503166,1.35949404028769,115.419247222055
1.26122694192018,1.35954417848677,115.42597350837
1.2611179215641,1.35959426461889,115.432696787644
1.26100876363429,1.35964429863719,115.439417060442
1.26089946780062,1.35969428049432,115.446134327289
1.26079003373192,1.35974421014238,115.452848588677
1.26068046109602,1.35979408753298,115.459559845061
1.26057074955971,1.35984391261719,115.466268096863
1.26046089878876,1.35989368534556,115.472973344466
1.26035090844789,1.35994340566812,115.47967558822
1.2602407782008,1.35999307353437,115.486374828437
1.26013050771015,1.36004268889329,115.493071065393
1.26002009663754,1.36009225169332,115.49976429933
1.25990954464353,1.36014176188237,115.50645453045
1.25979885138764,1.36019121940782,115.513141758923
1.25968801652832,1.36024062421652,115.519825984879
1.25957703972295,1.36028997625477,115.526507208413
1.25946592062788,1.36033927546833,115.533185429582
1.25935465889836,1.36038852180245,115.539860648408
1.25924325418859,1.3604377152018,115.546532864874
1.25913170615168,1.36048685561053,115.553202078926
1.25902001443968,1.36053594297223,115.559868290476
1.25890817870354,1.36058497722995,115.566531499393
1.25879619859312,1.36063395832619,115.573191705514
1.25868407375721,1.36068288620289,115.579848908635
1.25857180384349,1.36073176080145,115.586503108515
1.25845938849855,1.36078058206271,115.593154304876
1.25834682736787,1.36082934992695,115.599802497401
1.25823412009583,1.36087806433388,115.606447685735
1.25812126632569,1.36092672522268,115.613089869486
1.2580082656996,1.36097533253193,115.619729048221
1.25789511785861,1.36102388619968,115.626365221471
1.25778182244262,1.36107238616338,115.632998388727
1.25766837909041,1.36112083235994,115.639628549442
1.25755478743963,1.36116922472567,115.646255703029
1.25744104712682,1.36121756319634,115.652879848864
1.25732715778733,1.36126584770712,115.659500986281
1.25721311905542,1.36131407819262,115.666119114577
1.25709893056416,1.36136225458684,115.672734233009
1.2569845919455,1.36141037682325,115.679346340794
1.25687010283021,1.36145844483469,115.685955437108
1.25675546284791,1.36150645855344,115.69256152109
1.25664067162707,1.36155441791118,115.699164591837
1.25652572879496,1.36160232283901,115.705764648407
1.2564106339777,1.36165017326744,115.712361689816
1.25629538680022,1.36169796912637,115.718955715042
1.25617998688629,1.36174571034513,115.725546723019
1.25606443385846,1.36179339685243,115.732134712644
1.25594872733812,1.36184102857638,115.738719682772
1.25583286694545,1.36188860544452,115.745301632214
1.25571685229944,1.36193612738373,115.751880559745
1.25560068301785,1.36198359432034,115.758456464094
1.25548435871728,1.36203100618004,115.765029343951
1.25536787901306,1.3620783628879,115.771599197965
1.25525124351936,1.36212566436841,115.778166024741
1.25513445184907,1.36217291054542,115.784729822844
1.25501750361391,1.36222010134217,115.791290590795
1.25490039842433,1.36226723668127,115.797848327074
1.25478313588956,1.36231431648473,115.80440303012
1.25466571561759,1.3623613406739,115.810954698327
1.25454813721515,1.36240830916955,115.817503330048
1.25443040028775,1.36245522189177,115.824048923591
1.25431250443962,1.36250207876007,115.830591477223
1.25419444927375,1.36254887969327,115.837130989169
1.25407623439184,1.36259562460961,115.843667457606
1.25395785939436,1.36264231342664,115.850200880673
1.25383932388047,1.36268894606131,115.856731256461
1.25372062744808,1.3627355224299,115.86325858302
1.2536017696938,1.36278204244806,115.869782858355
1.25348275021296,1.36282850603078,115.876304080426
1.25336356859959,1.3628749130924,115.88282224715
1.25324422444645,1.36292126354662,115.889337356398
1.25312471734495,1.36296755730646,115.895849405999
1.25300504688525,1.36301379428431,115.902358393734
1.25288521265615,1.36305997439188,115.908864317341
1.25276521424516,1.36310609754022,115.915367174512
1.25264505123846,1.36315216363972,115.921866962894
1.25252472322091,1.36319817260009,115.928363680088
1.25240422977602,1.36324412433037,115.93485732365
1.25228357048599,1.36329001873895,115.94134789109
1.25216274493166,1.36333585573351,115.947835379872
1.25204175269253,1.36338163522108,115.954319787412
1.25192059334674,1.36342735710797,115.960801111081
1.25179926647108,1.36347302129986,115.967279348205
1.25167777164098,1.3635186277017,115.97375449606
1.2515561084305,1.36356417621776,115.980226551877
1.25143427641233,1.36360966675162,115.98669551284
1.25131227515776,1.36365509920618,115.993161376084
1.25119010423674,1.36370047348362,115.999624138698
1.25106776321779,1.36374578948543,116.006083797722
1.25094525166806,1.36379104711239,116.012540350151
1.25082256915329,1.36383624626458,116.018993792927
1.25069971523783,1.36388138684137,116.025444122947
1.2505766894846,1.36392646874142,116.03189133706
1.25045349145512,1.36397149186268,116.038335432064
1.25033012070948,1.36401645610236,116.04477640471
1.25020657680636,1.36406136135698,116.051214251699
1.25008285930298,1.36410620752232,116.057648969682
1.24995896775515,1.36415099449343,116.064080555262
1.24983490171723,1.36419572216465,116.070509004991
1.24971066074212,1.36424039042956,116.076934315373
1.24958624438129,1.36428499918103,116.083356482859
1.24946165218472,1.36432954831119,116.089775503852
1.24933688370095,1.36437403771141,116.096191374704
1.24921193847704,1.36441846727234,116.102604091715
1.24908681605858,1.36446283688386,116.109013651136
1.24896151598966,1.36450714643512,116.115420049166
1.2488360378129,1.36455139581451,116.121823281951
1.24871038106943,1.36459558490966,116.128223345588
1.24858454529887,1.36463971360745,116.134620236122
1.24845853003932,1.36468378179398,116.141013949543
1.24833233482741,1.36472778935462,116.147404481793
1.24820595919821,1.36477173617393,116.153791828757
1.24807940268531,1.36481562213572,116.160175986272
1.24795266482072,1.36485944712302,116.166556950119
1.24782574513497,1.3649032110181,116.172934716026
1.24769864315701,1.36494691370242,116.179309279669
1.24757135841425,1.36499055505668,116.18568063667
1.24744389043257,1.36503413496077,116.192048782596
1.24731623873627,1.36507765329381,116.198413712962
1.24718840284809,1.36512110993411,116.204775423227
1.24706038228919,1.3651645047592,116.211133908796
1.24693217657919,1.36520783764579,116.21748916502
1.24680378523607,1.36525110846979,116.223841187195
1.24667520777627,1.36529431710632,116.23018997056
1.24654644371461,1.36533746342966,116.2365355103
1.24641749256431,1.36538054731331,116.242877801545
1.24628835383699,1.36542356862993,116.249216839368
1.24615902704265,1.36546652725135,116.255552618785
1.24602951168967,1.36550942304861,116.261885134758
1.2458998072848,1.36555225589188,116.268214382191
1.24576991333316,1.36559502565053,116.27454035593
1.24563982933823,1.36563773219309,116.280863050766
1.24550955480185,1.36568037538723,116.287182461431
1.24537908922418,1.3657229550998,116.2934985826
1.24524843210376,1.3657654711968,116.29981140889
1.24511758293744,1.36580792354337,116.306120934861
1.24498654122039,1.36585031200382,116.312427155011
1.24485530644613,1.36589263644158,116.318730063785
1.24472387810646,1.36593489671922,116.325029655563
1.24459225569151,1.36597709269846,116.33132592467
1.2444604386897,1.36601922424016,116.337618865369
1.24432842658776,1.36606129120428,116.343908471867
1.24419621887068,1.36610329344991,116.350194738306
1.24406381502176,1.3661452308353,116.356477658772
1.24393121452255,1.36618710321776,116.362757227287
1.24379841685287,1.36622891045376,116.369033437815
1.24366542149081,1.36627065239885,116.375306284258
1.24353222791272,1.36631232890771,116.381575760457
1.24339883559316,1.36635393983409,116.387841860189
1.24326524400497,1.36639548503087,116.394104577173
1.2431314526192,1.36643696435,116.400363905062
1.24299746090513,1.36647837764254,116.40661983745
1.24286326833025,1.36651972475863,116.412872367866
1.24272887436027,1.36656100554748,116.419121489777
1.24259427845909,1.36660221985738,116.425367196585
1.24245948008883,1.36664336753572,116.431609481632
1.24232447870978,1.36668444842893,116.437848338192
1.24218927378042,1.36672546238252,116.444083759476
1.24205386475738,1.36676640924105,116.450315738634
1.2419182510955,1.36680728884816,116.456544268746
1.24178243224774,1.36684810104651,116.46276934283
1.24164640766524,1.36688884567785,116.468990953838
1.24151017679726,1.36692952258294,116.475209094656
1.24137373909122,1.3669701316016,116.481423758105
1.24123709399266,1.36701067257269,116.487634936939
1.24110024094523,1.36705114533407,116.493842623845
1.24096317939071,1.36709154972267,116.500046811444
1.24082590876899,1.36713188557442,116.506247492289
1.24068842851804,1.36717215272427,116.512444658866
1.24055073807394,1.3672123510062,116.518638303593
1.24041283687084,1.36725248025318,116.524828418821
1.24027472434098,1.3672925402972,116.531014996829
1.24013639991465,1.36733253096925,116.537198029832
1.23999786302022,1.36737245209931,116.543377509973
1.2398591130841,1.36741230351636,116.549553429326
1.23972014953074,1.36745208504837,116.555725779895
1.23958097178264,1.36749179652227,116.561894553614
1.23944157926031,1.36753143776401,116.568059742348
1.23930197138231,1.36757100859848,116.57422133789
1.23916214756518,1.36761050884956,116.580379331961
1.23902210722349,1.36764993834007,116.586533716213
1.23888184976978,1.36768929689183,116.592684482224
1.23874137461461,1.36772858432557,116.598831621501
1.23860068116648,1.36776780046101,116.604975125479
1.23845976883189,1.3678069451168,116.611114985519
1.23831863701531,1.36784601811051,116.61725119291
1.23817728511913,1.36788501925869,116.623383738866
1.23803571254371,1.36792394837679,116.629512614529
1.23789391868735,1.3679628052792,116.635637810966
1.23775190294628,1.36800158977922,116.64175931917
1.23760966471463,1.36804030168907,116.647877130058
1.23746720338446,1.3680789408199,116.653991234471
1.23732451834573,1.36811750698174,116.660101623178
1.23718160898629,1.36815599998354,116.666208286869
1.23703847469189,1.36819441963314,116.672311216158
1.23689511484615,1.36823276573727,116.678410401583
1.23675152883054,1.36827103810155,116.684505833605
1.23660771602442,1.36830923653049,116.690597502606
1.23646367580498,1.36834736082746,116.696685398893
1.23631940754727,1.3683854107947,116.702769512692
1.23617491062415,1.36842338623333,116.708849834151
1.23603018440633,1.36846128694333,116.714926353341
1.23588522826231,1.36849911272351,116.720999060251
1.23574004155842,1.36853686337157,116.727067944793
1.23559462365877,1.36857453868403,116.733132996796
1.23544897392525,1.36861213845624,116.73919420601
1.23530309171756,1.3686496624824,116.745251562104
1.23515697639315,1.36868711055554,116.751305054666
1.23501062730722,1.3687244824675,116.757354673202
1.23486404381274,1.36876177800895,116.763400407135
1.2347172252604,1.36879899696937,116.769442245806
1.23457017099865,1.36883613913703,116.775480178474
1.23442288037365,1.36887320429901,116.781514194315
1.23427535272925,1.3689101922412,116.787544282418
1.23412758740703,1.36894710274826,116.793570431792
1.23397958374627,1.36898393560363,116.799592631358
1.23383134108391,1.36902069058955,116.805610869954
1.23368285875458,1.36905736748701,116.811625136333
1.23353413609056,1.36909396607578,116.81763541916
1.2333851724218,1.36913048613439,116.823641707015
1.23323596707589,1.3691669274401,116.829643988392
1.23308651937805,1.36920328976896,116.835642251697
1.23293682865114,1.36923957289572,116.841636485249
1.2327868942156,1.36927577659389,116.847626677277
1.23263671538952,1.36931190063572,116.853612815924
1.23248629148856,1.36934794479216,116.859594889243
1.23233562182596,1.36938390883288,116.865572885199
1.23218470571255,1.36941979252629,116.871546791665
1.23203354245671,1.36945559563948,116.877516596424
1.23188213136438,1.36949131793824,116.883482287171
1.23173047173904,1.36952695918707,116.889443851507
1.23157856288172,1.36956251914913,116.895401276943
1.23142640409095,1.3695979975863,116.901354550896
1.23127399466279,1.3696333942591,116.907303660694
1.23112133389077,1.36966870892673,116.913248593568
1.23096842106596,1.36970394134706,116.919189336657
1.23081525547687,1.36973909127661,116.925125877008
1.23066183640949,1.36977415847053,116.931058201571
1.23050816314729,1.36980914268264,116.936986297202
1.23035423497115,1.36984404366539,116.942910150662
1.23020005115941,1.36987886116984,116.948829748616
1.23004561098784,1.3699135949457,116.954745077632
1.22989091372962,1.36994824474127,116.960656124181
1.22973595865532,1.36998281030347,116.966562874637
1.22958074503293,1.37001729137783,116.972465315278
1.22942527212779,1.37005168770846,116.978363432281
1.22926953920264,1.37008599903808,116.984257211725
1.22911354551756,1.37012022510796,116.99014663959
1.22895729032999,1.37015436565798,116.996031701756
1.22880077289469,1.37018842042656,117.001912384002
1.22864399246376,1.37022238915069,117.007788672006
1.22848694828662,1.37025627156592,117.013660551347
1.22832963960997,1.37029006740634,117.019528007499
1.22817206567781,1.37032377640458,117.025391025835
1.22801422573143,1.3703573982918,117.031249591624
1.22785611900938,1.37039093279769,117.037103690033
1.22769774474744,1.37042437965046,117.042953306124
1.22753910217869,1.37045773857683,117.048798424855
1.22738019053338,1.370491009302,117.054639031077
1.22722100903901,1.3705241915497,117.060475109537
1.2270615569203,1.37055728504213,117.066306644876
1.22690183339914,1.37059028949997,117.072133621627
1.22674183769462,1.37062320464239,117.077956024217
1.22658156902299,1.37065603018699,117.083773836962
1.22642102659765,1.37068876584987,117.089587044075
1.22626020962918,1.37072141134555,117.095395629653
1.22609911732527,1.37075396638701,117.10119957769
1.22593774889072,1.37078643068566,117.106998872066
1.22577610352747,1.37081880395132,117.112793496551
1.22561418043453,1.37085108589227,117.118583434803
1.22545197880802,1.37088327621516,117.124368670369
1.22528949784109,1.37091537462505,117.130149186684
1.22512673672399,1.37094738082543,117.135924967068
1.224963694644,1.37097929451814,117.141695994729
1.22480037078543,1.37101111540341,117.14746225276
1.22463676432961,1.37104284317984,117.153223724138
1.22447287445487,1.3710744775444,117.158980391727
1.22430870033655,1.37110601819241,117.164732238272
1.22414424114696,1.37113746481754,117.170479246403
1.22397949605538,1.3711688171118,117.176221398633
1.22381446422803,1.37120007476551,117.181958677355
1.2236491448281,1.37123123746734,117.187691064846
1.22348353701568,1.37126230490425,117.193418543261
1.22331763994778,1.37129327676152,117.199141094636
1.22315145277831,1.37132415272272,117.204858700888
1.22298497465808,1.3713549324697,117.210571343811
1.22281820473476,1.3713856156826,117.216279005078
1.22265114215286,1.37141620203983,117.221981666239
1.22248378605378,1.37144669121805,117.227679308721
1.2223161355757,1.37147708289217,117.233371913828
1.22214818985366,1.37150737673536,117.239059462739
1.22197994801948,1.37153757241902,117.244741936507
1.22181140920177,1.37156766961277,117.250419316061
1.22164257252592,1.37159766798443,117.256091582201
1.22147343711408,1.37162756720007,117.261758715603
1.22130400208513,1.37165736692391,117.267420696812
1.22113426655471,1.3716870668184,117.273077506247
1.22096422963515,1.37171666654413,117.278729124196
1.2207938904355,1.37174616575989,117.284375530818
1.22062324806149,1.37177556412263,117.290016706142
1.22045230161552,1.37180486128744,117.295652630064
1.22028105019665,1.37183405690754,117.301283282349
1.22010949290059,1.37186315063431,117.306908642629
1.21993762881967,1.37189214211724,117.312528690403
1.21976545704284,1.37192103100392,117.318143405035
1.21959297665564,1.37194981694007,117.323752765754
1.21942018674019,1.37197849956949,117.329356751655
1.21924708637519,1.37200707853405,117.334955341695
1.21907367463588,1.37203555347372,117.340548514694
1.21889995059404,1.37206392402651,117.346136249334
1.21872591331799,1.3720921898285,117.35171852416
1.21855156187252,1.37212035051381,117.357295317575
1.21837689531894,1.37214840571459,117.362866607844
1.21820191271502,1.37217635506102,117.36843237309
1.21802661311498,1.37220419818128,117.373992591295
1.2178509955695,1.37223193470156,117.379547240298
1.21767505912569,1.37225956424605,117.385096297794
1.21749880282704,1.37228708643691,117.390639741335
1.21732222571347,1.37231450089429,117.396177548329
1.21714532682124,1.37234180723627,117.401709696037
1.21696810518301,1.3723690050789,117.407236161573
1.21679055982777,1.37239609403618,117.412756921906
1.21661268978081,1.37242307372001,117.418271953854
1.21643449406379,1.37244994374024,117.42378123409
1.2162559716946,1.3724767037046,117.429284739134
1.21607712168747,1.37250335321873,117.434782445356
1.21589794305284,1.37252989188615,117.440274328976
1.21571843479743,1.37255631930825,117.44576036606
1.21553859592416,1.3725826350843,117.451240532524
1.21535842543219,1.3726088388114,117.456714804127
1.21517792231685,1.3726349300845,117.462183156475
1.21499708556965,1.37266090849638,117.467645565018
1.21481591417826,1.37268677363764,117.473102005048
1.2146344071265,1.37271252509668,117.478552451703
1.21445256339429,1.37273816245969,117.48399687996
1.2142703819577,1.37276368531065,117.489435264638
1.21408786178883,1.37278909323131,117.494867580396
1.21390500185589,1.37281438580118,117.500293801732
1.21372180112313,1.3728395625975,117.505713902982
1.21353825855084,1.37286462319528,117.511127858321
1.21335437309531,1.37288956716723,117.516535641758
1.21317014370884,1.37291439408376,117.521937227138
1.21298556933971,1.372939103513,117.527332588143
1.21280064893216,1.37296369502076,117.532721698286
1.21261538142637,1.37298816817053,117.538104530914
1.21242976575844,1.37301252252344,117.543481059206
1.21224380086038,1.3730367576383,117.548851256169
1.21205748566008,1.37306087307153,117.554215094645
1.2118708190813,1.3730848683772,117.559572547301
1.21168380004366,1.37310874310697,117.564923586633
1.21149642746259,1.3731324968101,117.570268184965
1.21130870024934,1.37315612903345,117.575606314445
1.21112061731095,1.37317963932144,117.580937947049
1.21093217755022,1.37320302721607,117.586263054574
1.21074337986572,1.37322629225685,117.591581608642
1.21055422315174,1.37324943398086,117.596893580697
1.21036470629827,1.37327245192268,117.602198942003
1.21017482819103,1.37329534561441,117.607497663645
1.20998458771137,1.37331811458563,117.612789716527
1.20979398373631,1.37334075836341,117.61807507137
1.20960301513851,1.37336327647228,117.623353698713
1.20941168078622,1.37338566843423,117.628625568911
1.20921997954331,1.37340793376869,117.633890652133
1.20902791026919,1.3734300719925,117.639148918363
1.20883547181885,1.37345208261993,117.644400337397
1.20864266304278,1.37347396516263,117.649644878843
1.20844948278699,1.37349571912965,117.654882512119
1.20825592989299,1.37351734402741,117.660113206453
1.20806200319775,1.37353883935966,117.665336930882
1.20786770153366,1.37356020462751,117.67055365425
1.20767302372858,1.3735814393294,117.675763345206
1.20747796860572,1.37360254296107,117.680965972207
1.20728253498373,1.37362351501556,117.686161503512
1.20708672167656,1.37364435498319,117.691349907182
1.20689052749354,1.37366506235155,117.696531151082
1.2066939512393,1.37368563660549,117.701705202877
1.20649699171376,1.37370607722708,117.70687203003
1.20629964771212,1.37372638369563,117.712031599805
1.20610191802482,1.37374655548764,117.717183879261
1.20590380143754,1.37376659207682,117.722328835254
1.20570529673116,1.37378649293403,117.727466434434
1.20550640268173,1.37380625752732,117.732596643247
1.20530711806048,1.37382588532187,117.737719427927
1.20510744163375,1.37384537577999,117.742834754504
1.20490737216303,1.3738647283611,117.747942588796
1.20470690840485,1.37388394252174,117.753042896409
1.20450604911087,1.37390301771549,117.758135642738
1.20430479302773,1.37392195339305,117.763220792964
1.20410313889714,1.37394074900212,117.768298312053
1.20390108545577,1.37395940398746,117.773368164755
1.2036986314353,1.37397791779085,117.778430315602
1.20349577556234,1.37399628985104,117.783484728909
1.2032925165584,1.37401451960381,117.78853136877
1.20308885313994,1.37403260648187,117.793570199058
1.20288478401827,1.37405054991489,117.798601183423
1.20268030789955,1.37406834932949,117.803624285292
1.20247542348477,1.37408600414918,117.808639467867
1.20227012946973,1.37410351379439,117.813646694123
1.20206442454502,1.37412087768243,117.818645926809
1.20185830739595,1.37413809522746,117.823637128441
1.20165177670259,1.3741551658405,117.82862026131
1.20144483113969,1.37417208892941,117.833595287471
1.20123746937671,1.37418886389883,117.838562168747
1.20102969007773,1.37420549015022,117.84352086673
1.20082149190147,1.37422196708182,117.84847134277
1.20061287350125,1.37423829408861,117.853413557985
1.20040383352498,1.37425447056232,117.858347473252
1.20019437061509,1.37427049589141,117.863273049208
1.19998448340856,1.37428636946104,117.86819024625
1.19977417053685,1.37430209065303,117.873099024532
1.19956343062591,1.37431765884591,117.877999343961
1.19935226229611,1.37433307341482,117.882891164202
1.19914066416226,1.37434833373156,117.88777444467
1.19892863483353,1.37436343916451,117.892649144534
1.1987161729135,1.37437838907868,117.89751522271
1.19850327700004,1.37439318283561,117.902372637866
1.19828994568535,1.37440781979342,117.907221348413
1.19807617755591,1.37442229930676,117.912061312511
1.19786197119246,1.37443662072679,117.916892488062
1.19764732516995,1.37445078340116,117.92171483271
1.19743223805754,1.374464786674,117.926528303842
1.19721670841856,1.3744786298859,117.931332858582
1.19700073481047,1.37449231237387,117.936128453794
1.19678431578486,1.37450583347134,117.940915046077
1.19656744988739,1.37451919250815,117.945692591764
1.19635013565779,1.3745323888105,117.950461046923
1.1961323716298,1.37454542170092,117.955220367353
1.19591415633118,1.37455829049832,117.959970508582
1.19569548828363,1.37457099451789,117.964711425866
1.19547636600281,1.37458353307112,117.969443074189
1.19525678799829,1.37459590546576,117.974165408261
1.19503675277351,1.37460811100582,117.978878382512
1.19481625882576,1.37462014899154,117.983581951097
1.19459530464617,1.37463201871935,117.98827606789
1.19437388871964,1.37464371948186,117.992960686482
1.19415200952483,1.37465525056788,117.997635760184
1.19392966553413,1.37466661126231,118.002301242018
1.19370685521365,1.3746778008462,118.006957084723
1.19348357702313,1.37468881859669,118.011603240748
1.19325982941599,1.37469966378699,118.01623966225
1.19303561083921,1.37471033568636,118.020866301098
1.19281091973338,1.37472083356009,118.025483108864
1.19258575453261,1.37473115666948,118.030090036828
1.19236011366453,1.3747413042718,118.034687035968
1.19213399555025,1.37475127562029,118.039274056968
1.19190739860432,1.37476106996412,118.043851050208
1.19168032123471,1.37477068654838,118.048417965766
1.19145276184277,1.37478012461405,118.052974753418
1.19122471882319,1.37478938339796,118.057521362629
1.190996190564,1.37479846213281,118.062057742561
1.19076717544649,1.37480736004709,118.066583842063
1.19053767184521,1.37481607636509,118.071099609672
1.19030767812792,1.37482461030688,118.075604993612
1.19007719265557,1.37483296108827,118.080099941792
1.18984621378225,1.37484112792079,118.084584401804
1.18961473985518,1.37484911001165,118.089058320917
1.18938276921465,1.37485690656377,118.093521646081
1.189150300194,1.37486451677567,118.097974323924
1.18891733111958,1.37487193984152,118.102416300747
1.18868386031072,1.37487917495108,118.106847522522
1.18844988607969,1.37488622128966,118.111267934895
1.18821540673167,1.37489307803813,118.115677483178
1.18798042056471,1.37489974437289,118.120076112351
1.18774492586969,1.37490621946581,118.124463767059
1.18750892093032,1.37491250248422,118.128840391607
1.18727240402303,1.37491859259091,118.133205929964
1.18703537341701,1.37492448894407,118.137560325754
1.18679782737413,1.37493019069728,118.14190352226
1.18655976414893,1.37493569699948,118.146235462418
1.18632118198855,1.37494100699492,118.150556088816
1.18608207913272,1.37494611982318,118.154865343691
1.18584245381372,1.37495103461911,118.159163168931
1.18560230425632,1.37495575051281,118.163449506066
1.18536162867779,1.37496026662957,118.167724296271
1.1851204252878,1.37496458208993,118.171987480362
1.18487869228843,1.37496869600954,118.176238998795
1.18463642787413,1.37497260749922,118.180478791662
1.18439363023163,1.37497631566488,118.184706798689
1.18415029753997,1.37497981960751,118.188922959235
1.18390642797042,1.37498311842317,118.19312721229
1.18366201968644,1.37498621120291,118.197319496469
1.18341707084367,1.37498909703279,118.201499750015
1.18317157958987,1.37499177499383,118.205667910794
1.18292554406486,1.37499424416197,118.209823916291
1.18267896240052,1.37499650360807,118.213967703612
1.18243183272072,1.37499855239784,118.218099209476
1.18218415314131,1.37500038959186,118.222218370219
1.18193592177005,1.37500201424549,118.226325121786
1.18168713670656,1.37500342540889,118.230419399732
1.18143779604233,1.37500462212695,118.234501139217
1.18118789786062,1.37500560343931,118.238570275008
1.18093744023647,1.37500636838026,118.242626741471
1.18068642123661,1.37500691597878,118.246670472572
1.18043483891946,1.37500724525843,118.250701401872
1.18018269133504,1.37500735523741,118.25471946253
1.17992997652499,1.37500724492843,118.258724587292
1.17967669252247,1.37500691333878,118.262716708496
1.17942283735214,1.37500635947018,118.266695758065
1.17916840903014,1.37500558231888,118.270661667507
1.178913405564,1.3750045808755,118.27461436791
1.17865782495261,1.37500335412508,118.278553789941
1.17840166518621,1.37500190104703,118.282479863843
1.17814492424631,1.37500022061507,118.286392519434
1.17788760010565,1.37499831179721,118.290291686099
1.17762969072817,1.37499617355575,118.294177292795
1.17737119406894,1.37499380484717,118.298049268041
1.17711210807415,1.37499120462217,118.30190753992
1.17685243068103,1.37498837182561,118.305752036075
1.17659215981782,1.37498530539644,118.309582683706
1.17633129340372,1.37498200426772,118.313399409565
1.17606982934886,1.37497846736656,118.317202139959
1.17580776555423,1.37497469361406,118.320990800741
1.17554509991163,1.37497068192532,118.32476531731
1.17528183030365,1.37496643120936,118.328525614609
1.17501795460361,1.37496194036914,118.33227161712
1.17475347067548,1.37495720830145,118.336003248862
1.17448837637389,1.37495223389692,118.339720433389
1.17422266954405,1.37494701603998,118.343423093786
1.1739563480217,1.37494155360882,118.347111152665
1.17368940963304,1.37493584547534,118.350784532164
1.17342185219474,1.37492989050511,118.354443153943
1.17315367351384,1.37492368755735,118.358086939183
1.17288487138772,1.3749172354849,118.361715808579
1.17261544360404,1.37491053313414,118.365329682338
1.1723453879407,1.37490357934498,118.368928480181
1.17207470216579,1.37489637295081,118.372512121332
1.17180338403751,1.3748889127785,118.376080524521
1.17153143130417,1.37488119764827,118.379633607978
1.17125884170409,1.37487322637375,118.383171289429
1.17098561296558,1.37486499776188,118.386693486096
1.17071174280688,1.37485651061288,118.390200114691
1.1704372289361,1.37484776372023,118.393691091415
1.17016206905115,1.37483875587059,118.397166331951
1.16988626083973,1.37482948584379,118.400625751464
1.16960980197926,1.37481995241279,118.404069264599
1.1693326901368,1.37481015434361,118.407496785473
1.16905492296903,1.37480009039532,118.410908227675
1.16877649812217,1.37478975931996,118.414303504261
1.16849741323195,1.37477915986254,118.417682527753
1.16821766592353,1.37476829076097,118.421045210131
1.16793725381147,1.37475715074601,118.424391462836
1.16765617449964,1.37474573854125,118.42772119676
1.16737442558121,1.37473405286306,118.431034322246
1.16709200463855,1.37472209242052,118.434330749086
1.16680890924319,1.37470985591541,118.437610386512
1.16652513695578,1.37469734204214,118.440873143198
1.16624068532601,1.37468454948772,118.444118927253
1.16595555189255,1.37467147693171,118.44734764622
1.16566973418302,1.37465812304617,118.450559207069
1.16538322971388,1.37464448649561,118.453753516196
1.16509603599044,1.37463056593696,118.456930479418
1.16480815050675,1.3746163600195,118.460090001972
1.16451957074555,1.37460186738484,118.463231988504
1.16423029417822,1.37458708666684,118.466356343075
1.16394031826472,1.3745720164916,118.46946296915
1.16364964045352,1.37455665547738,118.472551769596
1.16335825818154,1.37454100223456,118.475622646681
1.1630661688741,1.3745250553656,118.478675502065
1.16277336994485,1.37450881346499,118.481710236799
1.1624798587957,1.37449227511917,118.484726751324
1.16218563281678,1.37447543890653,118.487724945459
1.16189068938636,1.37445830339733,118.490704718406
1.16159502587078,1.37444086715365,118.493665968739
1.16129863962441,1.37442312872935,118.496608594404
1.16100152798957,1.37440508667,118.499532492713
1.16070368829646,1.37438673951285,118.502437560341
1.16040511786312,1.37436808578676,118.505323693322
1.16010581399535,1.37434912401216,118.508190787041
1.15980577398661,1.37432985270101,118.511038736236
1.15950499511805,1.37431027035669,118.51386743499
1.15920347465831,1.37429037547402,118.516676776726
1.15890120986359,1.37427016653916,118.519466654206
1.15859819797749,1.37424964202958,118.522236959524
1.15829443623095,1.37422880041397,118.524987584101
1.15798992184225,1.37420764015223,118.527718418683
1.15768465201685,1.37418615969538,118.530429353337
1.15737862394741,1.37416435748553,118.533120277442
1.15707183481363,1.3741422319558,118.535791079689
1.15676428178228,1.37411978153029,118.538441648077
1.15645596200703,1.37409700462397,118.541071869902
1.15614687262846,1.37407389964271,118.543681631761
1.15583701077395,1.37405046498315,118.546270819541
1.15552637355762,1.37402669903265,118.548839318418
1.15521495808023,1.37400260016928,118.551387012849
1.15490276142917,1.37397816676169,118.55391378657
1.15458978067832,1.37395339716912,118.556419522591
1.15427601288802,1.37392828974128,118.55890410319
1.153961455105,1.37390284281834,118.561367409908
1.15364610436226,1.37387705473084,118.563809323547
1.15332995767905,1.37385092379963,118.566229724161
1.15301301206076,1.37382444833583,118.568628491054
1.15269526449886,1.37379762664073,118.571005502773
1.15237671197083,1.37377045700577,118.573360637104
1.15205735144007,1.37374293771245,118.57569377107
1.15173717985581,1.37371506703227,118.578004780919
1.15141619415309,1.37368684322669,118.580293542124
1.15109439125261,1.37365826454702,118.582559929379
1.1507717680607,1.37362932923441,118.584803816587
1.15044832146925,1.37360003551973,118.587025076864
1.15012404835557,1.37357038162356,118.589223582526
1.14979894558239,1.37354036575606,118.591399205086
1.14947300999771,1.37350998611698,118.593551815252
1.14914623843476,1.37347924089553,118.595681282918
1.14881862771193,1.37344812827034,118.597787477157
1.14849017463265,1.37341664640938,118.599870266222
1.14816087598532,1.37338479346991,118.601929517533
1.14783072854325,1.37335256759841,118.603965097677
1.14749972906458,1.37331996693047,118.6059768724
1.14716787429213,1.37328698959079,118.607964706602
1.14683516095342,1.37325363369303,118.60992846433
1.1465015857605,1.37321989733983,118.611868008774
1.14616714540989,1.37318577862265,118.613783202262
1.14583183658254,1.37315127562175,118.615673906251
1.14549565594368,1.37311638640612,118.617539981323
1.14515860014276,1.37308110903337,118.619381287181
1.14482066581336,1.3730454415497,118.621197682639
1.14448184957312,1.37300938198979,118.62298902562
1.14414214802364,1.37297292837676,118.624755173147
1.14380155775038,1.37293607872205,118.62649598134
1.14346007532258,1.37289883102541,118.628211305405
1.14311769729318,1.37286118327475,118.629900999635
1.14277442019872,1.37282313344613,118.631564917396
1.14243024055924,1.37278467950362,118.633202911127
1.14208515487823,1.37274581939929,118.63481483233
1.14173915964247,1.37270655107307,118.636400531567
1.14139225132202,1.37266687245271,118.63795985845
1.14104442637004,1.37262678145369,118.639492661635
1.14069568122277,1.37258627597915,118.640998788819
1.1403460122994,1.37254535391977,118.642478086731
1.13999541600199,1.37250401315375,118.643930401124
1.13964388871534,1.37246225154668,118.645355576773
1.13929142680696,1.37242006695148,118.646753457461
1.13893802662692,1.37237745720832,118.648123885982
1.13858368450775,1.37233442014451,118.649466704124
1.1382283967644,1.37229095357446,118.650781752672
1.13787215969406,1.37224705529955,118.652068871392
1.13751496957615,1.37220272310809,118.653327899031
1.13715682267215,1.37215795477519,118.654558673307
1.13679771522554,1.37211274806271,118.655761030902
1.13643764346166,1.37206710071914,118.656934807456
1.13607660358767,1.37202101047955,118.658079837559
1.13571459179239,1.37197447506547,118.659195954745
1.13535160424624,1.37192749218481,118.660282991481
1.13498763710111,1.37188005953181,118.661340779167
1.13462268649026,1.37183217478686,118.662369148121
1.13425674852822,1.3717838356165,118.663367927578
1.13388981931071,1.3717350396733,118.664336945676
1.13352189491449,1.37168578459573,118.665276029454
1.13315297139728,1.37163606800811,118.666185004844
1.13278304479766,1.37158588752053,118.66706369666
1.13241211113492,1.3715352407287,118.667911928592
1.13204016640903,1.37148412521389,118.6687295232
1.13166720660045,1.37143253854286,118.669516301903
1.13129322767007,1.3713804782677,118.670272084977
1.13091822555908,1.3713279419258,118.670996691538
1.13054219618888,1.37127492703969,118.671689939542
1.13016513546093,1.37122143111699,118.672351645775
1.12978703925669,1.37116745165032,118.672981625842
1.12940790343746,1.37111298611713,118.673579694163
1.12902772384428,1.37105803197968,118.674145663961
1.12864649629786,1.37100258668488,118.674679347256
1.12826421659838,1.37094664766423,118.675180554859
1.12788088052545,1.37089021233371,118.675649096357
1.12749648383797,1.37083327809364,118.676084780111
1.12711102227399,1.37077584232862,118.676487413245
1.12672449155062,1.37071790240741,118.676856801636
1.12633688736392,1.37065945568283,118.677192749909
1.12594820538874,1.37060049949163,118.677495061424
1.12555844127863,1.37054103115442,118.677763538271
1.12516759066572,1.37048104797553,118.67799798126
1.12477564916061,1.37042054724293,118.67819818991
1.12438261235219,1.37035952622809,118.678363962444
1.1239884758076,1.37029798218589,118.678495095777
1.12359323507203,1.37023591235453,118.678591385507
1.12319688566867,1.37017331395535,118.678652625907
1.12279942309851,1.3701101841928,118.678678609916
1.12240084284026,1.37004652025427,118.678669129129
1.12200114035023,1.36998231931,118.678623973788
1.12160031106217,1.36991757851296,118.678542932773
1.12119835038716,1.36985229499874,118.678425793589
1.12079525371349,1.3697864658854,118.678272342363
1.12039101640651,1.36972008827343,118.678082363828
1.11998563380851,1.36965315924553,118.677855641318
1.1195791012386,1.36958567586658,118.677591956756
1.11917141399256,1.36951763518346,118.677291090643
1.11876256734269,1.36944903422497,118.67695282205
1.11835255653775,1.36937987000168,118.676576928609
1.11794137680272,1.36931013950583,118.676163186499
1.11752902333877,1.36923983971118,118.67571137044
1.11711549132304,1.36916896757291,118.67522125368
1.11670077590856,1.36909752002749,118.674692607988
1.11628487222407,1.36902549399252,118.674125203638
1.11586777537391,1.36895288636668,118.673518809403
1.11544948043787,1.36887969402952,118.672873192546
1.11502998247106,1.36880591384138,118.672188118803
1.11460927650375,1.36873154264322,118.671463352378
1.11418735754124,1.36865657725656,118.670698655931
1.11376422056371,1.36858101448327,118.669893790564
1.11333986052609,1.36850485110548,118.669048515815
1.11291427235791,1.36842808388542,118.668162589644
1.11248745096313,1.36835070956534,118.667235768419
1.11205939122005,1.3682727248673,118.666267806914
1.11163008798109,1.36819412649309,118.665258458288
1.1111995360727,1.36811491112407,118.664207474077
1.11076773029519,1.36803507542102,118.663114604187
1.11033466542257,1.36795461602402,118.661979596874
1.10990033620242,1.36787352955232,118.66080219874
1.10946473735571,1.36779181260416,118.659582154718
1.10902786357669,1.36770946175667,118.658319208059
1.10858970953269,1.36762647356567,118.657013100323
1.10815026986399,1.3675428445656,118.655663571364
1.10770953918367,1.36745857126932,118.654270359322
1.10726751207743,1.36737365016797,118.652833200607
1.10682418310345,1.36728807773083,118.651351829887
1.10637954679224,1.36720185040518,118.649825980079
1.10593359764645,1.36711496461615,118.648255382334
1.10548633014074,1.36702741676652,118.646639766024
1.10503773872159,1.36693920323665,118.64497885873
1.10458781780719,1.36685032038425,118.64327238623
1.1041365617872,1.36676076454429,118.641520072487
1.10368396502264,1.3666705320288,118.639721639634
1.10323002184573,1.3665796191267,118.63787680796
1.10277472655967,1.36648802210371,118.635985295902
1.10231807343854,1.36639573720212,118.634046820025
1.10186005672708,1.36630276064067,118.632061095016
1.10140067064054,1.36620908861438,118.630027833664
1.10093990936452,1.36611471729437,118.62794674685
1.10047776705477,1.36601964282773,118.625817543533
1.10001423783706,1.36592386133732,118.623639930735
1.09954931580695,1.36582736892161,118.621413613531
1.09908299502967,1.36573016165455,118.619138295029
1.09861526953991,1.36563223558536,118.616813676361
1.09814613334167,1.36553358673835,118.614439456666
1.09767558040804,1.3654342111128,118.612015333078
1.09720360468107,1.36533410468276,118.60954100071
1.09673020007155,1.36523326339685,118.607016152639
1.09625536045887,1.36513168317812,118.604440479895
1.0957790796908,1.36502935992388,118.601813671442
1.0953013515833,1.36492628950549,118.599135414166
1.09482216992041,1.3648224677682,118.596405392856
1.09434152845395,1.36471789053096,118.593623290198
1.09385942090345,1.36461255358625,118.590788786748
1.09337584095586,1.36450645269991,118.587901560926
1.09289078226544,1.36439958361091,118.584961288998
1.09240423845353,1.3642919420312,118.581967645057
1.09191620310836,1.36418352364553,118.578920301013
1.09142666978487,1.36407432411123,118.575818926573
1.09093563200451,1.36396433905805,118.572663189227
1.09044308325505,1.36385356408794,118.569452754233
1.08994901699039,1.36374199477489,118.566187284599
1.08945342663032,1.36362962666472,118.562866441067
1.0889563055604,1.36351645527487,118.559489882098
1.08845764713168,1.36340247609422,118.556057263854
1.08795744466057,1.36328768458291,118.552568240183
1.08745569142858,1.36317207617209,118.549022462602
1.08695238068214,1.36305564626378,118.545419580278
1.08644750563242,1.3629383902306,118.541759240014
1.08594105945508,1.36282030341564,118.538041086231
1.0854330352901,1.36270138113219,118.53426476095
1.08492342624155,1.36258161866356,118.530429903774
1.0844122253774,1.36246101126288,118.526536151875
1.08389942572928,1.36233955415288,118.522583139969
1.08338502029231,1.36221724252568,118.518570500305
1.08286900202485,1.36209407154256,118.514497862643
1.08235136384831,1.36197003633378,118.51036485424
1.08183209864691,1.36184513199834,118.506171099826
1.0813111992675,1.36171935360375,118.501916221591
1.0807886585193,1.36159269618585,118.497599839165
1.08026446917372,1.36146515474855,118.493221569597
1.07973862396412,1.36133672426362,118.488781027341
1.07921111558558,1.36120739967048,118.484277824233
1.07868193669469,1.36107717587596,118.479711569473
1.07815107990932,1.36094604775406,118.475081869608
1.07761853780842,1.36081401014576,118.47038832851
1.07708430293174,1.36068105785873,118.465630547358
1.07654836777965,1.36054718566716,118.460808124619
1.07601072481289,1.36041238831149,118.455920656025
1.07547136645233,1.36027666049818,118.450967734559
1.07493028507877,1.36013999689945,118.445948950429
1.07438747303267,1.36000239215309,118.440863891051
1.07384292261393,1.35986384086219,118.435712141029
1.07329662608167,1.35972433759488,118.430493282131
1.07274857565397,1.35958387688412,118.425206893275
1.07219876350762,1.35944245322742,118.4198525505
1.07164718177793,1.35930006108662,118.414429826951
1.07109382255842,1.35915669488762,118.408938292857
1.07053867790064,1.35901234902015,118.403377515508
1.06998173981389,1.35886701783747,118.397747059234
1.06942300026496,1.35872069565618,118.392046485385
1.06886245117795,1.35857337675591,118.386275352305
1.06830008443393,1.35842505537907,118.380433215317
1.06773589187075,1.3582757257306,118.374519626696
1.06716986528278,1.35812538197772,118.368534135645
1.06660199642065,1.35797401824963,118.36247628828
1.06603227699098,1.35782162863726,118.356345627598
1.06546069865616,1.35766820719299,118.350141693463
1.06488725303405,1.35751374793043,118.343864022577
1.06431193169776,1.35735824482406,118.337512148459
1.06373472617535,1.35720169180902,118.331085601422
1.06315562794963,1.35704408278081,118.32458390855
1.06257462845782,1.35688541159503,118.318006593673
1.06199171909133,1.35672567206705,118.311353177342
1.06140689119549,1.3565648579718,118.304623176811
1.06082013606928,1.35640296304342,118.297816106005
1.06023144496505,1.35623998097499,118.2909314755
1.05964080908826,1.35607590541826,118.283968792499
1.05904821959722,1.35591072998336,118.276927560804
1.05845366760277,1.35574444823846,118.269807280795
1.05785714416807,1.35557705370952,118.262607449402
1.05725864030826,1.35540853988,118.255327560081
1.05665814699022,1.35523890019051,118.247967102787
1.05605565513229,1.35506812803854,118.240525563952
1.05545115560396,1.35489621677817,118.233002426455
1.05484463922563,1.35472315971972,118.225397169598
1.05423609676827,1.35454895012948,118.217709269078
1.05362551895319,1.35437358122939,118.209938196965
1.05301289645171,1.35419704619671,118.202083421669
1.05239821988491,1.35401933816372,118.194144407919
1.05178147982328,1.35384045021739,118.186120616731
1.0511626667865,1.35366037539909,118.178011505385
1.05054177124308,1.35347910670423,118.169816527395
1.04991878361012,1.35329663708194,118.161535132481
1.04929369425297,1.35311295943478,118.153166766544
1.04866649348495,1.35292806661835,118.144710871635
1.04803717156706,1.35274195144103,118.136166885928
1.04740571870765,1.35255460666358,118.127534243689
1.04677212506214,1.35236602499884,118.118812375255
1.0461363807327,1.35217619911138,118.110000706993
1.04549847576796,1.35198512161717,118.101098661282
1.04485840016268,1.35179278508322,118.092105656477
1.04421614385745,1.35159918202724,118.083021106883
1.04357169673841,1.35140430491729,118.073844422723
1.04292504863686,1.35120814617143,118.064575010108
1.04227618932902,1.35101069815739,118.055212271007
1.04162510853568,1.35081195319215,118.04575560322
1.04097179592188,1.35061190354165,118.036204400341
1.0403162410966,1.3504105414204,118.026558051732
1.03965843361243,1.3502078589911,118.01681594249
1.03899836296527,1.3500038483643,118.006977453415
1.03833601859396,1.34979850159803,117.997041960981
1.03767138988,1.34959181069741,117.9870088373
1.03700446614719,1.34938376761428,117.976877450094
1.03633523666132,1.34917436424684,117.966647162661
1.03566369062983,1.34896359243924,117.956317333842
1.03498981720148,1.34875144398124,117.945887317987
1.034313605466,1.34853791060779,117.935356464926
1.03363504445378,1.34832298399865,117.924724119933
1.03295412313552,1.348106655778,117.913989623692
1.03227083042188,1.34788891751406,117.903152312263
1.03158515516315,1.34766976071869,117.892211517051
1.0308970861489,1.34744917684697,117.881166564769
1.03020661210766,1.34722715729682,117.870016777403
1.02951372170652,1.34700369340859,117.858761472181
1.02881840355085,1.34677877646466,117.847399961532
1.02812064618389,1.34655239768902,117.835931553058
1.02742043808644,1.34632454824684,117.824355549491
1.02671776767649,1.34609521924412,117.812671248663
1.02601262330884,1.34586440172718,117.800877943468
1.02530499327481,1.34563208668231,117.788974921822
1.02459486580182,1.34539826503532,117.776961466635
1.02388222905305,1.34516292765112,117.764836855765
1.0231670711271,1.34492606533325,117.752600361987
1.02244938005757,1.34468766882353,117.740251252952
1.02172914381279,1.34444772880154,117.727788791153
1.02100635029534,1.34420623588424,117.715212233882
1.02028098734177,1.34396318062547,117.702520833198
1.01955304272221,1.34371855351558,117.689713835882
1.01882250413995,1.34347234498092,117.676790483405
1.01808935923114,1.34322454538341,117.663750011883
1.01735359556437,1.34297514502008,117.650591652041
1.0166152006403,1.34272413412264,117.637314629173
1.01587416189129,1.34247150285698,117.623918163102
1.01513046668101,1.34221724132274,117.610401468139
1.01438410230409,1.34196133955282,117.596763753044
1.01363505598569,1.34170378751291,117.583004220983
1.01288331488115,1.34144457510105,117.56912206949
1.01212886607559,1.34118369214711,117.555116490424
1.01137169658353,1.34092112841234,117.540986669929
1.0106117933485,1.34065687358888,117.526731788387
1.00984914324263,1.34039091729928,117.512351020383
1.00908373306629,1.34012324909598,117.497843534659
1.00831554954768,1.33985385846087,117.483208494069
1.00754457934244,1.33958273480476,117.468445055541
1.00677080903323,1.33930986746689,117.453552370029
1.00599422512937,1.33903524571441,117.438529582473
1.00521481406641,1.33875885874193,117.423375831752
1.00443256220573,1.33848069567093,117.408090250642
1.00364745583417,1.33820074554933,117.392671965769
1.00285948116358,1.33791899735092,117.377120097568
1.00206862433045,1.33763543997485,117.361433760233
1.00127487139547,1.33735006224514,117.345612061676
1.00047820834315,1.33706285291011,117.329654103476
0.999678621081407,1.3367738006419,117.31355898084
0.998876095441125,1.33648289403588,117.29732578255
0.998070617175774,1.33619012161018,117.280953590918
0.99726217196098,1.33589547180509,117.264441481741
0.99645074539411,1.33559893298256,117.247788524253
0.995636322993856,1.33530049342564,117.230993781075
0.994818890199818,1.33500014133794,117.214056308169
0.993998432372077,1.33469786484304,117.196975154789
0.993174934790784,1.33439365198399,117.179749363432
0.992348382655726,1.33408749072271,117.162377969789
0.991518761085909,1.33377936893945,117.144860002698
0.99068605511913,1.33346927443222,117.127194484091
0.989850249711551,1.33315719491618,117.109380428945
0.98901132973727,1.33284311802315,117.091416845232
0.98816927998789,1.33252703130094,117.073302733868
0.987324085172093,1.33220892221283,117.055037088665
0.986475729915204,1.33188877813698,117.036618896273
0.985624198758761,1.33156658636582,117.018047136134
0.984769476160078,1.33124233410546,116.999320780429
0.983911546491814,1.33091600847512,116.980438794025
0.98305039404153,1.33058759650652,116.961400134419
0.982186003011259,1.33025708514325,116.942203751692
0.981318357517063,1.32992446124022,116.92284858845
0.980447441588594,1.329589711563,116.903333579772
0.979573239168654,1.32925282278722,116.883657653157
0.978695734112754,1.32891378149798,116.863819728466
0.977814910188672,1.32857257418919,116.843818717873
0.976930751076005,1.328229187263,116.823653525805
0.976043240365733,1.32788360702909,116.803323048887
0.975152361559764,1.32753581970413,116.782826175891
0.974258098070498,1.32718581141107,116.762161787673
0.97336043322037,1.32683356817857,116.74132875712
0.972459350241411,1.32647907594028,116.720325949095
0.971554832274795,1.32612232053428,116.699152220377
0.97064686237039,1.32576328770236,116.677806419601
0.969735423486311,1.3254019630894,116.656287387208
0.968820498488466,1.32503833224272,116.63459395538
0.967902070150109,1.32467238061139,116.612724947981
0.966980121151383,1.32430409354559,116.590679180504
0.966054634078873,1.32393345629595,116.568455460005
0.965125591425152,1.32356045401284,116.54605258505
0.964192975588326,1.32318507174575,116.523469345647
0.963256768871581,1.32280729444256,116.500704523193
0.962316953482734,1.32242710694888,116.477756890409
0.96137351153377,1.32204449400738,116.45462521128
0.960426425040396,1.32165944025707,116.431308240993
0.95947567592158,1.32127193023262,116.407804725876
0.958521245999102,1.32088194836368,116.384113403337
0.957563116997092,1.32048947897415,116.360233001798
0.956601270541582,1.3200945062815,116.336162240635
0.955635688160046,1.31969701439603,116.311899830113
0.954666351280948,1.31929698732023,116.287444471324
0.953693241233283,1.31889440894796,116.262794856122
0.952716339246126,1.31848926306383,116.237949667058
0.951735626448175,1.31808153334242,116.212907577318
0.950751083867299,1.31767120334758,116.187667250654
0.949762692430078,1.31725825653168,116.162227341322
0.948770432961356,1.31684267623489,116.136586494014
0.947774286183784,1.31642444568447,116.110743343794
0.946774232717365,1.31600354799398,116.084696516028
0.945770253079006,1.31557996616256,116.058444626323
0.944762327682062,1.31515368307421,116.031986280453
0.943750436835887,1.31472468149699,116.005320074296
0.942734560745382,1.31429294408231,115.978444593766
0.941714679510548,1.31385845336415,115.951358414741
0.940690773126032,1.3134211917583,115.924060103
0.939662821480682,1.3129811415616,115.896548214148
0.938630804357103,1.31253828495121,115.868821293552
0.937594701431204,1.31209260398376,115.840877876269
0.936554492271758,1.31164408059466,115.812716486976
0.935510156339957,1.31119269659725,115.784335639898
0.934461672988973,1.31073843368209,115.755733838742
0.933409021463509,1.31028127341614,115.726909576622
0.932352180899368,1.30982119724195,115.697861335988
0.93129113032301,1.30935818647692,115.668587588557
0.930225848651119,1.3088922223125,115.639086795237
0.929156314690164,1.30842328581335,115.609357406059
0.928082507135972,1.30795135791659,115.5793978601
0.927004404573292,1.30747641943098,115.549206585414
0.925921985475369,1.30699845103612,115.518781998956
0.924835228203515,1.30651743328163,115.488122506509
0.923744111006688,1.30603334658635,115.457226502611
0.922648612021066,1.30554617123755,115.426092370478
0.921548709269629,1.30505588739006,115.394718481934
0.920444380661741,1.30456247506549,115.363103197331
0.919335603992735,1.30406591415142,115.331244865478
0.9182223569435,1.30356618440055,115.299141823562
0.917104617080074,1.30306326542986,115.266792397076
0.915982361853235,1.30255713671984,115.234194899739
0.914855568598099,1.30204777761359,115.201347633421
0.913724214533718,1.30153516731604,115.168248888068
0.912588276762686,1.30101928489307,115.134896941622
0.911447732270742,1.30050010927072,115.101290059947
0.910302557926382,1.29997761923431,115.067426496749
0.90915273048047,1.2994517934276,115.033304493499
0.907998226565858,1.29892261035198,114.998922279354
0.906839022697004,1.29839004836557,114.964278071081
0.905675095269601,1.29785408568242,114.929370072975
0.904506420560202,1.29731470037164,114.894196476784
0.903332974725855,1.29677187035653,114.858755461627
0.902154733803742,1.29622557341377,114.823045193915
0.900971673710818,1.29567578717251,114.787063827273
0.899783770243463,1.29512248911355,114.750809502458
0.898590999077129,1.29456565656847,114.714280347279
0.897393335765999,1.29400526671877,114.677474476522
0.89619075574265,1.29344129659501,114.64038999186
0.894983234317717,1.29287372307594,114.60302498178
0.89377074667957,1.29230252288764,114.565377521501
0.892553267893988,1.29172767260266,114.52744567289
0.891330772903847,1.29114914863915,114.489227484381
0.890103236528806,1.29056692726,114.450720990896
0.888870633465005,1.28998098457194,114.411924213764
0.887632938284768,1.28939129652472,114.372835160634
0.886390125436311,1.28879783891022,114.3334518254
0.885142169243458,1.28820058736156,114.293772188111
0.883889043905361,1.28759951735226,114.253794214898
0.88263072349623,1.28699460419536,114.213515857883
0.881367181965073,1.28638582304254,114.172935055101
0.880098393135433,1.28577314888328,114.132049730419
0.878824330705145,1.28515655654395,114.090857793448
0.877544968246089,1.28453602068696,114.049357139464
0.876260279203965,1.28391151580991,114.007545649326
0.874970236898059,1.28328301624469,113.96542118939
0.873674814521034,1.28265049615663,113.922981611426
0.872373985138714,1.28201392954363,113.88022475254
0.871067721689893,1.28137329023528,113.837148435084
0.869755996986137,1.28072855189203,113.793750466576
0.868438783711608,1.2800796880043,113.75002863962
0.867116054422889,1.27942667189162,113.705980731817
0.865787781548825,1.27876947670176,113.661604505686
0.864453937390367,1.27810807540992,113.616897708579
0.863114494120431,1.27744244081781,113.571858072598
0.861769423783768,1.27677254555282,113.526483314515
0.860418698296841,1.27609836206721,113.480771135683
0.859062289447712,1.27541986263718,113.434719221959
0.857700168895949,1.27473701936208,113.388325243618
0.856332308172533,1.27404980416358,113.341586855271
0.854958678679779,1.27335818878475,113.294501695782
0.853579251691281,1.27266214478931,113.247067388188
0.85219399835185,1.27196164356075,113.199281539612
0.850802889677476,1.2712566563015,113.151141741185
0.849405896555304,1.27054715403212,113.102645567962
0.848002989743616,1.26983310759046,113.053790578842
0.84659413987183,1.26911448763084,113.004574316484
0.845179317440513,1.26839126462327,112.954994307227
0.843758492821406,1.26766340885259,112.90504806101
0.842331636257466,1.26693089041771,112.854733071288
0.840898717862917,1.26619367923077,112.804046814954
0.839459707623321,1.26545174501638,112.752986752261
0.838014575395661,1.26470505731081,112.701550326735
0.83656329090844,1.26395358546122,112.649734965104
0.835105823761799,1.26319729862489,112.59753807721
0.833642143427643,1.26243616576841,112.544957055939
0.832172219249791,1.26167015566697,112.491989277137
0.830696020444139,1.26089923690357,112.438632099532
0.829213516098841,1.26012337786828,112.384882864659
0.827724675174503,1.2593425467575,112.330738896783
0.826229466504406,1.25855671157322,112.276197502819
0.824727858794731,1.25776584012231,112.221255972259
0.823219820624816,1.25696990001576,112.165911577097
0.821705320447424,1.25616885866803,112.110161571751
0.820184326589032,1.25536268329632,112.054003192991
0.818656807250143,1.25455134091986,111.997433659866
0.817122730505609,1.25373479835927,111.940450173628
0.815582064304984,1.25291302223586,111.883049917661
0.814034776472891,1.25208597897098,111.825230057411
0.812480834709412,1.25125363478537,111.766987740312
0.8109202065905,1.2504159556985,111.708320095719
0.809352859568413,1.24957290752798,111.649224234835
0.807778760972165,1.24872445588892,111.589697250645
0.806197878008009,1.24787056619332,111.529736217847
0.804610177759934,1.24701120364949,111.469338192785
0.803015627190189,1.24614633326148,111.408500213385
0.801414193139831,1.24527591982847,111.347219299086
0.799805842329298,1.24439992794428,111.28549245078
0.798190541359006,1.2435183219968,111.223316650744
0.796568256709967,1.24263106616743,111.160688862584
0.794938954744437,1.24173812443064,111.097606031169
0.793302601706593,1.24083946055343,111.034065082572
0.791659163723229,1.23993503809486,110.970062924014
0.79000860680448,1.23902482040559,110.905596443802
0.788350896844581,1.23810877062744,110.840662511276
0.786685999622647,1.23718685169293,110.775257976751
0.785013880803476,1.23625902632492,110.709379671466
0.7833345059384,1.23532525703617,110.643024407529
0.781647840466142,1.23438550612897,110.576188977867
0.779953849713716,1.23343973569481,110.508870156176
0.77825249889736,1.23248790761402,110.441064696871
0.77654375312349,1.23152998355544,110.372769335041
0.774827577389688,1.23056592497616,110.303980786403
0.773103936585727,1.22959569312119,110.234695747257
0.771372795494627,1.22861924902326,110.164910894445
0.769634118793734,1.22763655350255,110.09462288531
0.767887871055849,1.22664756716647,110.023828357657
0.766134016750374,1.22565225040949,109.952523929715
0.764372520244509,1.22465056341299,109.880706200103
0.762603345804467,1.22364246614507,109.808371747795
0.760826457596737,1.22262791836048,109.73551713209
0.759041819689379,1.22160687960049,109.662138892579
0.757249396053355,1.22057930919285,109.58823354912
0.7554491505639,1.21954516625173,109.513797601813
0.753641047001923,1.21850440967771,109.438827530972
0.751825049055458,1.21745699815781,109.363319797107
0.750001120321146,1.21640289016551,109.287270840903
0.748169224305758,1.21534204396084,109.210677083205
0.746329324427757,1.21427441759044,109.133534925
0.744481384018906,1.21319996888775,109.055840747404
0.742625366325912,1.21211865547311,108.977590911656
0.740761234512111,1.211030434754,108.898781759106
0.738888951659204,1.20993526392521,108.819409611211
0.737008480769022,1.20883309996916,108.739470769536
0.735119784765355,1.20772389965614,108.658961515746
0.7332228264958,1.20660761954464,108.577878111615
0.731317568733675,1.20548421598172,108.496216799029
0.729403974179973,1.2043536451034,108.413973799996
0.727482005465353,1.20321586283509,108.331145316654
0.725551625152192,1.20207082489204,108.247727531286
0.723612795736677,1.20091848677987,108.163716606339
0.72166547965094,1.19975880379507,108.079108684439
0.719709639265259,1.19859173102565,107.993899888421
0.717745236890287,1.19741722335167,107.908086321349
0.715772234779348,1.19623523544598,107.821664066548
0.713790595130774,1.19504572177489,107.734629187638
0.711800280090301,1.19384863659889,107.646977728567
0.709801251753508,1.19264393397348,107.558705713654
0.707793472168321,1.19143156774999,107.469809147629
0.705776903337558,1.19021149157644,107.380284015683
0.703751507221534,1.18898365889846,107.290126283515
0.701717245740728,1.18774802296029,107.19933189739
0.699674080778489,1.18650453680576,107.107896784192
0.69762197418381,1.18525315327937,107.015816851492
0.695560887774162,1.18399382502738,106.923087987606
0.693490783338374,1.18272650449901,106.829706061674
0.691411622639579,1.18145114394761,106.735666923724
0.689323367418221,1.18016769543195,106.64096640476
0.68722597939511,1.17887611081754,106.545600316836
0.685119420274555,1.17757634177796,106.449564453149
0.683003651747543,1.17626833979631,106.352854588125
0.680878635494983,1.17495205616671,106.255466477519
0.678744333191023,1.17362744199579,106.157395858512
0.676600706506411,1.1722944482043,106.058638449818
0.67444771711194,1.17095302552875,105.959189951793
0.672285326681942,1.16960312452316,105.859046046549
0.670113496897856,1.16824469556075,105.758202398074
0.66793218945186,1.16687768883583,105.656654652356
0.665741366050566,1.16550205436567,105.554398437513
0.663540988418785,1.16411774199246,105.451429363926
0.661331018303362,1.16272470138529,105.347743024383
0.659111417477076,1.16132288204228,105.24333499422
0.656882147742611,1.1599122332927,105.138200831473
0.654643170936596,1.15849270429918,105.032336077036
0.652394448933714,1.15706424406001,104.925736254819
0.650135943650892,1.15562680141145,104.818396871922
0.647867617051546,1.1541803250302,104.710313418801
0.645589431149913,1.15272476343584,104.601481369452
0.643301348015448,1.15126006499345,104.491896181595
0.641003329777303,1.14978617791616,104.381553296865
0.638695338628868,1.14830305026794,104.270448141012
0.6363773368324,1.14681062996634,104.158576124099
0.634049286723718,1.14530886478536,104.045932640719
0.631711150716986,1.14379770235836,103.932513070207
0.629362891309554,1.14227709018112,103.818312776863
0.627004471086894,1.1407469756149,103.703327110186
0.624635852727611,1.1392073058896,103.587551405106
0.622256999008522,1.13765802810706,103.47098098223
0.619867872809827,1.13609908924434,103.35361114809
0.617468437120353,1.1345304361572,103.235437195402
0.61505865504288,1.13295201558353,103.116454403332
0.612638489799548,1.13136377414701,102.996658037764
0.610207904737344,1.12976565836072,102.876043351579
0.607766863333673,1.12815761463097,102.754605584946
0.605315329202008,1.12653958926109,102.632339965611
0.602853266097629,1.12491152845541,102.509241709201
0.60038063792344,1.12327337832325,102.385306019532
0.597897408735866,1.1216250848831,102.260528088926
0.595403542750851,1.11996659406679,102.134903098538
0.592899004349913,1.11829785172381,102.008426218686
0.590383758086317,1.11661880362571,101.881092609194
0.587857768691303,1.11492939547064,101.752897419738
0.585321001080417,1.11322957288786,101.62383579021
0.58277342035993,1.11151928144253,101.493902851075
0.580214991833326,1.10979846664044,101.363093723754
0.577645681007897,1.10806707393293,101.231403521
0.575065453601415,1.10632504872187,101.098827347295
0.572474275548887,1.10457233636476,100.965360299245
0.569872113009409,1.10280888217995,100.830997465993
0.567258932373098,1.10103463145191,100.695733929638
0.564634700268112,1.09924952943665,100.559564765657
0.561999383567769,1.09745352136722,100.422485043346
0.559352949397738,1.09564655245938,100.284489826266
0.556695365143334,1.09382856791725,100.145574172692
0.554026598456885,1.09199951293921,100.005733136085
0.551346617265202,1.09015933272382,99.8649617655584
0.548655389777134,1.08830797247585,99.7232551063679
0.545952884491199,1.0864453774125,99.5806082003998
0.543239070203322,1.08457149276964,99.4370160866757
0.540513916014646,1.08268626380821,99.2924738018647
0.537777391339441,1.08078963582071,99.1469763808059
0.535029465913097,1.07888155413786,99.000518857041
0.532270109800201,1.07696196413529,98.8530962633566
0.52949929340271,1.0750308112404,98.7047036323368
0.526716987468207,1.07308804093935,98.5553359969268
0.52392316309824,1.0711335987841,98.4049883910053
0.52111779175675,1.06916743039967,98.2536558499683
0.518300845278596,1.0671894814914,98.1013334113235
0.515472295878147,1.06519969785242,97.9480161152943
0.512632116157973,1.06319802537121,97.7936990054353
0.509780279117618,1.06118441003925,97.6383771292576
0.506916758162453,1.05915879795888,97.4820455388658
0.504041527112624,1.05712113535114,97.3246992916045
0.501154560212065,1.05507136856389,97.1663334507168
0.49825583213761,1.0530094440799,97.0069430860127
0.495345318008183,1.05093530852522,96.8465232745494
0.492422993394062,1.04884890867751,96.6850691013213
0.48948883432623,1.04675019147463,96.5225756599623
0.486542817305807,1.04463910402326,96.3590380534582
0.483584919313551,1.0425155936077,96.1944513948707
0.480615117819447,1.04037960769879,96.0288108080719
0.47763339079237,1.03823109396289,95.8621114284915
0.474639716709813,1.03607000027109,95.6943484038725
0.471634074567707,1.03389627470842,95.525516895041
0.468616443890298,1.03170986558333,95.355612076685
0.46558680474011,1.02951072143716,95.1846291381458
0.462545137727962,1.02729879105378,95.0125632842201
0.459491424023073,1.02507402346942,94.839409735973
0.456425645363215,1.02283636798253,94.6651637315634
0.453347784064955,1.02058577416378,94.4898205270793
0.450257823033939,1.01832219186626,94.3133753973854
0.447155745775252,1.0160455712357,94.1358236369813
0.444041536403839,1.01375586272089,93.9571605608713
0.440915179654983,1.01145301708415,93.7773815054455
0.437776660894842,1.00913698541203,93.5964818293714
0.43462596613104,1.006807719126,93.4144569144979
0.431463082023315,1.00446516999336,93.2313021667686
0.428287995894223,1.00210929013822,93.047013017149
0.425100695739879,0.999740032052628,92.8615849225612
0.421901170240762,0.997357348607793,92.6750133668328
0.418689408772552,0.994961193065428,92.4872938616546
0.415465401417024,0.992551519089224,92.2984219475505
0.41222913897297,0.990128280756427,92.1083931948577
0.40898061296717,0.987691432569533,91.9172032047172
0.405719815665394,0.985240929468093,91.7248476100758
0.402446740083443,0.982776726840636,91.5313220766987
0.399161379998211,0.980298780536696,91.3366223041913
0.395863729958787,0.977807046878947,91.1407440270331
0.392553785297575,0.975301482675454,90.9436830156208
0.389231542141445,0.972782045232023,90.7454350773219
0.385896997422891,0.970248692364651,90.5459960575385
0.382550148891223,0.967701382412093,90.3453618407809
0.379190995123755,0.965140074248515,90.1435283517505
0.375819535537022,0.962564727296252,89.9404915564342
0.372435770397986,0.959975301538665,89.7362474632054
0.369039700835262,0.957371757533088,89.5307921239371
0.365631328850337,0.954754056423869,89.3241216351227
0.362210657328788,0.952122159955506,89.1162321390064
0.358777690051494,0.949476030485864,88.9071198247222
0.355332431705838,0.94681563099948,88.6967809294418
0.3518748878969,0.944140925120955,88.4852117395307
0.348405065158627,0.941451877128425,88.2724085917133
0.344922970964983,0.938748451967103,88.058367874245
0.341428613741079,0.936030615262904,87.8430860280931
0.33792200287427,0.933298333336143,87.626559548125
0.334403148725222,0.930551573215295,87.4087849843038
0.330872062638939,0.927790302650824,87.1897589428908
0.327328756955751,0.925014490129083,86.9694780876559
0.323773245022263,0.92222410488626,86.7479391410935
0.320205541202236,0.91941911692239,86.5251388856453
0.316625660887442,0.91659949701542,86.30107416493
0.313033620508431,0.913765216735317,86.0757418849769
0.309429437545256,0.910916248458224,85.8491390154673
0.305813130538123,0.908052565380666,85.6212625909796
0.302184719097966,0.905174141533782,85.39210971224
0.298544223916953,0.902280951797601,85.1616775473781
0.294891666778902,0.899372971915339,84.9299633331855
0.291227070569615,0.896450178507734,84.6969643763804
0.287550459287122,0.893512549087393,84.4626780548742
0.28386185805182,0.890560062073155,84.2271018190416
0.28016129311652,0.887592696804479,83.9902331929945
0.276448791876384,0.884610433555829,83.7520697758576
0.272724382878749,0.881613253551068,83.5126092430465
0.268988095832831,0.87860113897785,83.2718493475473
0.265239961619317,0.875574073002009,83.0297879211981
0.261480012299816,0.872532039781925,82.786422875971
0.257708281126191,0.869475024482906,82.541752205255
0.253924802549737,0.8664030132915,82.2957739851387
0.250129612230228,0.863315993429831,82.0484863756929
0.246322747044808,0.86021395316987,81.7998876222522
0.242504245096731,0.857096881847684,81.5499760566963
0.238674145723937,0.853964769877645,81.2987500987286
0.234832489507462,0.850817608766576,81.046208257153
0.230979318279679,0.847655391127863,80.7923491311484
0.227114675132366,0.844478110695501,80.5371714115406
0.223238604424571,0.841285762338061,80.2806738820687
0.219351151790316,0.838078342072612,80.02285542065
0.215452364146086,0.834855847078546,79.7637150006387
0.211542289698126,0.831618275711332,79.5032516920799
0.207620977949529,0.82836562751617,79.2414646629584
0.203688479707116,0.825097903241564,78.9783531804409
0.199744847088094,0.821815104852782,78.7139166121118
0.195790133526496,0.818517235545213,78.448154427202
0.191824393779383,0.815204299757612,78.1810661978096
0.187847683932818,0.811876303185216,77.9126516001125
0.183860061407601,0.808533252792745,77.642910415572
0.179861584964752,0.805175156827262,77.3718425321276
0.175852314710742,0.80180202483089,77.099447945381
0.171832312102474,0.798413867653389,76.8257267597701
0.167801639951983,0.795010697464575,76.5506791897315
0.163760362430895,0.791592527766586,76.2743055608519
0.159708545074578,0.788159373405957,75.9966063110062
0.155646254786039,0.784711250585559,75.7175819914837
0.151573559839516,0.781248176876317,75.4372332681001
0.147490529883796,0.777770171228771,75.1555609222956
0.14339723594522,0.774277253984423,74.8725658522187
0.139293750430393,0.77076944688689,74.5882490737937
0.13518014712859,0.767246773092846,74.3026117217732
0.131056501213834,0.763709257182747,74.0156550507737
0.126922889246683,0.760156925171336,73.7273804362941
0.122779389175656,0.756589804517912,73.4377893757158
0.118626080338363,0.753007924136368,73.1468834892851
0.114463043462285,0.74941131440498,72.8546645210767
0.11029036066522,0.745800007175948,72.5611343399368
0.106108115455386,0.742174035784677,72.2662949404063
0.101916392731173,0.738533435058792,71.9701484436233
0.0977152787805419,0.73487824132688,71.6726970982034
0.0935048612800794,0.73120849242696,71.3739432810992
0.0892852292936649,0.727524227714655,71.073889498435
0.0850564732707964,0.723825488071078,70.7725383863198
0.0808186850445363,0.720112315910419,70.4698927116358
0.0765719578290801,0.71638475518722,70.1659553728018
0.0723163862169541,0.712642851403344,69.8607294005123
0.0680520661758255,0.708886651614616,69.5542179584499
0.0637790950449283,0.705116204437138,69.2464243439712
0.0594975715311094,0.701331560053284,68.9373519887673
0.0552075957044622,0.697532770217333,68.6270044594941
0.050909268993584,0.693719888260772,68.3153854583764
0.0466026941804263,0.689892969097243,68.0024988237824
0.0422879753947473,0.686052069227129,67.6883485307691
0.0379652181081534,0.682197246741776,67.3729386915974
0.0336345291277429,0.678328561327343,67.0562735562171
0.0292960165893335,0.674446074268279,66.7383575127207
0.0249497899502902,0.670549848450421,66.419195087766
0.0205959599819196,0.666639948363686,66.0987909469654
0.0162346387614686,0.662716440104389,65.777149895244
0.0118659396636979,0.658779391377152,65.4542768771639
0.00748997735204207,0.654828871496414,65.1301769772148
0.00310686776934212,0.650864951387524,64.8048554200704
-0.00128327187183166,0.646887703587429,64.4783175708106
-0.00568032309928748,0.642897202244931,64.1505689351078
-0.010084166191726,0.638893523120539,63.8216151593795
-0.0144946801897019,0.634876743585865,63.4914620309018
-0.0189117429069802,0.630846942622613,63.1601154778898
-0.0233352309423339,0.626804200821117,62.8275815695385
-0.0277650196917491,0.622748600378444,62.4938665160287
-0.0322009833610627,0.618680225096051,62.1589766684938
-0.0366429949790149,0.614599160376988,61.8229185189486
-0.0410909264107212,0.610505493222661,61.485698700181
-0.0455446483715567,0.606399312229136,61.1473239856043
-0.0500040304414778,0.602280707582971,60.8078012890694
-0.0544689410797311,0.598149771056613,60.4671376646401
-0.0589392476399949,0.594006596003314,60.1253403063268
-0.0634148163859234,0.589851277351584,59.7824165477812
-0.0678955125071007,0.585683911599186,59.4383738619511
-0.0723812001354017,0.581504596806649,59.0932198606945
-0.0768717423617563,0.577313432590319,58.746962294353
-0.0813670012533104,0.573110520114932,58.399609051285
-0.0858668378709775,0.568895962085727,58.0511681573585
-0.0903711122874063,0.56466986274006,57.7016477754009
-0.0948796836053057,0.560432327838565,57.3510562046098
-0.0993924099761766,0.556183464655832,56.9994018799217
-0.103909148619413,0.55192338197061,56.6466933713389
-0.108429755841784,0.547652190055531,56.2929393832161
-0.112954087057281,0.543370000666366,55.9381487535042
-0.117481996807343,0.539076927030796,55.5823304529538
-0.122013338781414,0.534773083836732,55.2254935842773
-0.126547965837893,0.530458587220128,54.8676473812677
-0.131085730025402,0.526133554752352,54.5088012078785
-0.135626482604411,0.521798105427078,54.148964557261
-0.140170074069193,0.51745235964671,53.7881470507602
-0.144716354170113,0.513096439208339,53.4263584368704
-0.149265171936237,0.508730467289244,53.0636085901491
-0.15381637569826,0.504354568431928,52.6999075100905
-0.158369813111731,0.499968868528703,52.335265319959
-0.162925331180601,0.49557349480581,51.9696922655804
-0.167482776281045,0.491168575807103,51.6031987140952
-0.172041994185574,0.486754241377281,51.2357951526707
-0.17660283008743,0.482330622644675,50.8674921871741
-0.181165128625245,0.477897852003609,50.4983005408057
-0.185728733907961,0.473456063096314,50.1282310526938
-0.190293489540007,0.469005390794422,49.7572946764502
-0.194859238646702,0.464545971180048,49.3855024786894
-0.199425823899922,0.46007794152643,49.0128656375065
-0.203993087543962,0.45560144027818,48.6393954409215
-0.208560871421631,0.451116607031122,48.2651032852841
-0.213129017000541,0.446623582511733,47.8900006736432
-0.217697365399606,0.442122508556184,47.5140992140799
-0.222265757415706,0.437613528089016,47.1374106180058
-0.226834033550557,0.433096785101404,46.7599466984249
-0.231402034037704,0.428572424629093,46.3817193681635
-0.235969598869721,0.424040592729926,46.0027406380634
-0.240536567825509,0.41950143646105,45.6230226151448
-0.245102780497757,0.414955103855756,45.2425775007345
-0.249668076320513,0.410401743899988,44.8614175885634
-0.254232294596877,0.405841506508514,44.4795552628327
-0.258795274526785,0.401274542500779,44.0970029962488
-0.263356855234889,0.396701003576449,43.7137733480295
-0.267916875798525,0.392121042290632,43.3298789618798
-0.272475175275725,0.387534812028832,42.9453325639412
-0.277031592733322,0.382942466981586,42.560146960711
-0.281585967275066,0.378344162118848,42.1743350369367
-0.286138138069795,0.373740053164096,41.787909753484
-0.290687944379621,0.369130296568189,41.4008841451788
-0.295235225588134,0.364515049482963,41.0132713186257
-0.299779821228596,0.359894469734614,40.6250844500029
-0.304321571012139,0.35526871579683,40.2363367828334
-0.308860314855912,0.350637946763737,39.8470416257368
-0.313395892911237,0.346002322322607,39.4572123501569
-0.317928145591676,0.341362002726399,39.0668623880718
-0.322456913601065,0.336717148766108,38.6760052296845
-0.326982037961474,0.332067921742945,38.2846544210945
-0.33150336004108,0.327414483440352,37.8928235619527
-0.336020721581963,0.322756996095874,37.5005263031005
-0.340533964727781,0.31809562237289,37.1077763441922
-0.345042932051339,0.313430525332228,36.7145874313055
-0.349547466582044,0.308761868403643,36.3209733545351
-0.354047411833198,0.304089815357216,35.9269479455772
-0.358542611829167,0.299414530274656,35.532525075301
-0.363032911132373,0.294736177520512,35.1377186513098
-0.367518154870131,0.290054921713334,34.7425426154932
-0.371998188761295,0.285370927696758,34.3470109415704
-0.37647285914272,0.280684360510574,33.9511376326264
-0.380942012995509,0.275995385361741,33.5549367186422
-0.385405497971071,0.271304167595379,33.1584222540183
-0.389863162416934,0.266610872665779,32.7616083150954
-0.394314855402338,0.261915666107383,32.3645089976704
-0.398760426743578,0.257218713505808,31.9671384145115
-0.403199727029101,0.252520180468879,31.5695106928707
-0.407632607644335,0.247820232597707,31.1716399719967
-0.412058920796255,0.243119035457818,30.773540400648
-0.416478519537648,0.238416754550348,30.375226134609
-0.420891257791119,0.233713555283299,29.9767113342066
-0.425296990372769,0.229009602942891,29.5780101618327
-0.429695573015579,0.224305062665011,29.1791367794703
-0.434086862392475,0.219600099406765,28.7801053462256
-0.438470716139069,0.214894877918149,28.3809300158666
-0.442846992876063,0.210189562713859,27.9816249343701
-0.447215552231316,0.205484318045223,27.5822042374761
-0.451576254861558,0.200779307872315,27.1826820482535
-0.455928962473757,0.196074695836199,26.7830724746743
-0.46027353784611,0.191370645231368,26.3833896072012
-0.464609844848672,0.186667318978364,25.9836475163867
-0.468937748463606,0.181964879596585,25.5838602504857
-0.473257114805041,0.177263489177305,25.1840418330824
-0.47756781113856,0.1725633093569,24.7842062607324
-0.481869705900265,0.167864501290308,24.3843675006211
-0.486162668715463,0.163167225624712,23.9845394882383
-0.490446570416928,0.158471642473483,23.5847361250719
-0.494721283062763,0.153777911390353,23.1849712763186
-0.498986679953834,0.149086191343869,22.7852587686151
-0.503242635650787,0.14439664069211,22.3856123877898
-0.507489025990634,0.139709417157689,21.9860458766345
-0.511725728102912,0.13502467780303,21.586572932699
-0.515952620425399,0.130342579005962,21.187207206108
-0.520169582719407,0.125663276435594,20.7879622974005
-0.524376496084599,0.120986925028529,20.3888517553955
-0.528573242973408,0.116313678965369,19.9898890750794
-0.532759707204964,0.111643691647567,19.5910876955218
-0.536935773978592,0.106977115674613,19.1924609978152
-0.541101329886848,0.102314102821553,18.7940223030437
-0.545256262928108,0.0976548040168611,18.395784870277
-0.549400462518687,0.0929993693206623,17.9977618945938
-0.553533819504508,0.0883479479033247,17.5999665051338
-0.557656226172299,0.0837006880244152,17.2024117631784
-0.561767576260349,0.0790577370120165,16.8051106602614
-0.565867764968778,0.0744192412424395,16.4080761163101
-0.569956688969358,0.0697853461203099,16.0113209778175
-0.574034246414864,0.0651561960590447,15.6148580160453
-0.578100336947967,0.0605319344617202,15.218699925259
-0.582154861709657,0.0559127037023416,14.8228593209952
-0.58619772334721,0.0512986451075079,14.4273487383616
-0.590228826021682,0.0466898989384962,14.0321806303707
-0.59424807541496,0.0420866043737323,13.637367366305
-0.598255378736333,0.0374888994916983,13.2429212301185
-0.602250644728618,0.0328969212542406,12.8488544188708
-0.60623378367382,0.0283108054903042,12.4551790411963
-0.610204707398343,0.0237306868800871,12.0619071158081
-0.614163329277748,0.0191566989396161,11.6690505700365
-0.618109564241053,0.0145889740057541,11.2766212384036
-0.62204332877459,0.010027643221636,10.8846308612336
-0.625964540925421,0.00547283652252298,10.4930910832969
-0.629873120304306,0.000924682622102778,10.102013452493
-0.633768988088222,-0.0036166910007798,9.71140941856765
-0.63765206702247,-0.00815115811497039,9.32129033186659
-0.641522281422327,-0.0126785937494016,8.93166744212632
-0.645379557174277,-0.0171988742050675,8.54255189730069
-0.649223821736823,-0.021711877066558,8.15395474242428
-0.653055004140864,-0.0262174812131521,7.7658869185132
-0.656873034989675,-0.0307155668294925,7.378359261501
-0.660677846458455,-0.0352060154158093,6.99138250121286
-0.664469372293482,-0.0396887097977164,6.60496726037591
-0.668247547810853,-0.0441635341355749,6.21912405366632
-0.672012309894841,-0.0486303739334259,5.83386328679299
-0.675763596995842,-0.0530891160474895,5.44919525561818
-0.679501349127947,-0.0575396486942347,5.06513014531471
-0.683225507866131,-0.061981861458029,4.68167802955907
-0.686936016343048,-0.0664156452983448,4.29884886976246
-0.690632819245486,-0.0708408925565703,3.91665251433578
-0.694315862810422,-0.0752574969623717,3.53509869799298
-0.697985094820741,-0.0796653536396519,3.15419704108933
-0.701640464600595,-0.0840643591120908,2.77395704899542
-0.705281923010403,-0.0884544113082695,2.39438811150748
-0.708909422441525,-0.0928354095663861,2.01549950229241
-0.712522916810592,-0.0972072546385662,1.63730037836848
-0.7161223615535,-0.101569848694762,1.25979977962122
-0.7197077136191,-0.105923095326269,0.883006628352906
-0.723278931462549,-0.110266899548821,0.506929728868042
-0.726835975038368,-0.114601167805315,0.131577767092047
-0.730378805793183,-0.118925807968137,-0.243040689775866
-0.733907386658179,-0.123240729341095,-0.616917193575938
-0.737421682041256,-0.127545842660992,-0.990043415468356
-0.740921657818912,-0.131841060098811,-1.36241114618065
-0.744407281327825,-0.136126295260511,-1.73401229622126
-0.747878521356199,-0.140401463187499,-2.10483889606321
-0.751335348134821,-0.144666480356697,-2.47488309629372
-0.754777733327866,-0.148921264680273,-2.84413716773299
-0.758205650023457,-0.153165735505014,-3.21259350152207
-0.761619072723981,-0.157399813611354,-3.58024460917959
-0.765017977336165,-0.161623421212052,-3.9470831226282
-0.768402341160933,-0.165836481950547,-4.31310179419141
-0.771772142883015,-0.170038920898957,-4.67829349655932
-0.775127362560383,-0.17423066455578,-5.04265122272799
-0.778467981613435,-0.178411640843252,-5.40616808590741
-0.781793982814003,-0.182581779104394,-5.76883731940236
-0.785105350274163,-0.186741010099758,-6.13065227646583
-0.788402069434844,-0.190889266003856,-6.49160643012399
-0.791684127054274,-0.195026480401293,-6.85169337297505
-0.79495151119624,-0.199152588282615,-7.2109068169617
-0.798204211218176,-0.203267526039851,-7.56924059311629
-0.801442217759108,-0.207371231461801,-7.92668865128279
-0.804665522727426,-0.211463643729016,-8.2832450598114
-0.807874119288517,-0.215544703408536,-8.63890400522991
-0.811068001852258,-0.219614352448344,-8.99365979189051
-0.814247166060369,-0.223672534171571,-9.3475068415932
-0.817411608773643,-0.227719193270446,-9.70043969318579
-0.82056132805905,-0.231754275800001,-10.0524530021417
-0.823696323176731,-0.235777729171538,-10.4035415401154
-0.826816594566876,-0.239789502145848,-10.7537001944755
-0.829922143836508,-0.243789544826223,-11.1029239678189
-0.833012973746161,-0.247777808651229,-11.4512079774613
-0.836089088196476,-0.251754246387266,-11.79854745491
-0.839150492214706,-0.255718812120923,-12.1449377453156
-0.842197191941148,-0.25967146125112,-12.4903743069056
-0.845229194615498,-0.263612150481061,-12.8348527103985
-0.848246508563142,-0.267540837809981,-13.1783686384001
-0.851249143181383,-0.271457482524719,-13.520917884782
-0.85423710892562,-0.275362045191102,-13.8624963540436
-0.857210417295467,-0.279254487645164,-14.2031000606562
-0.860169080820838,-0.283134772984178,-14.5427251283924
-0.863113113047985,-0.28700286555754,-14.8813677896383
-0.866042528525508,-0.290858730957489,-15.2190243846918
-0.868957342790328,-0.294702336009675,-15.5556913610452
-0.871857572353658,-0.298533648763586,-15.8913652726547
-0.874743234686922,-0.302352638482818,-16.2260427791945
-0.8776143482077,-0.306159275635235,-16.5597206452995
-0.88047093226563,-0.309953531882977,-16.8923957397939
-0.883313007128333,-0.313735380072355,-17.224065034908
-0.886140593967319,-0.317504794223624,-17.5547256054829
-0.888953714843916,-0.321261749520642,-17.8843746281642
-0.891752392695196,-0.325006222300427,-18.2130093805845
-0.894536651319925,-0.3287381900426,-18.5406272405349
-0.897306515364522,-0.332457631358737,-18.8672256851275
-0.900062010309055,-0.336164525981633,-19.1928022899478
-0.902803162453256,-0.339858854754474,-19.5173547281981
-0.905529998902564,-0.343540599619916,-19.8408807698315
-0.908242547554209,-0.347209743609112,-20.1633782806786
-0.91094083708334,-0.350866270830639,-20.4848452215659
-0.913624896929181,-0.354510166459376,-20.8052796474268
-0.91629475728125,-0.358141416725312,-21.1246797064056
-0.918950449065613,-0.361760008902289,-21.4430436389542
-0.921592003931207,-0.365365931296713,-21.7603697769246
-0.924219454236206,-0.368959173236186,-22.0766565426532
-0.926832833034457,-0.372539725058119,-22.3919024480408
-0.929432174061971,-0.37610757809829,-22.7061060936283
-0.932017511723489,-0.379662724679369,-23.0192661676658
-0.93458888107911,-0.383205158099413,-23.3313814451795
-0.937146317830995,-0.386734872620337,-23.6424507870337
-0.939689858310143,-0.390251863456344,-23.9524731389883
-0.942219539463249,-0.393756126762367,-24.2614475307558
-0.944735398839639,-0.397247659622459,-24.5693730750522
-0.947237474578289,-0.4007264600382,-24.8762489666483
-0.949725805394929,-0.404192526917077,-25.1820744814165
-0.95220043056923,-0.407645860060874,-25.4868489753775
-0.95466138993209,-0.411086460154046,-25.7905718837446
-0.957108723853006,-0.414514328752112,-26.0932427199666
-0.959542473227537,-0.417929468270042,-26.3948610747711
-0.961962679464869,-0.421331881970654,-26.6954266152052
-0.964369384475477,-0.424721573953036,-26.9949390836783
-0.96676263065888,-0.428098549140969,-27.2933982970026
-0.96914246089151,-0.431462813271379,-27.5908041454361
-0.97150891851467,-0.434814372882805,-27.887156591724
-0.973862047322604,-0.438153235303896,-28.1824556701426
-0.976201891550676,-0.441479408641939,-28.4767014855438
-0.978528495863648,-0.44479290177141,-28.7698942124008
-0.980841905344075,-0.448093724322562,-29.0620340938552
-0.983142165480803,-0.451381886670056,-29.3531214407669
-0.985429322157588,-0.454657399921621,-29.6431566307655
-0.987703421641815,-0.457920275906762,-29.9321401073036
-0.989964510573343,-0.46117052716551,-30.2200723787139
-0.992212635953453,-0.464408166937216,-30.5069540172675
-0.994447845133922,-0.4676332091494,-30.7927856582372
-0.996670185806208,-0.470845668406647,-31.0775679989621
-0.998879705990745,-0.474045559979549,-31.3613017979165
-1.00107645402637,-0.47723289979372,-31.6439878737831
-1.00326047855988,-0.480407704418853,-31.9256271045288
-1.00543182853563,-0.483569991057839,-32.206220426485
-1.00759055318539,-0.486719777535954,-32.4857688334324
-1.00973670201819,-0.489857082290097,-32.7642733756897
-1.01187032481035,-0.492981924358109,-33.041735159207
-1.01399147159561,-0.496094323368143,-33.3181553446644
-1.01610019265542,-0.499194299528105,-33.5935351465741
-1.0181965385093,-0.502281873615177,-33.867875832389
-1.02028055990532,-0.505357066965397,-34.141178721616
-1.02235230781079,-0.508419901463315,-34.4134451849338
-1.02441183340293,-0.511470399531728,-34.6846766433172
-1.0264591880598,-0.514508584121482,-34.9548745671664
-1.02849442335124,-0.51753447870136,-35.2240404754421
-1.03051759103005,-0.520548107248041,-35.4921759348063
-1.03252874302315,-0.523549494236135,-35.7592825587692
-1.03452793142297,-0.52653866462831,-36.0253620068419
-1.03651520847894,-0.529515643865488,-36.2904159836959
-1.03849062658907,-0.53248045785713,-36.5544462383276
-1.04045423829168,-0.535433132971599,-36.8174545632304
-1.04240609625724,-0.538373696026609,-37.0794427935724
-1.0443462532803,-0.541302174279762,-37.3404128063811
-1.04627476227165,-0.544218595419163,-37.6003665197342
-1.04819167625042,-0.547122987554124,-37.8593058919573
-1.05009704833648,-0.550015379205962,-38.117232920829
-1.05199093174285,-0.552895799298873,-38.3741496427918
-1.05387337976823,-0.5557642771509,-38.6300581321701
-1.05574444578974,-0.558620842464989,-38.8849605003957
-1.05760418325564,-0.561465525320133,-39.1388588952398
-1.05945264567829,-0.564298356162606,-39.3917555000524
-1.06128988662717,-0.567119365797286,-39.6436525330081
-1.06311595972198,-0.569928585379071,-39.8945522463602
-1.06493091862595,-0.572726046404378,-40.1444569257006
-1.06673481703916,-0.575511780702745,-40.3933688892286
-1.06852770869206,-0.578285820428511,-40.6412904870252
-1.07030964733905,-0.5810481980526,-40.8882241003362
-1.07208068675218,-0.583798946354379,-41.1341721408613
-1.07384088071496,-0.58653809841363,-41.3791370500519
-1.07559028301633,-0.589265687602594,-41.6231212984154
-1.07732894744465,-0.591981747578119,-41.8661273848269
-1.07905692778187,-0.594686312273886,-42.1081578358483
-1.08077427779777,-0.597379415892749,-42.3492152050558
-1.08248105124434,-0.600061092899147,-42.5893020723737
-1.08417730185023,-0.602731378011611,-42.8284210434157
-1.08586308331532,-0.605390306195371,-43.0665747488345
-1.08753844930541,-0.608037912655046,-43.303765843678
-1.08920345344699,-0.610674232827428,-43.5399970067531
-1.09085814932212,-0.613299302374362,-43.775270939998
-1.09250259046341,-0.615913157175702,-44.0095903678597
-1.0941368303491,-0.61851583332238,-44.2429580366814
-1.09576092239828,-0.621107367109546,-44.475376714096
-1.0973749199661,-0.623687795029805,-44.7068491884267
-1.09897887633922,-0.626257153766548,-44.9373782680964
-1.10057284473123,-0.628815480187366,-45.1669667810429
-1.10215687827826,-0.631362811337555,-45.3956175741426
-1.10373103003462,-0.633899184433714,-45.6233335126408
-1.10529535296857,-0.636424636857422,-45.8501174795899
-1.10684989995815,-0.638939206149015,-46.0759723752947
-1.10839472378717,-0.641442930001443,-46.3009011167648
-1.10992987714117,-0.643935846254213,-46.5249066371744
-1.11145541260363,-0.646417992887422,-46.7479918853293
-1.1129713826521,-0.648889408015879,-46.970159825141
-1.11447783965454,-0.651350129883303,-47.1914134351082
-1.11597483586568,-0.653800196856622,-47.4117557078052
-1.11746242342354,-0.656239647420333,-47.6311896493772
-1.1189406543459,-0.658668520170975,-47.8497182790431
-1.12040958052702,-0.661086853811661,-48.0673446286053
-1.12186925373429,-0.663494687146709,-48.2840717419658
-1.12331972560509,-0.665892059076345,-48.49990267465
-1.12476104764362,-0.668279008591493,-48.714840493337
-1.12619327121788,-0.67065557476865,-48.928888275397
-1.12761644755671,-0.673021796764832,-49.1420491084351
-1.1290306277469,-0.675377713812608,-49.3543260898421
-1.13043586273036,-0.67772336521521,-49.565722326352
-1.13183220330142,-0.680058790341726,-49.7762409336067
-1.13321970010415,-0.682384028622363,-49.985885035726
-1.13459840362975,-0.684699119543798,-50.1946577648855
-1.13596836421406,-0.687004102644594,-50.4025622609005
-1.13732963203512,-0.689299017510706,-50.6096016708158
-1.13868225711077,-0.69158390377105,-50.8157791485033
-1.14002628929634,-0.693858801093155,-51.0210978542648
-1.14136177828242,-0.696123749178884,-51.2255609544408
-1.1426887735927,-0.698378787760233,-51.4291716210277
-1.14400732458185,-0.700623956595204,-51.6319330312985
-1.14531748043344,-0.702859295463738,-51.8338483674314
-1.14661929015804,-0.705084844163737,-52.0349208161442
-1.14791280259123,-0.707300642507146,-52.2351535683342
-1.14919806639178,-0.709506730316105,-52.4345498187248
-1.15047513003985,-0.711703147419175,-52.6331127655176
-1.15174404183526,-0.713889933647628,-52.8308456100502
-1.1530048498958,-0.716067128831811,-53.0277515564609
-1.15425760215563,-0.71823477279757,-53.2238338113577
-1.15550234636372,-0.720392905362747,-53.419095583494
-1.15673913008232,-0.722541566333735,-53.61354008345
-1.15796800068554,-0.724680795502109,-53.8071705233187
-1.15918900535797,-0.726810632641311,-53.9999901163989
-1.16040219109328,-0.728931117503403,-54.1920020768926
-1.16160760469298,-0.731042289815884,-54.383209619608
-1.16280529276519,-0.733144189278569,-54.5736159596685
-1.1639953017234,-0.735236855560525,-54.7632243122262
-1.16517767778539,-0.737320328297074,-54.9520378921814
-1.16635246697214,-0.739394647086856,-55.1400599139068
-1.16751971510673,-0.741459851488939,-55.3272935909765
-1.16867946781342,-0.743515981020008,-55.5137421359016
-1.16983177051668,-0.745563075151597,-55.6994087598691
-1.17097666844026,-0.747601173307376,-55.8842966724863
-1.1721142066064,-0.749630314860515,-56.0684090815314
-1.17324442983494,-0.751650539131076,-56.2517491927065
-1.17436738274263,-0.753661885383483,-56.434320209398
-1.17548310974234,-0.75566439282403,-56.6161253324397
-1.17659165504243,-0.757658100598457,-56.7971677598816
-1.17769306264606,-0.759643047789566,-56.9774506867635
-1.17878737635063,-0.7616192734149,-57.1569773048927
-1.17987463974717,-0.763586816424463,-57.3357508026259
-1.18095489621986,-0.765545715698505,-57.5137743646566
-1.18202818894554,-0.767496010045341,-57.6910511718061
-1.18309456089319,-0.769437738199232,-57.8675844008191
-1.18415405482363,-0.771370938818312,-58.0433772241636
-1.18520671328904,-0.773295650482558,-58.2184328098348
-1.18625257863268,-0.775211911691813,-58.3927543211639
-1.18729169298854,-0.777119760863855,-58.5663449166302
-1.1883240982811,-0.779019236332513,-58.7392077496774
-1.18934983622506,-0.780910376345824,-58.9113459685348
-1.19036894832514,-0.78279321906424,-59.0827627160413
-1.19138147587591,-0.78466780255888,-59.2534611294741
-1.19238745996161,-0.786534164809818,-59.4234443403807
-1.19338694145606,-0.788392343704426,-59.5927154744156
-1.19437996102258,-0.790242377035747,-59.7612776511795
-1.19536655911389,-0.792084302500919,-59.9291339840635
-1.19634677597211,-0.793918157699638,-60.0962875800958
-1.19732065162875,-0.795743980132655,-60.262741539793
-1.19828822590472,-0.797561807200324,-60.4284989570142
-1.1992495384104,-0.799371676201183,-60.5935629188193
-1.20020462854569,-0.801173624330573,-60.7579365053297
-1.20115353550013,-0.802967688679298,-60.9216227895939
-1.20209629825302,-0.804753906232319,-61.084624837455
-1.20303295557357,-0.806532313867493,-61.2469457074224
-1.20396354602107,-0.808302948354337,-61.4085884505465
-1.20488810794506,-0.810065846352837,-61.5695561102964
-1.20580667948561,-0.811821044412288,-61.7298517224412
-1.2067192985735,-0.813568578970172,-61.8894783149341
-1.20762600293052,-0.815308486351065,-62.0484389077997
-1.20852683006972,-0.817040802765583,-62.206736513024
-1.20942181729574,-0.81876556430936,-62.3643741344482
-1.21031100170512,-0.820482806962051,-62.5213547676642
-1.21119442018665,-0.822192566586384,-62.6776813999143
-1.2120721094217,-0.823894878927222,-62.8333570099923
-1.21294410588465,-0.825589779610676,-62.9883845681491
-1.21381044584326,-0.827277304143234,-63.1427670359998
-1.21467116535907,-0.828957487910927,-63.2965073664334
-1.21552630028786,-0.830630366178526,-63.4496085035263
-1.21637588628007,-0.832295974088758,-63.6020733824576
-1.2172199587813,-0.833954346661565,-63.7539049294265
-1.21805855303277,-0.835605518793379,-63.9051060615738
-1.21889170407179,-0.837249525256429,-64.0556796869043
-1.21971944673232,-0.838886400698077,-64.2056287042126
-1.22054181564546,-0.840516179640176,-64.354956003011
-1.22135884524001,-0.842138896478461,-64.50366446346
-1.22217056974301,-0.843754585481955,-64.6517569563002
-1.2229770231803,-0.845363280792412,-64.7992363427884
-1.22377823937711,-0.846965016423776,-64.946105474634
-1.22457425195866,-0.84855982626167,-65.0923671939388
-1.22536509435073,-0.850147744062903,-65.238024333138
-1.22615079978032,-0.851728803455006,-65.3830797149452
-1.22693140127624,-0.853303037935791,-65.527536152297
-1.22770693166976,-0.854870480872923,-65.6713964483017
-1.22847742359527,-0.856431165503533,-65.8146633961891
-1.22924290949091,-0.857985124933831,-65.9573397792626
-1.23000342159928,-0.859532392138753,-66.0994283708529
-1.23075899196808,-0.861072999961632,-66.240931934274
-1.23150965245082,-0.862606981113879,-66.3818532227813
-1.23225543470751,-0.864134368174689,-66.5221949795309
-1.23299637020536,-0.86565519359077,-66.6619599375411
-1.23373249021951,-0.867169489676089,-66.8011508196561
-1.23446382583374,-0.868677288611633,-66.9397703385106
-1.23519040794119,-0.870178622445195,-67.0778211964967
-1.23591226724514,-0.871673523091176,-67.2153060857328
-1.2366294342597,-0.8731620223304,-67.352227688033
-1.2373419393106,-0.87464415180996,-67.4885886748799
-1.23804981253593,-0.87611994304306,-67.6243917073969
-1.23875308388693,-0.877589427408898,-67.7596394363242
-1.23945178312873,-0.879052636152548,-67.8943345019948
-1.24014593984114,-0.880509600384863,-68.0284795343128
-1.24083558341946,-0.881960351082398,-68.1620771527328
-1.24152074307522,-0.883404919087344,-68.295129966241
-1.242201447837,-0.884843335107479,-68.4276405733377
-1.24287772655125,-0.886275629716134,-68.5596115620213
-1.24354960788306,-0.88770183335217,-68.6910455097732
-1.24421712031697,-0.88912197631998,-68.8219449835448
-1.24488029215782,-0.890536088789488,-68.952312539745
-1.24553915153152,-0.891944200796181,-69.08215072423
-1.2461937263859,-0.893346342241136,-69.2114620722934
-1.24684404449152,-0.894742542891075,-69.340249108658
-1.24749013344253,-0.896132832378425,-69.468514347469
-1.24813202065744,-0.89751724020139,-69.5962602922879
-1.24876973338002,-0.898895795724041,-69.7234894360882
-1.24940329868009,-0.900268528176411,-69.8502042612515
-1.2500327434544,-0.90163546665461,-69.9764072395656
-1.25065809442743,-0.902996640120943,-70.1021008322229
-1.25127937815226,-0.904352077404043,-70.2272874898203
-1.25189662101143,-0.905701807199019,-70.3519696523603
-1.25250984921775,-0.907045858067606,-70.4761497492527
-1.2531190888152,-0.908384258438333,-70.5998301993177
-1.25372436567974,-0.909717036606698,-70.7230134107894
-1.25432570552017,-0.911044220735352,-70.8457017813214
-1.25492313387903,-0.912365838854298,-70.9678976979922
-1.2555166761334,-0.913681918861091,-71.089603537312
-1.25610635749578,-0.914992488521056,-71.2108216652307
-1.25669220301496,-0.916297575467508,-71.3315544371459
-1.25727423757688,-0.917597207201988,-71.451804197913
-1.25785248590547,-0.918891411094497,-71.5715732818553
-1.2584269725635,-0.920180214383754,-71.6908640127749
-1.25899772195351,-0.921463644177444,-71.8096787039647
-1.25956475831858,-0.922741727452491,-71.9280196582214
-1.26012810574327,-0.924014491055326,-72.0458891678589
-1.26068778815441,-0.925281961702171,-72.1632895147226
-1.26124382932204,-0.926544165979324,-72.2802229702043
-1.2617962528602,-0.927801130343456,-72.3966917952579
-1.26234508222783,-0.929052881121914,-72.5126982404159
-1.26289034072962,-0.93029944451303,-72.6282445458071
-1.26343205151688,-0.931540846586433,-72.7433329411731
-1.26397023758836,-0.932777113283377,-72.8579656458882
-1.26450492179118,-0.934008270417066,-72.9721448689776
-1.26503612682161,-0.935234343672992,-73.0858728091373
-1.26556387522598,-0.936455358609269,-73.1991516547547
-1.2660881894015,-0.937671340656987,-73.3119835839293
-1.26660909159715,-0.938882315120559,-73.424370764494
-1.2671266039145,-0.940088307178083,-73.5363153540378
-1.26764074830858,-0.941289341881697,-73.6478194999278
-1.26815154658872,-0.942485444157956,-73.7588853393325
-1.2686590204194,-0.9436766388082,-73.8695149992458
-1.26916319132112,-0.944862950508932,-73.9797105965109
-1.26966408067119,-0.946044403812201,-74.0894742378448
-1.27016170970463,-0.947221023145989,-74.198808019864
-1.27065609951499,-0.948392832814602,-74.3077140291095
-1.27114727105519,-0.949559856999067,-74.4161943420734
-1.27163524513834,-0.950722119757528,-74.524251025225
-1.27212004243861,-0.951879645025654,-74.631886135038
-1.27260168349203,-0.953032456617046,-74.7391017180178
-1.27308018869734,-0.954180578223643,-74.8458998107295
-1.27355557831684,-0.955324033416145,-74.9522824398254
-1.27402787247714,-0.956462845644424,-75.0582516220743
-1.27449709117009,-0.957597038237952,-75.16380936439
-1.27496325425351,-0.958726634406218,-75.2689576638607
-1.27542638145206,-0.959851657239164,-75.3736985077784
-1.27588649235805,-0.960972129707611,-75.4780338736692
-1.27634360643223,-0.962088074663695,-75.5819657293235
-1.27679774300463,-0.963199514841301,-75.6854960328265
-1.27724892127537,-0.964306472856506,-75.7886267325889
-1.27769716031543,-0.965408971208017,-75.8913597673787
-1.27814247906748,-0.966507032277618,-75.993697066352
-1.2785848963467,-0.967600678330614,-76.0956405490855
-1.27902443084153,-0.968689931516281,-76.1971921256076
-1.27946110111451,-0.969774813868317,-76.2983536964317
-1.27989492560302,-0.970855347305295,-76.3991271525881
-1.28032592262014,-0.971931553631116,-76.4995143756569
-1.28075411035536,-0.973003454535469,-76.5995172378011
-1.28117950687543,-0.974071071594284,-76.6991376017998
-1.28160213012507,-0.975134426270199,-76.7983773210817
-1.28202199792782,-0.976193539913013,-76.8972382397586
-1.28243912798675,-0.97724843376016,-76.9957221926594
-1.28285353788527,-0.978299128937162,-77.0938310053641
-1.28326524508789,-0.979345646458101,-77.191566494238
-1.28367426694097,-0.980388007226087,-77.288930466466
-1.28408062067347,-0.981426232033722,-77.3859247200875
-1.28448432339775,-0.982460341563573,-77.4825510440307
-1.2848853921103,-0.983490356388638,-77.5788112181479
-1.28528384369245,-0.984516296972822,-77.6747070132499
-1.2856796949112,-0.985538183671405,-77.7702401911418
-1.28607296241989,-0.986556036731516,-77.8654125046581
-1.28646366275899,-0.987569876292607,-77.9602256976978
-1.28685181235679,-0.988579722386927,-78.0546815052604
-1.28723742753018,-0.989585594939995,-78.1487816534811
-1.28762052448535,-0.990587513771077,-78.242527859667
-1.28800111931852,-0.991585498593662,-78.3359218323324
-1.28837922801667,-0.992579569015934,-78.4289652712352
-1.28875486645825,-0.993569744541254,-78.5216598674128
-1.28912805041393,-0.99455604456863,-78.614007303218
-1.28949879554724,-0.995538488393201,-78.7060092523554
-1.28986711741537,-0.996517095206706,-78.7976673799177
-1.29023303146978,-0.997491884097969,-78.8889833424217
-1.29059655305698,-0.998462874053367,-78.979958787845
-1.2909576974192,-0.999430083957315,-79.0705953556622
-1.29131647969507,-1.00039353259274,-79.1608946768816
-1.29167291492031,-1.00135323864155,-79.2508583740815
-1.29202701802845,-1.00230922068513,-79.3404880614467
-1.29237880385148,-1.00326149720479,-79.4297853448055
-1.29272828712056,-1.00421008658227,-79.5187518216657
-1.29307548246666,-1.00515500710019,-79.607389081252
-1.29342040442127,-1.00609627694255,-79.695698704542
-1.29376306741702,-1.00703391419519,-79.783682264303
-1.29410348578841,-1.00796793684626,-79.8713413251291
-1.29444167377241,-1.00889836278669,-79.9586774434775
-1.29477764550917,-1.00982520981071,-80.0456921677052
-1.29511141504264,-1.01074849561624,-80.132387038106
-1.29544299632123,-1.01166823780544,-80.2187635869469
-1.29577240319845,-1.01258445388514,-80.3048233385049
-1.29609964943358,-1.01349716126733,-80.3905678091036
-1.29642474869228,-1.01440637726959,-80.47599850715
-1.29674771454724,-1.01531211911564,-80.5611169331711
-1.29706856047881,-1.0162144039357,-80.6459245798504
-1.29738729987564,-1.01711324876706,-80.7304229320644
-1.29770394603528,-1.01800867055447,-80.8146134669196
-1.29801851216484,-1.01890068615068,-80.8984976537884
-1.29833101138154,-1.01978931231681,-80.9820769543463
-1.29864145671343,-1.0206745657229,-81.0653528226075
-1.2989498610999,-1.02155646294833,-81.1483267049621
-1.29925623739234,-1.02243502048229,-81.2310000402121
-1.29956059835473,-1.02331025472425,-81.3133742596076
-1.29986295666424,-1.0241821819844,-81.3954507868831
-1.30016332491185,-1.02505081848411,-81.4772310382941
-1.30046171560288,-1.02591618035642,-81.5587164226525
-1.30075814115767,-1.02677828364646,-81.6399083413635
-1.30105261391207,-1.02763714431192,-81.7208081884611
-1.30134514611812,-1.0284927782235,-81.8014173506441
-1.30163574994452,-1.02934520116536,-81.8817372073123
-1.30192443747732,-1.03019442883559,-81.961769130602
-1.3022112207204,-1.03104047684664,-82.0415144854218
-1.30249611159609,-1.03188336072576,-82.1209746294884
-1.3027791219457,-1.03272309591547,-82.2001509133622
-1.30306026353012,-1.033559697774,-82.2790446804827
-1.30333954803034,-1.03439318157573,-82.357657267204
-1.30361698704804,-1.03522356251165,-82.4359900028304
-1.3038925921061,-1.03605085568975,-82.5140442096512
-1.30416637464918,-1.03687507613554,-82.5918212029762
-1.30443834604426,-1.03769623879242,-82.6693222911707
-1.30470851758117,-1.03851435852215,-82.7465487756907
-1.30497690047312,-1.03932945010528,-82.8235019511176
-1.30524350585725,-1.04014152824159,-82.900183105193
-1.30550834479515,-1.04095060755052,-82.9765935188538
-1.3057714282734,-1.04175670257158,-83.0527344662664
-1.30603276720409,-1.04255982776482,-83.1286072148614
-1.3062923724253,-1.04335999751124,-83.2042130253681
-1.3065502547017,-1.0441572261132,-83.2795531518489
-1.30680642472497,-1.04495152779487,-83.3546288417331
-1.30706089311438,-1.04574291670265,-83.4294413358518
-1.30731367041726,-1.04653140690556,-83.5039918684711
-1.30756476710952,-1.04731701239573,-83.5782816673268
-1.30781419359614,-1.04809974708874,-83.6523119536574
-1.30806196021166,-1.04887962482409,-83.7260839422386
-1.30830807722072,-1.0496566593656,-83.7995988414162
-1.30855255481847,-1.05043086440183,-83.8728578531402
-1.30879540313113,-1.05120225354647,-83.9458621729977
-1.30903663221644,-1.05197084033878,-84.0186129902463
-1.30927625206414,-1.05273663824398,-84.0911114878475
-1.30951427259646,-1.05349966065368,-84.1633588424991
-1.30975070366858,-1.05425992088625,-84.235356224669
-1.30998555506913,-1.05501743218726,-84.3071047986272
-1.31021883652061,-1.05577220772986,-84.3786057224788
-1.3104505576799,-1.05652426061519,-84.4498601481967
-1.31068072813868,-1.05727360387277,-84.5208692216537
-1.31090935742395,-1.05802025046093,-84.5916340826552
-1.31113645499842,-1.05876421326715,-84.662155864971
-1.31136203026099,-1.0595055051085,-84.7324356963678
-1.3115860925472,-1.06024413873201,-84.8024746986406
-1.3118086511297,-1.06098012681509,-84.8722739876452
-1.31202971521864,-1.06171348196587,-84.9418346733293
-1.31224929396215,-1.06244421672363,-85.0111578597646
-1.31246739644676,-1.06317234355915,-85.0802446451778
-1.31268403169786,-1.06389787487513,-85.1490961219821
-1.31289920868009,-1.06462082300655,-85.2177133768085
-1.3131129362978,-1.06534120022107,-85.2860974905371
-1.31332522339547,-1.06605901871936,-85.3542495383272
-1.31353607875811,-1.06677429063554,-85.422170589649
-1.31374551111174,-1.06748702803752,-85.4898617083142
-1.31395352912371,-1.06819724292736,-85.5573239525058
-1.31416014140321,-1.06890494724168,-85.6245583748098
-1.31436535650163,-1.06961015285201,-85.691566022244
-1.31456918291296,-1.07031287156514,-85.7583479362897
-1.31477162907424,-1.07101311512352,-85.8249051529205
-1.31497270336592,-1.07171089520561,-85.8912387026331
-1.31517241411227,-1.07240622342622,-85.9573496104767
-1.31537076958181,-1.07309911133693,-86.0232388960825
-1.31556777798765,-1.07378957042637,-86.0889075736937
-1.31576344748792,-1.07447761212064,-86.1543566521945
-1.31595778618614,-1.07516324778365,-86.2195871351394
-1.31615080213162,-1.07584648871745,-86.2846000207828
-1.31634250331983,-1.07652734616263,-86.3493963021073
-1.31653289769279,-1.0772058312986,-86.413976966853
-1.31672199313945,-1.07788195524403,-86.4783429975465
-1.31690979749606,-1.0785557290571,-86.5424953715287
-1.31709631854653,-1.07922716373592,-86.6064350609842
-1.31728156402283,-1.07989627021885,-86.670163032969
-1.31746554160532,-1.08056305938481,-86.7336802494388
-1.31764825892316,-1.08122754205368,-86.7969876672776
-1.31782972355463,-1.08188972898658,-86.8600862383251
-1.31800994302751,-1.08254963088626,-86.9229769094045
-1.31818892481944,-1.08320725839737,-86.9856606223508
-1.31836667635827,-1.08386262210687,-87.0481383140377
-1.31854320502239,-1.0845157325443,-87.1104109164054
-1.31871851814113,-1.08516660018214,-87.1724793564876
-1.31889262299507,-1.08581523543612,-87.2343445564391
-1.31906552681638,-1.08646164866557,-87.2960074335624
-1.31923723678917,-1.08710585017372,-87.3574689003349
-1.31940776004988,-1.08774785020804,-87.4187298644356
-1.31957710368751,-1.08838765896056,-87.4797912287715
-1.31974527474405,-1.08902528656817,-87.5406538915046
-1.31991228021479,-1.08966074311296,-87.6013187460778
-1.32007812704861,-1.09029403862253,-87.6617866812414
-1.32024282214837,-1.0909251830703,-87.7220585810793
-1.32040637237117,-1.09155418637583,-87.7821353250345
-1.32056878452873,-1.09218105840512,-87.8420177879357
-1.32073006538767,-1.09280580897093,-87.9017068400225
-1.32089022166986,-1.09342844783308,-87.9612033469712
-1.32104926005272,-1.09404898469876,-88.02050816992
-1.32120718716953,-1.09466742922284,-88.079622165495
-1.32136400960975,-1.09528379100817,-88.1385461858346
-1.32151973391932,-1.09589807960586,-88.197281078615
-1.32167436660099,-1.09651030451561,-88.2558276870754
-1.3218279141146,-1.09712047518601,-88.3141868500422
-1.32198038287739,-1.09772860101479,-88.3723594019543
-1.3221317792643,-1.09833469134916,-88.4303461728874
-1.32228210960828,-1.09893875548611,-88.4881479885783
-1.32243138020058,-1.09954080267264,-88.5457656704497
-1.32257959729103,-1.10014084210612,-88.6032000356336
-1.32272676708835,-1.10073888293455,-88.6604518969966
-1.32287289576044,-1.10133493425682,-88.7175220631623
-1.32301798943465,-1.10192900512304,-88.7744113385365
-1.32316205419809,-1.1025211045348,-88.83112052333
-1.32330509609789,-1.10311124144545,-88.8876504135827
-1.32344712114151,-1.10369942476039,-88.9440018011866
-1.32358813529697,-1.10428566333734,-89.0001754739095
-1.32372814449319,-1.10486996598662,-89.056172215418
-1.32386715462024,-1.10545234147143,-89.1119928053005
-1.32400517152958,-1.10603279850812,-89.1676380190904
-1.32414220103438,-1.10661134576647,-89.2231086282886
-1.32427824890978,-1.10718799186992,-89.2784054003866
-1.32441332089313,-1.10776274539592,-89.3335290988888
-1.32454742268427,-1.10833561487612,-89.3884804833349
-1.32468055994582,-1.10890660879668,-89.4432603093225
-1.3248127383034,-1.1094757355985,-89.4978693285291
-1.32494396334593,-1.11004300367754,-89.5523082887343
-1.32507424062585,-1.11060842138501,-89.6065779338419
-1.3252035756594,-1.1111719970277,-89.6606790039013
-1.32533197392686,-1.11173373886818,-89.71461223513
-1.32545944087282,-1.11229365512509,-89.7683783599344
-1.32558598190643,-1.1128517539734,-89.8219781069318
-1.32571160240163,-1.11340804354464,-89.8754122009718
-1.32583630769739,-1.11396253192716,-89.9286813631572
-1.32596010309801,-1.11451522716642,-89.9817863108658
-1.32608299387329,-1.11506613726516,-90.0347277577705
-1.32620498525884,-1.11561527018372,-90.0875064138612
-1.32632608245625,-1.11616263384028,-90.1401229854649
-1.3264462906334,-1.11670823611106,-90.1925781752667
-1.32656561492464,-1.11725208483059,-90.2448726823304
-1.32668406043105,-1.11779418779199,-90.2970072021187
-1.32680163222069,-1.11833455274713,-90.348982426514
-1.32691833532878,-1.11887318740696,-90.4007990438381
-1.32703417475797,-1.11941009944167,-90.4524577388727
-1.32714915547857,-1.11994529648098,-90.5039591928792
-1.32726328242875,-1.12047878611436,-90.5553040836188
-1.32737656051479,-1.12101057589125,-90.6064930853721
-1.32748899461128,-1.12154067332132,-90.657526868959
-1.32760058956136,-1.12206908587467,-90.7084061017577
-1.32771135017693,-1.12259582098209,-90.7591314477251
-1.32782128123888,-1.12312088603527,-90.8097035674152
-1.32793038749727,-1.12364428838704,-90.860123117999
-1.32803867367161,-1.12416603535158,-90.9103907532831
-1.328146144451,-1.12468613420466,-90.9605071237292
-1.3282528044944,-1.12520459218386,-91.0104728764729
-1.32835865843081,-1.12572141648878,-91.060288655342
-1.32846371085948,-1.12623661428129,-91.109955100876
-1.32856796635012,-1.12675019268572,-91.1594728503442
-1.32867142944313,-1.12726215878909,-91.2088425377641
-1.32877410464975,-1.12777251964132,-91.2580647939201
-1.32887599645233,-1.12828128225546,-91.3071402463817
-1.32897710930447,-1.12878845360789,-91.3560695195215
-1.32907744763125,-1.12929404063856,-91.4048532345333
-1.32917701582943,-1.12979805025115,-91.4534920094504
-1.32927581826764,-1.13030048931333,-91.5019864591629
-1.32937385928657,-1.13080136465696,-91.5503371954361
-1.32947114319918,-1.13130068307827,-91.5985448269275
-1.32956767429087,-1.1317984513381,-91.6466099592048
-1.32966345681969,-1.13229467616208,-91.6945331947632
-1.32975849501652,-1.13278936424086,-91.742315133043
-1.32985279308525,-1.13328252223029,-91.7899563704462
-1.32994635520301,-1.13377415675164,-91.8374575003546
-1.33003918552029,-1.13426427439179,-91.8848191131459
-1.33013128816117,-1.13475288170343,-91.9320417962115
-1.33022266722349,-1.13523998520525,-91.9791261339728
-1.33031332677903,-1.13572559138217,-92.0260727078981
-1.33040327087369,-1.13620970668549,-92.0728820965193
-1.33049250352767,-1.13669233753314,-92.1195548754485
-1.33058102873566,-1.1371734903098,-92.1660916173946
-1.33066885046698,-1.13765317136717,-92.2124928921793
-1.33075597266581,-1.1381313870241,-92.2587592667537
-1.33084239925129,-1.13860814356684,-92.3048913052144
-1.33092813411778,-1.13908344724915,-92.3508895688197
-1.33101318113496,-1.13955730429257,-92.3967546160052
-1.33109754414802,-1.14002972088655,-92.4424870024004
-1.33118122697785,-1.14050070318866,-92.4880872808437
-1.33126423342118,-1.14097025732478,-92.5335560013989
-1.33134656725078,-1.14143838938924,-92.5788937113702
-1.33142823221556,-1.14190510544508,-92.6241009553183
-1.33150923204081,-1.14237041152416,-92.6691782750752
-1.33158957042833,-1.14283431362736,-92.7141262097602
-1.33166925105656,-1.14329681772479,-92.7589452957948
-1.33174827758081,-1.14375792975593,-92.803636066918
-1.33182665363333,-1.1442176556298,-92.8481990542013
-1.33190438282356,-1.1446760012252,-92.8926347860637
-1.33198146873822,-1.1451329723908,-92.9369437882869
-1.33205791494151,-1.14558857494537,-92.9811265840298
-1.3321337249752,-1.14604281467795,-93.0251836938432
-1.33220890235888,-1.14649569734798,-93.0691156356848
-1.33228345059001,-1.14694722868552,-93.1129229249336
-1.33235737314416,-1.14739741439139,-93.1566060744041
-1.33243067347508,-1.14784626013735,-93.2001655943611
-1.33250335501492,-1.14829377156625,-93.243601992534
-1.33257542117434,-1.14873995429223,-93.2869157741306
-1.33264687534263,-1.14918481390086,-93.3301074418517
-1.33271772088794,-1.14962835594931,-93.3731774959051
-1.33278796115732,-1.15007058596649,-93.4161264340193
-1.33285759947696,-1.15051150945327,-93.4589547514576
-1.33292663915225,-1.15095113188258,-93.501662941032
-1.33299508346799,-1.15138945869963,-93.5442514931166
-1.33306293568848,-1.15182649532199,-93.5867208956617
-1.33313019905768,-1.15226224713983,-93.629071634207
-1.33319687679935,-1.15269671951604,-93.6713041918953
-1.3332629721172,-1.15312991778637,-93.7134190494859
-1.33332848819498,-1.15356184725962,-93.7554166853676
-1.33339342819667,-1.15399251321778,-93.7972975755726
-1.33345779526658,-1.15442192091616,-93.8390621937891
-1.33352159252949,-1.1548500755836,-93.8807110113745
-1.33358482309079,-1.15527698242256,-93.9222444973689
-1.33364749003662,-1.15570264660931,-93.9636631185072
-1.33370959643396,-1.15612707329407,-94.0049673392328
-1.3337711453308,-1.15655026760113,-94.0461576217098
-1.33383213975626,-1.15697223462907,-94.087234425836
-1.33389258272072,-1.15739297945084,-94.1281982092556
-1.33395247721591,-1.1578125071139,-94.1690494273713
-1.33401182621509,-1.15823082264045,-94.2097885333575
-1.33407063267315,-1.15864793102747,-94.2504159781722
-1.33412889952672,-1.15906383724694,-94.2909322105693
-1.33418662969432,-1.15947854624594,-94.3313376771114
-1.33424382607645,-1.15989206294682,-94.3716328221814
-1.33430049155576,-1.16030439224731,-94.4118180879949
-1.33435662899711,-1.16071553902069,-94.4518939146123
-1.33441224124775,-1.16112550811592,-94.4918607399508
-1.33446733113738,-1.16153430435776,-94.5317189997958
-1.3345219014783,-1.16194193254693,-94.5714691278137
-1.33457595506555,-1.16234839746025,-94.6111115555626
-1.33462949467698,-1.16275370385076,-94.650646712505
-1.33468252307337,-1.16315785644784,-94.6900750260185
-1.33473504299859,-1.16356085995741,-94.7293969214081
-1.33478705717965,-1.16396271906197,-94.7686128219174
-1.33483856832688,-1.1643634384208,-94.8077231487397
-1.33488957913398,-1.16476302267009,-94.8467283210301
-1.33494009227817,-1.16516147642304,-94.8856287559161
-1.33499011042028,-1.16555880426998,-94.924424868509
-1.33503963620488,-1.16595501077857,-94.9631170719154
-1.33508867226036,-1.16635010049384,-95.0017057772479
-1.33513722119907,-1.16674407793838,-95.0401913936361
-1.3351852856174,-1.16713694761245,-95.0785743282379
-1.33523286809591,-1.1675287139941,-95.1168549862501
-1.33527997119942,-1.16791938153929,-95.1550337709194
-1.3353265974771,-1.16830895468202,-95.1931110835528
-1.33537274946261,-1.16869743783448,-95.2310873235288
-1.3354184296742,-1.16908483538713,-95.2689628883078
-1.33546364061476,-1.16947115170885,-95.3067381734428
-1.335508384772,-1.16985639114706,-95.3444135725893
-1.33555266461848,-1.17024055802781,-95.3819894775168
-1.33559648261175,-1.17062365665597,-95.4194662781182
-1.33563984119446,-1.17100569131525,-95.4568443624208
-1.33568274279441,-1.17138666626843,-95.4941241165961
-1.3357251898247,-1.17176658575738,-95.5313059249704
-1.33576718468381,-1.17214545400325,-95.5683901700344
-1.33580872975566,-1.17252327520652,-95.6053772324539
-1.33584982740978,-1.17290005354718,-95.6422674910795
-1.33589048000133,-1.17327579318481,-95.6790613229563
-1.33593068987125,-1.1736504982587,-95.7157591033345
-1.33597045934633,-1.17402417288797,-95.7523612056785
-1.3360097907393,-1.17439682117166,-95.7888680016771
-1.33604868634893,-1.17476844718889,-95.8252798612532
-1.33608714846013,-1.17513905499891,-95.8615971525733
-1.33612517934402,-1.17550864864127,-95.8978202420573
-1.33616278125805,-1.17587723213588,-95.9339494943877
-1.33619995644604,-1.17624480948316,-95.9699852725197
-1.33623670713834,-1.17661138466414,-96.00592793769
-1.33627303555187,-1.17697696164053,-96.0417778494267
-1.33630894389021,-1.17734154435488,-96.0775353655581
-1.3363444343437,-1.17770513673067,-96.1132008422226
-1.33637950908954,-1.17806774267238,-96.1487746338774
-1.33641417029184,-1.17842936606568,-96.1842570933077
-1.33644842010173,-1.17879001077742,-96.2196485716361
-1.33648226065746,-1.17914968065585,-96.2549494183317
-1.33651569408443,-1.17950837953064,-96.2901599812185
-1.33654872249535,-1.17986611121302,-96.325280606485
-1.33658134799026,-1.18022287949588,-96.3603116386927
-1.33661357265663,-1.18057868815386,-96.3952534207853
-1.33664539856946,-1.18093354094347,-96.4301062940969
-1.33667682779135,-1.18128744160318,-96.4648705983613
-1.33670786237257,-1.1816403938535,-96.4995466717207
-1.33673850435115,-1.18199240139712,-96.5341348507335
-1.33676875575298,-1.18234346791898,-96.5686354703842
-1.33679861859184,-1.18269359708638,-96.6030488640907
-1.33682809486952,-1.18304279254908,-96.6373753637135
-1.33685718657591,-1.18339105793936,-96.6716152995639
-1.336885895689,-1.18373839687219,-96.7057690004124
-1.33691422417506,-1.18408481294526,-96.7398367934971
-1.33694217398865,-1.1844303097391,-96.7738190045317
-1.3369697470727,-1.18477489081717,-96.8077159577142
-1.33699694535861,-1.18511855972597,-96.8415279757347
-1.33702377076631,-1.1854613199951,-96.8752553797836
-1.33705022520435,-1.18580317513741,-96.9088984895598
-1.33707631056993,-1.18614412864902,-96.9424576232787
-1.33710202874904,-1.18648418400946,-96.9759330976802
-1.33712738161646,-1.18682334468176,-97.0093252280364
-1.33715237103591,-1.18716161411252,-97.0426343281601
-1.33717699886004,-1.187498995732,-97.0758607104117
-1.33720126693056,-1.18783549295425,-97.1090046857082
-1.33722517707831,-1.18817110917714,-97.1420665635297
-1.33724873112327,-1.18850584778249,-97.1750466519281
-1.33727193087472,-1.18883971213616,-97.2079452575343
-1.33729477813122,-1.18917270558809,-97.2407626855659
-1.33731727468075,-1.18950483147244,-97.2734992398347
-1.33733942230074,-1.18983609310767,-97.3061552227544
-1.33736122275813,-1.19016649379658,-97.3387309353479
-1.33738267780947,-1.19049603682646,-97.371226677255
-1.33740378920096,-1.19082472546913,-97.4036427467395
-1.33742455866855,-1.19115256298103,-97.4359794406967
-1.33744498793795,-1.19147955260331,-97.4682370546607
-1.33746507872475,-1.19180569756194,-97.5004158828117
-1.33748483273445,-1.19213100106773,-97.5325162179832
-1.33750425166255,-1.19245546631649,-97.564538351669
-1.33752333719457,-1.19277909648904,-97.5964825740307
-1.33754209100619,-1.19310189475133,-97.6283491739045
-1.33756051476324,-1.19342386425453,-97.6601384388085
-1.33757861012179,-1.19374500813506,-97.6918506549493
-1.33759637872822,-1.19406532951475,-97.7234861072295
-1.33761382221928,-1.19438483150084,-97.7550450792543
-1.33763094222213,-1.1947035171861,-97.7865278533383
-1.33764774035442,-1.19502138964891,-97.8179347105129
-1.33766421822436,-1.19533845195331,-97.8492659305323
-1.33768037743076,-1.19565470714912,-97.8805217918809
-1.3376962195631,-1.19597015827198,-97.9117025717799
-1.33771174620157,-1.19628480834343,-97.9428085461938
-1.33772695891717,-1.19659866037102,-97.9738399898372
-1.33774185927172,-1.19691171734835,-98.0047971761814
-1.33775644881797,-1.19722398225516,-98.0356803774608
-1.3377707290996,-1.19753545805739,-98.06648986468
-1.33778470165133,-1.19784614770728,-98.0972259076193
-1.33779836799893,-1.19815605414342,-98.1278887748423
-1.33781172965931,-1.19846518029086,-98.1584787337014
-1.33782478814058,-1.19877352906111,-98.1889960503447
-1.33783754494207,-1.1990811033523,-98.2194409897221
-1.33785000155442,-1.19938790604919,-98.2498138155918
-1.33786215945962,-1.19969394002328,-98.2801147905266
-1.33787402013106,-1.19999920813284,-98.3103441759196
-1.33788558503359,-1.20030371322303,-98.3405022319912
-1.33789685562358,-1.20060745812592,-98.3705892177946
-1.33790783334897,-1.20091044566061,-98.4006053912225
-1.33791851964931,-1.20121267863327,-98.4305510090126
-1.33792891595582,-1.20151415983719,-98.4604263267541
-1.33793902369147,-1.20181489205291,-98.4902315988934
-1.33794884427098,-1.20211487804823,-98.5199670787406
-1.3379583791009,-1.20241412057829,-98.5496330184746
-1.33796762957968,-1.20271262238567,-98.5792296691498
-1.33797659709769,-1.20301038620042,-98.6087572807018
-1.33798528303728,-1.20330741474015,-98.6382161019529
-1.33799368877283,-1.20360371071006,-98.6676063806182
-1.33800181567079,-1.20389927680308,-98.6969283633114
-1.33800966508977,-1.20419411569984,-98.7261822955505
-1.33801723838053,-1.20448823006882,-98.7553684217633
-1.33802453688609,-1.20478162256636,-98.7844869852935
-1.33803156194171,-1.20507429583674,-98.8135382284059
-1.33803831487499,-1.20536625251225,-98.8425223922924
-1.33804479700593,-1.20565749521327,-98.8714397170772
-1.3380510096469,-1.20594802654828,-98.9002904418228
-1.33805695410277,-1.20623784911398,-98.9290748045349
-1.33806263167092,-1.20652696549532,-98.9577930421685
-1.33806804364129,-1.20681537826558,-98.9864453906331
-1.33807319129643,-1.2071030899864,-99.0150320847981
-1.33807807591152,-1.20739010320789,-99.0435533584981
-1.33808269875447,-1.20767642046866,-99.0720094445384
-1.33808706108591,-1.20796204429587,-99.1004005747002
-1.33809116415926,-1.20824697720532,-99.1287269797463
-1.3380950092208,-1.20853122170149,-99.1569888894257
-1.33809859750965,-1.20881478027762,-99.1851865324794
-1.33810193025787,-1.20909765541574,-99.2133201366451
-1.33810500869049,-1.20937984958673,-99.241389928663
-1.33810783402553,-1.20966136525043,-99.2693961342803
-1.33811040747408,-1.20994220485563,-99.2973389782569
-1.33811273024032,-1.21022237084017,-99.32521868437
-1.33811480352154,-1.21050186563099,-99.3530354754193
-1.33811662850825,-1.21078069164417,-99.3807895732323
-1.33811820638416,-1.21105885128501,-99.408481198669
-1.33811953832625,-1.21133634694807,-99.4361105716267
-1.33812062550478,-1.21161318101725,-99.4636779110455
-1.33812146908338,-1.21188935586579,-99.4911834349129
-1.33812207021907,-1.21216487385641,-99.5186273602684
-1.33812243006227,-1.21243973734129,-99.5460099032089
-1.33812254975688,-1.21271394866217,-99.573331278893
-1.33812243044032,-1.21298751015036,-99.6005917015464
-1.33812207324354,-1.21326042412686,-99.6277913844661
-1.33812147929108,-1.21353269290236,-99.6549305400254
-1.33812064970109,-1.2138043187773,-99.6820093796787
-1.33811958558541,-1.21407530404195,-99.7090281139659
-1.33811828804957,-1.21434565097644,-99.7359869525174
-1.33811675819283,-1.21461536185081,-99.7628861040585
-1.33811499710825,-1.2148844389251,-99.7897257764142
-1.33811300588269,-1.21515288444933,-99.8165061765136
-1.33811078559687,-1.21542070066364,-99.8432275103945
-1.33810833732541,-1.21568788979826,-99.869889983208
-1.33810566213683,-1.21595445407363,-99.896493799223
-1.33810276109366,-1.21622039570039,-99.9230391618306
-1.33809963525239,-1.21648571687947,-99.9495262735487
-1.33809628566357,-1.21675041980214,-99.9759553360263
-1.33809271337183,-1.21701450665003,-100.002326550048
-1.33808891941589,-1.21727797959523,-100.028640115538
-1.33808490482863,-1.21754084080026,-100.054896231565
-1.33808067063711,-1.21780309241822,-100.081095096346
-1.33807621786261,-1.21806473659274,-100.107236907252
-1.33807154752066,-1.21832577545811,-100.133321860809
-1.33806666062106,-1.21858621113928,-100.159350152707
-1.33806155816796,-1.21884604575192,-100.185321977801
-1.33805624115984,-1.21910528140246,-100.211237530114
-1.33805071058958,-1.21936392018816,-100.237097002845
-1.33804496744448,-1.21962196419715,-100.26290058837
-1.3380390127063,-1.21987941550844,-100.288648478248
-1.33803284735129,-1.22013627619202,-100.314340863226
-1.33802647235022,-1.22039254830889,-100.339977933238
-1.3380198886684,-1.22064823391108,-100.365559877416
-1.33801309726576,-1.22090333504171,-100.391086884088
-1.33800609909683,-1.22115785373507,-100.416559140786
-1.33799889511079,-1.22141179201661,-100.44197683425
-1.33799148625152,-1.22166515190301,-100.467340150428
-1.3379838734576,-1.22191793540225,-100.492649274484
-1.33797605766237,-1.2221701445136,-100.5179043908
-1.33796803979396,-1.22242178122771,-100.543105682982
-1.33795982077527,-1.22267284752663,-100.56825333386
-1.33795140152409,-1.22292334538388,-100.593347525496
-1.33794278295305,-1.22317327676445,-100.618388439184
-1.3379339659697,-1.22342264362488,-100.643376255459
-1.33792495147652,-1.2236714479133,-100.668311154095
-1.33791574037094,-1.22391969156944,-100.693193314111
-1.3379063335454,-1.22416737652472,-100.718022913779
-1.33789673188735,-1.22441450470226,-100.742800130619
-1.33788693627931,-1.22466107801693,-100.76752514141
-1.33787694759887,-1.22490709837539,-100.792198122193
-1.33786676671873,-1.22515256767613,-100.81681924827
-1.33785639450673,-1.22539748780953,-100.841388694212
-1.33784583182589,-1.22564186065788,-100.865906633861
-1.33783507953441,-1.22588568809541,-100.890373240334
-1.33782413848573,-1.22612897198838,-100.914788686027
-1.33781300952855,-1.22637171419505,-100.939153142617
-1.33780169350682,-1.22661391656579,-100.963466781067
-1.33779019125984,-1.22685558094307,-100.987729771629
-1.33777850362222,-1.22709670916153,-101.011942283849
-1.33776663142395,-1.22733730304799,-101.036104486567
-1.3377545754904,-1.22757736442152,-101.060216547924
-1.33774233664236,-1.22781689509345,-101.084278635363
-1.33772991569609,-1.22805589686744,-101.108290915635
-1.33771731346329,-1.2282943715395,-101.132253554799
-1.33770453075119,-1.22853232089802,-101.156166718228
-1.33769156836251,-1.22876974672383,-101.180030570613
-1.33767842709556,-1.22900665079022,-101.203845275964
-1.33766510774421,-1.22924303486298,-101.227610997613
-1.33765161109793,-1.22947890070044,-101.25132789822
-1.33763793794183,-1.22971425005354,-101.274996139776
-1.33762408905667,-1.22994908466578,-101.298615883603
-1.3376100652189,-1.23018340627337,-101.322187290362
-1.33759586720065,-1.23041721660516,-101.345710520051
-1.33758149576982,-1.23065051738277,-101.369185732013
-1.33756695169004,-1.23088331032055,-101.392613084936
-1.33755223572072,-1.23111559712565,-101.415992736859
-1.33753734861708,-1.23134737949808,-101.439324845173
-1.33752229113019,-1.23157865913068,-101.462609566622
-1.33750706400693,-1.23180943770923,-101.485847057314
-1.33749166799011,-1.23203971691242,-101.509037472714
-1.3374761038184,-1.23226949841195,-101.532180967655
-1.33746037222642,-1.23249878387248,-101.555277696337
-1.33744447394472,-1.23272757495177,-101.578327812332
-1.33742840969984,-1.23295587330061,-101.601331468586
-1.33741218021432,-1.23318368056294,-101.624288817423
-1.33739578620669,-1.23341099837581,-101.647200010545
-1.33737922839156,-1.23363782836949,-101.67006519904
-1.33736250747957,-1.23386417216743,-101.692884533382
-1.33734562417749,-1.23409003138635,-101.715658163433
-1.33732857918815,-1.23431540763624,-101.738386238447
-1.33731137321055,-1.2345403025204,-101.761068907075
-1.33729400693984,-1.23476471763549,-101.783706317366
-1.33727648106733,-1.23498865457154,-101.806298616769
-1.33725879628055,-1.23521211491199,-101.828845952137
-1.33724095326323,-1.23543510023372,-101.851348469729
-1.33722295269537,-1.23565761210711,-101.873806315217
-1.3372047952532,-1.23587965209603,-101.896219633681
-1.33718648160927,-1.23610122175788,-101.918588569621
-1.33716801243242,-1.23632232264365,-101.94091326695
-1.33714938838782,-1.23654295629793,-101.963193869007
-1.33713061013698,-1.23676312425893,-101.985430518551
-1.33711167833781,-1.23698282805855,-102.007623357769
-1.33709259364457,-1.23720206922237,-102.029772528277
-1.33707335670797,-1.23742084926969,-102.051878171124
-1.33705396817512,-1.23763916971358,-102.073940426791
-1.33703442868961,-1.23785703206091,-102.0959594352
-1.33701473889148,-1.23807443781233,-102.11793533571
-1.33699489941727,-1.23829138846238,-102.139868267125
-1.33697491090005,-1.23850788549945,-102.161758367692
-1.3369547739694,-1.23872393040585,-102.183605775108
-1.33693448925146,-1.23893952465783,-102.205410626521
-1.33691405736893,-1.23915466972559,-102.22717305853
-1.33689347894113,-1.23936936707335,-102.248893207193
-1.33687275458397,-1.23958361815934,-102.270571208024
-1.33685188490999,-1.23979742443585,-102.292207195999
-1.33683087052838,-1.24001078734925,-102.313801305558
-1.336809712045,-1.24022370834001,-102.335353670607
-1.33678841006241,-1.24043618884276,-102.35686442452
-1.33676696517984,-1.2406482302863,-102.378333700142
-1.33674537799328,-1.24085983409359,-102.399761629795
-1.33672364909545,-1.24107100168187,-102.421148345273
-1.33670177907583,-1.24128173446258,-102.442493977852
-1.33667976852066,-1.24149203384147,-102.463798658286
-1.33665761801302,-1.2417019012186,-102.485062516816
-1.33663532813277,-1.24191133798833,-102.506285683166
-1.33661289945661,-1.24212034553943,-102.527468286552
-1.33659033255811,-1.24232892525501,-102.548610455677
-1.33656762800767,-1.24253707851264,-102.569712318741
-1.33654478637262,-1.24274480668431,-102.590774003437
-1.33652180821717,-1.24295211113647,-102.611795636958
-1.33649869410244,-1.24315899323009,-102.632777345996
-1.33647544458652,-1.24336545432064,-102.653719256746
-1.33645206022443,-1.24357149575815,-102.674621494908
-1.33642854156817,-1.24377711888723,-102.695484185692
-1.33640488916673,-1.24398232504707,-102.716307453815
-1.33638110356611,-1.24418711557151,-102.737091423506
-1.33635718530931,-1.24439149178901,-102.757836218511
-1.33633313493642,-1.24459545502275,-102.778541962088
-1.33630895298452,-1.24479900659056,-102.79920877702
-1.33628463998781,-1.24500214780505,-102.819836785605
-1.33626019647757,-1.24520487997355,-102.84042610967
-1.33623562298217,-1.24540720439816,-102.860976870562
-1.33621092002711,-1.24560912237582,-102.881489189162
-1.33618608813502,-1.24581063519827,-102.901963185875
-1.3361611278257,-1.24601174415209,-102.922398980642
-1.3361360396161,-1.24621245051877,-102.942796692938
-1.33611082402036,-1.24641275557467,-102.963156441774
-1.33608548154983,-1.24661266059109,-102.983478345699
-1.33606001271305,-1.24681216683426,-103.003762522803
-1.33603441801581,-1.24701127556542,-103.024009090721
-1.33600869796114,-1.24720998804076,-103.044218166631
-1.33598285304934,-1.24740830551153,-103.064389867259
-1.33595688377798,-1.24760622922398,-103.084524308881
-1.3359307906419,-1.24780376041947,-103.104621607322
-1.33590457413328,-1.24800090033441,-103.124681877963
-1.3358782347416,-1.24819765020036,-103.144705235741
-1.33585177295369,-1.24839401124398,-103.164691795148
-1.33582518925371,-1.24858998468711,-103.184641670237
-1.33579848412319,-1.24878557174677,-103.204554974623
-1.33577165804106,-1.24898077363518,-103.224431821485
-1.33574471148362,-1.24917559155978,-103.244272323567
-1.33571764492458,-1.24937002672326,-103.264076593181
-1.33569045883508,-1.24956408032359,-103.283844742208
-1.3356631536837,-1.24975775355403,-103.303576882102
-1.33563572993646,-1.24995104760314,-103.323273123889
-1.33560818805684,-1.25014396365484,-103.342933578174
-1.3355805285058,-1.25033650288839,-103.362558355134
-1.33555275174181,-1.25052866647845,-103.382147564532
-1.33552485822082,-1.25072045559505,-103.401701315707
-1.3354968483963,-1.25091187140366,-103.421219717585
-1.33546872271928,-1.25110291506522,-103.440702878675
-1.33544048163831,-1.25129358773609,-103.460150907074
-1.3354121255995,-1.25148389056814,-103.479563910469
-1.33538365504654,-1.25167382470876,-103.498941996136
-1.33535507042069,-1.25186339130083,-103.518285270945
-1.33532637216084,-1.25205259148282,-103.537593841361
-1.33529756070345,-1.25224142638875,-103.556867813446
-1.33526863648265,-1.25242989714823,-103.576107292857
-1.33523959993016,-1.25261800488648,-103.595312384856
-1.33521045147538,-1.25280575072436,-103.614483194303
-1.33518119154536,-1.25299313577838,-103.633619825664
-1.33515182056484,-1.2531801611607,-103.65272238301
-1.33512233895622,-1.25336682797921,-103.671790970019
-1.33509274713963,-1.25355313733747,-103.69082568998
-1.3350630455329,-1.2537390903348,-103.70982664579
-1.33503323455157,-1.25392468806625,-103.728793939961
-1.33500331460893,-1.25410993162267,-103.747727674619
-1.33497328611604,-1.25429482209066,-103.766627951506
-1.33494314948167,-1.25447936055266,-103.785494871982
-1.33491290511241,-1.25466354808692,-103.804328537027
-1.33488255341262,-1.25484738576755,-103.823129047241
-1.33485209478444,-1.25503087466452,-103.84189650285
-1.33482152962784,-1.25521401584369,-103.860631003701
-1.33479085834061,-1.25539681036681,-103.879332649271
-1.33476008131835,-1.25557925929157,-103.898001538664
-1.33472919895452,-1.25576136367159,-103.916637770613
-1.33469821164044,-1.25594312455645,-103.935241443483
-1.33466711976529,-1.25612454299173,-103.953812655272
-1.33463592371611,-1.25630562001897,-103.972351503615
-1.33460462387785,-1.25648635667576,-103.99085808578
-1.33457322063337,-1.25666675399569,-104.009332498676
-1.33454171436341,-1.25684681300844,-104.02777483885
-1.33451010544665,-1.25702653473973,-104.04618520249
-1.3344783942597,-1.25720592021137,-104.06456368543
-1.33444658117712,-1.25738497044129,-104.082910383144
-1.33441466657142,-1.25756368644352,-104.101225390757
-1.33438265081307,-1.25774206922826,-104.119508803037
-1.33435053427053,-1.25792011980184,-104.137760714405
-1.33431831731024,-1.25809783916679,-104.155981218932
-1.33428600029662,-1.2582752283218,-104.174170410339
-1.33425358359213,-1.2584522882618,-104.192328382004
-1.33422106755724,-1.25862901997793,-104.21045522696
-1.33418845255043,-1.25880542445758,-104.228551037895
-1.33415573892824,-1.2589815026844,-104.246615907159
-1.33412292704525,-1.25915725563833,-104.264649926758
-1.3340900172541,-1.25933268429558,-104.282653188362
-1.33405700990551,-1.25950778962868,-104.300625783305
-1.33402390534827,-1.2596825726065,-104.318567802584
-1.33399070392926,-1.25985703419424,-104.336479336862
-1.33395740599347,-1.26003117535348,-104.35436047647
-1.33392401188399,-1.26020499704214,-104.372211311408
-1.33389052194203,-1.26037850021458,-104.390031931348
-1.33385693650694,-1.26055168582153,-104.407822425631
-1.3338232559162,-1.26072455481016,-104.425582883274
-1.33378948050545,-1.26089710812411,-104.443313392967
-1.33375561060847,-1.26106934670342,-104.461014043077
-1.33372164655722,-1.26124127148465,-104.47868492165
-1.33368758868185,-1.26141288340084,-104.496326116409
-1.33365343731067,-1.26158418338151,-104.513937714758
-1.33361919277021,-1.26175517235274,-104.531519803785
-1.3335848553852,-1.26192585123712,-104.549072470258
-1.33355042547858,-1.26209622095379,-104.566595800633
-1.33351590337152,-1.26226628241846,-104.58408988105
-1.33348128938341,-1.26243603654344,-104.601554797338
-1.33344658383191,-1.26260548423762,-104.618990635012
-1.33341178703291,-1.26277462640651,-104.636397479282
-1.33337689930056,-1.26294346395223,-104.653775415044
-1.3333419209473,-1.26311199777356,-104.671124526892
-1.33330685228382,-1.26328022876594,-104.688444899112
-1.33327169361913,-1.26344815782147,-104.705736615684
-1.3332364452605,-1.26361578582895,-104.722999760288
-1.33320110751354,-1.26378311367387,-104.740234416301
-1.33316568068216,-1.26395014223844,-104.7574406668
-1.33313016506858,-1.2641168724016,-104.774618594561
-1.33309456097336,-1.26428330503903,-104.791768282064
-1.33305886869541,-1.26444944102319,-104.808889811493
-1.33302308853197,-1.26461528122329,-104.825983264736
-1.33298722077865,-1.26478082650535,-104.843048723386
-1.33295126572942,-1.26494607773216,-104.860086268745
-1.33291522367662,-1.26511103576337,-104.877095981823
-1.33287909491097,-1.26527570145541,-104.89407794334
-1.3328428797216,-1.26544007566161,-104.911032233727
-1.332806578396,-1.2656041592321,-104.927958933127
-1.3327701912201,-1.26576795301393,-104.944858121397
-1.33273371847823,-1.26593145785102,-104.96172987811
-1.33269716045314,-1.26609467458417,-104.978574282553
-1.33266051742602,-1.26625760405112,-104.995391413731
-1.33262378967647,-1.26642024708652,-105.01218135037
-1.33258697748258,-1.26658260452197,-105.028944170912
-1.33255008112086,-1.26674467718601,-105.045679953522
-1.33251310086628,-1.26690646590416,-105.062388776087
-1.33247603699231,-1.26706797149892,-105.079070716217
-1.33243888977086,-1.26722919478977,-105.095725851248
-1.33240165947235,-1.2673901365932,-105.112354258239
-1.33236434636569,-1.26755079772272,-105.128956013979
-1.33232695071826,-1.26771117898889,-105.145531194983
-1.33228947279599,-1.26787128119929,-105.162079877496
-1.3322519128633,-1.26803110515856,-105.178602137493
-1.33221427118313,-1.26819065166843,-105.195098050681
-1.33217654801696,-1.2683499215277,-105.2115676925
-1.33213874362481,-1.26850891553226,-105.228011138124
-1.33210085826522,-1.26866763447512,-105.244428462461
-1.33206289219531,-1.2688260791464,-105.260819740156
-1.33202484567074,-1.26898425033337,-105.277185045591
-1.33198671894574,-1.26914214882042,-105.293524452886
-1.33194851227312,-1.26929977538913,-105.309838035901
-1.33191022590426,-1.26945713081823,-105.326125868238
-1.33187186008913,-1.26961421588364,-105.342388023238
-1.3318334150763,-1.26977103135847,-105.358624573986
-1.33179489111293,-1.26992757801303,-105.374835593312
-1.3317562884448,-1.27008385661487,-105.391021153789
-1.33171760731629,-1.27023986792876,-105.407181327739
-1.33167884797042,-1.2703956127167,-105.423316187228
-1.33164001064881,-1.27055109173797,-105.439425804071
-1.33160109559175,-1.2707063057491,-105.455510249835
-1.33156210303814,-1.27086125550389,-105.471569595834
-1.33152303322555,-1.27101594175346,-105.487603913134
-1.3314838863902,-1.27117036524619,-105.503613272557
-1.33144466276696,-1.27132452672782,-105.519597744673
-1.33140536258939,-1.27147842694138,-105.535557399811
-1.33136598608969,-1.27163206662724,-105.551492308053
-1.33132653349879,-1.27178544652313,-105.567402539239
-1.33128700504626,-1.27193856736413,-105.583288162967
-1.33124740096039,-1.2720914298827,-105.599149248593
-1.33120772146816,-1.27224403480867,-105.614985865232
-1.33116796679527,-1.27239638286927,-105.63079808176
-1.33112813716612,-1.27254847478912,-105.646585966816
-1.33108823280384,-1.27270031129027,-105.662349588801
-1.33104825393027,-1.27285189309219,-105.67808901588
-1.33100820076599,-1.27300322091178,-105.693804315981
-1.33096807353031,-1.2731542954634,-105.7094955568
-1.33092787244132,-1.27330511745886,-105.725162805799
-1.3308875977158,-1.27345568760744,-105.740806130206
-1.33084724956934,-1.27360600661591,-105.75642559702
-1.33080682821625,-1.2737560751885,-105.772021273009
-1.33076633386965,-1.27390589402698,-105.787593224711
-1.33072576674139,-1.27405546383061,-105.803141518435
-1.33068512704213,-1.27420478529616,-105.818666220264
-1.33064441498131,-1.27435385911797,-105.834167396054
-1.33060363076715,-1.27450268598788,-105.849645111434
-1.33056277460668,-1.27465126659531,-105.865099431809
-1.33052184670573,-1.27479960162725,-105.880530422362
-1.33048084726893,-1.27494769176824,-105.89593814805
-1.33043977649974,-1.27509553770041,-105.911322673612
-1.33039863460042,-1.27524314010349,-105.926684063562
-1.33035742177207,-1.27539049965483,-105.942022382197
-1.33031613821462,-1.27553761702936,-105.957337693594
-1.33027478412684,-1.27568449289966,-105.972630061609
-1.33023335970633,-1.27583112793593,-105.987899549886
-1.33019186514954,-1.27597752280603,-106.003146221849
-1.33015030065179,-1.27612367817546,-106.018370140706
-1.33010866640723,-1.27626959470738,-106.033571369452
-1.33006696260891,-1.27641527306265,-106.048749970868
-1.33002518944872,-1.27656071389978,-106.063906007522
-1.32998334711743,-1.276705917875,-106.07903954177
-1.32994143580471,-1.27685088564222,-106.094150635757
-1.32989945569908,-1.27699561785308,-106.109239351416
-1.32985740698799,-1.27714011515694,-106.124305750474
-1.32981528985775,-1.27728437820087,-106.139349894447
-1.32977310449361,-1.27742840762972,-106.154371844643
-1.32973085107968,-1.27757220408604,-106.169371662166
-1.32968852979902,-1.27771576821019,-106.18434940791
-1.32964614083358,-1.27785910064026,-106.199305142568
-1.32960368436426,-1.27800220201214,-106.214238926626
-1.32956116057085,-1.27814507295951,-106.229150820368
-1.3295185696321,-1.27828771411381,-106.244040883874
-1.32947591172569,-1.27843012610433,-106.258909177023
-1.32943318702824,-1.27857230955816,-106.273755759493
-1.3293903957153,-1.2787142651002,-106.288580690762
-1.3293475379614,-1.27885599335319,-106.303384030109
-1.32930461394001,-1.27899749493772,-106.318165836614
-1.32926162382356,-1.27913877047223,-106.33292616916
-1.32921856778345,-1.279279820573,-106.347665086431
-1.32917544599004,-1.2794206458542,-106.362382646918
-1.32913225861269,-1.27956124692787,-106.377078908914
-1.32908900581971,-1.27970162440392,-106.39175393052
-1.32904568777842,-1.27984177889018,-106.406407769641
-1.3290023046551,-1.27998171099237,-106.42104048399
-1.32895885661506,-1.28012142131412,-106.435652131089
-1.32891534382259,-1.28026091045698,-106.450242768267
-1.32887176644097,-1.28040017902044,-106.464812452663
-1.3288281246325,-1.2805392276019,-106.479361241227
-1.32878441855851,-1.28067805679673,-106.493889190718
-1.32874064837931,-1.28081666719826,-106.508396357709
-1.32869681425427,-1.28095505939775,-106.522882798584
-1.32865291634175,-1.28109323398446,-106.537348569541
-1.32860895479916,-1.28123119154561,-106.551793726592
-1.32856492978294,-1.28136893266643,-106.566218325563
-1.32852084144858,-1.28150645793012,-106.580622422097
-1.32847668995059,-1.28164376791789,-106.595006071651
-1.32843247544254,-1.28178086320897,-106.609369329502
-1.32838819807706,-1.28191774438061,-106.623712250741
-1.32834385800583,-1.28205441200807,-106.638034890281
-1.32829945537957,-1.28219086666467,-106.652337302852
-1.32825499034809,-1.28232710892175,-106.666619543004
-1.32821046306028,-1.28246313934872,-106.68088166511
-1.32816587366405,-1.28259895851305,-106.695123723362
-1.32812122230645,-1.28273456698025,-106.709345771774
-1.32807650913357,-1.28286996531395,-106.723547864183
-1.3280317342906,-1.28300515407581,-106.737730054252
-1.32798689792181,-1.28314013382563,-106.751892395465
-1.32794200017058,-1.28327490512127,-106.766034941132
-1.32789704117937,-1.28340946851872,-106.780157744388
-1.32785202108975,-1.28354382457207,-106.794260858197
-1.3278069400424,-1.28367797383355,-106.808344335346
-1.32776179817709,-1.28381191685349,-106.822408228454
-1.32771659563274,-1.28394565418038,-106.836452589964
-1.32767133254734,-1.28407918636085,-106.85047747215
-1.32762600905803,-1.28421251393966,-106.864482927118
-1.32758062530108,-1.28434563745976,-106.878469006801
-1.32753518141188,-1.28447855746224,-106.892435762964
-1.32748967752494,-1.28461127448639,-106.906383247205
-1.32744411377392,-1.28474378906964,-106.920311510953
-1.32739849029163,-1.28487610174766,-106.934220605471
-1.32735280721,-1.28500821305427,-106.948110581856
-1.32730706466013,-1.28514012352151,-106.961981491037
-1.32726126277225,-1.28527183367963,-106.975833383782
-1.32721540167576,-1.28540334405711,-106.989666310692
-1.32716948149922,-1.28553465518062,-107.003480322204
-1.32712350237035,-1.28566576757509,-107.017275468595
-1.32707746441602,-1.28579668176369,-107.031051799976
-1.3270313677623,-1.2859273982678,-107.044809366298
-1.32698521253441,-1.28605791760708,-107.058548217352
-1.32693899885676,-1.28618824029946,-107.072268402767
-1.32689272685292,-1.2863183668611,-107.085969972013
-1.32684639664567,-1.28644829780646,-107.0996529744
-1.32680000835697,-1.28657803364828,-107.113317459081
-1.32675356210795,-1.28670757489756,-107.126963475048
-1.32670705801896,-1.28683692206361,-107.14059107114
-1.32666049620954,-1.28696607565406,-107.154200296037
-1.32661387679844,-1.28709503617481,-107.167791198261
-1.32656719990358,-1.28722380413008,-107.181363826183
-1.32652046564214,-1.28735238002244,-107.194918228015
-1.32647367413046,-1.28748076435276,-107.208454451818
-1.32642682548414,-1.28760895762024,-107.221972545496
-1.32637991981796,-1.28773696032243,-107.235472556804
-1.32633295724596,-1.28786477295522,-107.248954533341
-1.32628593788136,-1.28799239601286,-107.262418522556
-1.32623886183664,-1.28811982998796,-107.275864571745
-1.32619172922351,-1.28824707537148,-107.289292728057
-1.3261445401529,-1.28837413265277,-107.302703038487
-1.32609729473499,-1.28850100231954,-107.316095549882
-1.32604999307919,-1.28862768485791,-107.329470308941
-1.32600263529416,-1.28875418075236,-107.342827362214
-1.32595522148781,-1.28888049048579,-107.356166756102
-1.32590775176729,-1.2890066145395,-107.36948853686
-1.32586022623902,-1.28913255339318,-107.382792750597
-1.32581264500867,-1.28925830752497,-107.396079443275
-1.32576500818116,-1.2893838774114,-107.40934866071
-1.32571731586067,-1.28950926352744,-107.422600448575
-1.32566956815068,-1.2896344663465,-107.435834852397
-1.32562176515389,-1.28975948634043,-107.449051917559
-1.32557390697231,-1.28988432397952,-107.462251689303
-1.32552599370721,-1.29000897973251,-107.475434212725
-1.32547802545913,-1.2901334540666,-107.488599532782
-1.32543000232791,-1.29025774744747,-107.501747694288
-1.32538192441266,-1.29038186033924,-107.514878741915
-1.32533379181178,-1.29050579320454,-107.527992720196
-1.32528560462296,-1.29062954650445,-107.541089673523
-1.32523736294317,-1.29075312069857,-107.554169646151
-1.3251890668687,-1.29087651624496,-107.567232682192
-1.32514071649513,-1.29099973360021,-107.580278825623
-1.32509231191732,-1.29112277321939,-107.593308120281
-1.32504385322946,-1.29124563555611,-107.606320609869
-1.32499534052504,-1.29136832106246,-107.619316337949
-1.32494677389685,-1.29149083018909,-107.632295347949
-1.324898153437,-1.29161316338515,-107.645257683161
-1.32484947923692,-1.29173532109834,-107.658203386743
-1.32480075138733,-1.2918573037749,-107.671132501716
-1.32475196997832,-1.29197911185959,-107.684045070968
-1.32470313509926,-1.29210074579576,-107.696941137253
-1.32465424683886,-1.29222220602528,-107.709820743193
-1.32460530528516,-1.29234349298861,-107.722683931277
-1.32455631052554,-1.29246460712476,-107.735530743859
-1.32450726264669,-1.29258554887132,-107.748361223166
-1.32445816173466,-1.29270631866446,-107.761175411291
-1.32440900787483,-1.29282691693892,-107.773973350197
-1.32435980115192,-1.29294734412804,-107.786755081716
-1.32431054164999,-1.29306760066375,-107.799520647551
-1.32426122945247,-1.29318768697659,-107.812270089278
-1.3242118646421,-1.2933076034957,-107.82500344834
-1.32416244730101,-1.29342735064881,-107.837720766056
-1.32411297751067,-1.2935469288623,-107.850422083614
-1.3240634553519,-1.29366633856115,-107.863107442077
-1.32401388090488,-1.29378558016897,-107.87577688238
-1.32396425424917,-1.293904654108,-107.888430445333
-1.32391457546367,-1.29402356079911,-107.901068171619
-1.32386484462667,-1.29414230066183,-107.913690101797
-1.32381506181582,-1.29426087411433,-107.926296276299
-1.32376522710813,-1.29437928157341,-107.938886735435
-1.32371534058,-1.29449752345455,-107.951461519389
-1.32366540230719,-1.29461560017189,-107.964020668224
-1.32361541236487,-1.29473351213824,-107.976564221878
-1.32356537082756,-1.29485125976506,-107.989092220168
-1.32351527776918,-1.29496884346251,-108.001604702787
-1.32346513326303,-1.29508626363942,-108.014101709308
-1.3234149373818,-1.29520352070332,-108.026583279183
-1.32336469019756,-1.29532061506042,-108.039049451742
-1.3233143917818,-1.29543754711562,-108.051500266196
-1.32326404220538,-1.29555431727253,-108.063935761636
-1.32321364153857,-1.29567092593348,-108.076355977033
-1.32316318985104,-1.2957873734995,-108.088760951241
-1.32311268721184,-1.29590366037031,-108.101150722992
-1.32306213368947,-1.29601978694441,-108.113525330903
-1.32301152935179,-1.29613575361896,-108.125884813473
-1.32296087426609,-1.2962515607899,-108.138229209084
-1.32291016849908,-1.29636720885187,-108.150558556
-1.32285941211686,-1.29648269819829,-108.162872892369
-1.32280860518496,-1.29659802922128,-108.175172256225
-1.32275774776834,-1.29671320231174,-108.187456685485
-1.32270683993134,-1.2968282178593,-108.199726217951
-1.32265588173776,-1.29694307625239,-108.211980891311
-1.32260487325082,-1.29705777787814,-108.22422074314
-1.32255381453314,-1.29717232312251,-108.236445810896
-1.32250270564678,-1.29728671237019,-108.248656131928
-1.32245154665325,-1.29740094600467,-108.260851743469
-1.32240033761348,-1.2975150244082,-108.27303268264
-1.32234907858781,-1.29762894796185,-108.285198986451
-1.32229776963605,-1.29774271704543,-108.297350691801
-1.32224641081744,-1.29785633203759,-108.309487835475
-1.32219500219064,-1.29796979331576,-108.32161045415
-1.32214354381379,-1.29808310125618,-108.333718584392
-1.32209203574443,-1.29819625623388,-108.345812262657
-1.32204047803958,-1.29830925862272,-108.357891525289
-1.3219888707557,-1.29842210879538,-108.369956408528
-1.32193721394869,-1.29853480712334,-108.382006948499
-1.32188550767392,-1.29864735397693,-108.394043181225
-1.32183375198619,-1.29875974972529,-108.406065142616
-1.32178194693978,-1.29887199473641,-108.418072868476
-1.32173009258841,-1.2989840893771,-108.430066394504
-1.32167818898528,-1.29909603401302,-108.442045756289
-1.32162623618302,-1.29920782900868,-108.454010989316
-1.32157423423376,-1.29931947472745,-108.465962128962
-1.32152218318908,-1.29943097153153,-108.4778992105
-1.32147008310001,-1.299542319782,-108.489822269098
-1.32141793401707,-1.29965351983879,-108.501731339816
-1.32136573599026,-1.29976457206071,-108.513626457615
-1.32131348906902,-1.29987547680543,-108.525507657346
-1.32126119330229,-1.29998623442951,-108.537374973761
-1.32120884873849,-1.30009684528836,-108.549228441506
-1.32115645542549,-1.30020730973631,-108.561068095126
-1.32110401341068,-1.30031762812656,-108.57289396906
-1.32105152274089,-1.3004278008112,-108.58470609765
-1.32099898346246,-1.30053782814121,-108.596504515131
-1.32094639562122,-1.30064771046649,-108.608289255639
-1.32089375926246,-1.30075744813583,-108.62006035321
-1.32084107443099,-1.30086704149693,-108.631817841778
-1.32078834117108,-1.30097649089639,-108.643561755175
-1.32073555952651,-1.30108579667975,-108.655292127136
-1.32068272954056,-1.30119495919145,-108.667008991294
-1.32062985125599,-1.30130397877486,-108.678712381185
-1.32057692471506,-1.30141285577227,-108.690402330243
-1.32052394995955,-1.30152159052492,-108.702078871807
-1.3204709270307,-1.30163018337295,-108.713742039116
-1.32041785596929,-1.30173863465549,-108.725391865309
-1.32036473681559,-1.30184694471056,-108.737028383432
-1.32031156960937,-1.30195511387515,-108.748651626431
-1.32025835438991,-1.30206314248521,-108.760261627155
-1.320205091196,-1.30217103087562,-108.771858418357
-1.32015178006594,-1.30227877938023,-108.783442032695
-1.32009842103755,-1.30238638833186,-108.79501250273
-1.32004501414815,-1.30249385806228,-108.806569860928
-1.31999155943457,-1.30260118890223,-108.81811413966
-1.31993805693319,-1.30270838118142,-108.829645371202
-1.31988450667986,-1.30281543522856,-108.841163587735
-1.31983090871,-1.3029223513713,-108.852668821347
-1.3197772630585,-1.30302912993631,-108.864161104033
-1.31972356975981,-1.30313577124922,-108.875640467692
-1.31966982884789,-1.30324227563466,-108.887106944131
-1.31961604035624,-1.30334864341625,-108.898560565067
-1.31956220431785,-1.30345487491662,-108.91000136212
-1.31950832076528,-1.30356097045739,-108.921429366821
-1.3194543897306,-1.30366693035917,-108.932844610609
-1.31940041124542,-1.30377275494162,-108.944247124831
-1.31934638534086,-1.30387844452336,-108.955636940741
-1.31929231204761,-1.30398399942206,-108.967014089506
-1.31923819139587,-1.3040894199544,-108.978378602201
-1.31918402341538,-1.30419470643608,-108.989730509809
-1.31912980813544,-1.30429985918181,-109.001069843225
-1.31907554558485,-1.30440487850536,-109.012396633255
-1.31902123579198,-1.3045097647195,-109.023710910615
-1.31896687878475,-1.30461451813605,-109.035012705932
-1.31891247459061,-1.30471913906588,-109.046302049744
-1.31885802323654,-1.30482362781887,-109.057578972501
-1.3188035247491,-1.30492798470399,-109.068843504567
-1.31874897915437,-1.30503221002921,-109.080095676216
-1.318694386478,-1.30513630410159,-109.091335517635
-1.31863974674517,-1.30524026722722,-109.102563058924
-1.31858505998064,-1.30534409971127,-109.113778330098
-1.3185303262087,-1.30544780185795,-109.124981361084
-1.31847554545321,-1.30555137397055,-109.136172181724
-1.31842071773756,-1.30565481635142,-109.147350821771
-1.31836584308473,-1.30575812930199,-109.158517310897
-1.31831092151725,-1.30586131312275,-109.169671678686
-1.31825595305719,-1.30596436811329,-109.180813954638
-1.3182009377262,-1.30606729457226,-109.191944168168
-1.31814587554549,-1.3061700927974,-109.203062348607
-1.31809076653584,-1.30627276308554,-109.214168525203
-1.31803561071757,-1.30637530573261,-109.225262727117
-1.31798040811059,-1.3064777210336,-109.23634498343
-1.31792515873437,-1.30658000928264,-109.247415323138
-1.31786986260796,-1.30668217077293,-109.258473775156
-1.31781451974994,-1.30678420579679,-109.269520368313
-1.31775913017852,-1.30688611464563,-109.28055513136
-1.31770369391143,-1.30698789760997,-109.291578092963
-1.31764821096601,-1.30708955497946,-109.302589281706
-1.31759268135915,-1.30719108704285,-109.313588726095
-1.31753710510732,-1.30729249408802,-109.324576454551
-1.31748148222659,-1.30739377640194,-109.335552495416
-1.31742581273257,-1.30749493427074,-109.346516876951
-1.31737009664048,-1.30759596797967,-109.357469627337
-1.3173143339651,-1.30769687781309,-109.368410774675
-1.31725852472081,-1.30779766405451,-109.379340346986
-1.31720266892156,-1.30789832698656,-109.390258372211
-1.31714676658088,-1.30799886689104,-109.401164878213
-1.3170908177119,-1.30809928404887,-109.412059892774
-1.31703482232733,-1.3081995787401,-109.4229434436
-1.31697878043945,-1.30829975124395,-109.433815558317
-1.31692269206014,-1.30839980183878,-109.444676264474
-1.31686655720089,-1.30849973080212,-109.455525589539
-1.31681037587274,-1.30859953841062,-109.466363560907
-1.31675414808635,-1.30869922494013,-109.477190205892
-1.31669787385197,-1.30879879066564,-109.488005551733
-1.31664155317943,-1.3088982358613,-109.498809625592
-1.31658518607817,-1.30899756080043,-109.509602454552
-1.3165287725572,-1.30909676575553,-109.520384065624
-1.31647231262516,-1.30919585099827,-109.531154485739
-1.31641580629026,-1.30929481679949,-109.541913741755
-1.31635925356032,-1.30939366342921,-109.552661860453
-1.31630265444276,-1.30949239115662,-109.563398868538
-1.31624600894459,-1.30959100025012,-109.574124792643
-1.31618931707245,-1.30968949097728,-109.584839659324
-1.31613257883254,-1.30978786360484,-109.595543495062
-1.31607579423069,-1.30988611839878,-109.606236326265
-1.31601896327234,-1.30998425562422,-109.616918179267
-1.31596208596251,-1.31008227554552,-109.627589080328
-1.31590516230585,-1.31018017842622,-109.638249055635
-1.31584819230661,-1.31027796452906,-109.6488981313
-1.31579117596863,-1.310375634116,-109.659536333364
-1.31573411329539,-1.31047318744819,-109.670163687795
-1.31567700428995,-1.31057062478599,-109.680780220487
-1.31561984895501,-1.310667946389,-109.691385957263
-1.31556264729285,-1.310765152516,-109.701980923874
-1.3155053993054,-1.31086224342502,-109.712565146
-1.31544810499416,-1.31095921937327,-109.723138649247
-1.31539076436027,-1.31105608061723,-109.733701459151
-1.3153333774045,-1.31115282741258,-109.744253601179
-1.3152759441272,-1.31124946001422,-109.754795100723
-1.31521846452836,-1.3113459786763,-109.765325983109
-1.31516093860758,-1.31144238365219,-109.775846273588
-1.31510336636409,-1.31153867519451,-109.786355997345
-1.31504574779672,-1.3116348535551,-109.796855179494
-1.31498808290393,-1.31173091898505,-109.807343845077
-1.31493037168382,-1.3118268717347,-109.817822019069
-1.31487261413407,-1.31192271205362,-109.828289726375
-1.31481481025203,-1.31201844019064,-109.838746991833
-1.31475696003463,-1.31211405639384,-109.849193840208
-1.31469906347846,-1.31220956091053,-109.859630296201
-1.31464112057971,-1.31230495398732,-109.870056384441
-1.31458313133421,-1.31240023587003,-109.880472129493
-1.31452509573741,-1.31249540680378,-109.89087755585
-1.3144670137844,-1.31259046703292,-109.901272687941
-1.31440888546988,-1.31268541680108,-109.911657550124
-1.31435071078819,-1.31278025635116,-109.922032166694
-1.3142924897333,-1.31287498592533,-109.932396561875
-1.31423422229881,-1.31296960576502,-109.942750759828
-1.31417590847794,-1.31306411611093,-109.953094784645
-1.31411754826356,-1.31315851720307,-109.963428660352
-1.31405914164817,-1.31325280928069,-109.97375241091
-1.31400068862389,-1.31334699258235,-109.984066060214
-1.31394218918249,-1.31344106734586,-109.994369632092
-1.31388364331536,-1.31353503380835,-110.004663150308
-1.31382505101354,-1.31362889220622,-110.014946638562
-1.3137664122677,-1.31372264277517,-110.025220120485
-1.31370772706815,-1.31381628575017,-110.035483619648
-1.31364899540483,-1.31390982136552,-110.045737159553
-1.31359021726733,-1.31400324985477,-110.055980763642
-1.31353139264486,-1.31409657145083,-110.066214455289
-1.3134725215263,-1.31418978638585,-110.076438257807
-1.31341360390014,-1.31428289489132,-110.086652194443
-1.31335463975454,-1.31437589719802,-110.096856288383
-1.31329562907727,-1.31446879353605,-110.107050562747
-1.31323657185578,-1.31456158413482,-110.117235040594
-1.31317746807713,-1.31465426922303,-110.12740974492
-1.31311831772803,-1.31474684902872,-110.137574698656
-1.31305912079486,-1.31483932377923,-110.147729924673
-1.31299987726361,-1.31493169370123,-110.157875445779
-1.31294058711995,-1.3150239590207,-110.168011284721
-1.31288125034916,-1.31511611996295,-110.178137464181
-1.31282186693619,-1.31520817675262,-110.188254006782
-1.31276243686565,-1.31530012961365,-110.198360935085
-1.31270296012176,-1.31539197876934,-110.208458271589
-1.31264343668842,-1.31548372444231,-110.218546038734
-1.31258386654918,-1.31557536685451,-110.228624258896
-1.31252424968721,-1.31566690622722,-110.238692954393
-1.31246458608537,-1.31575834278108,-110.24875214748
-1.31240487572614,-1.31584967673605,-110.258801860355
-1.31234511859166,-1.31594090831142,-110.268842115152
-1.31228531466374,-1.31603203772585,-110.278872933948
-1.31222546392382,-1.31612306519733,-110.28889433876
-1.31216556635301,-1.31621399094321,-110.298906351544
-1.31210562193205,-1.31630481518017,-110.308908994198
-1.31204563064136,-1.31639553812425,-110.31890228856
-1.31198559246101,-1.31648615999084,-110.328886256409
-1.31192550737072,-1.31657668099471,-110.338860919466
-1.31186537534986,-1.31666710134995,-110.348826299393
-1.31180519637747,-1.31675742127002,-110.358782417794
-1.31174497043225,-1.31684764096777,-110.368729296213
-1.31168469749253,-1.31693776065536,-110.378666956139
-1.31162437753633,-1.31702778054437,-110.388595419
-1.31156401054131,-1.31711770084571,-110.398514706169
-1.3115035964848,-1.31720752176967,-110.408424838959
-1.31144313534378,-1.31729724352591,-110.418325838629
-1.3113826270949,-1.31738686632346,-110.428217726376
-1.31132207171446,-1.31747639037074,-110.438100523345
-1.31126146917844,-1.31756581587552,-110.447974250622
-1.31120081946244,-1.31765514304497,-110.457838929236
-1.31114012254178,-1.31774437208563,-110.467694580161
-1.31107937839139,-1.31783350320342,-110.477541224312
-1.31101858698591,-1.31792253660365,-110.487378882552
-1.31095774829959,-1.318011472491,-110.497207575684
-1.31089686230639,-1.31810031106957,-110.507027324459
-1.31083592897992,-1.31818905254282,-110.51683814957
-1.31077494829345,-1.31827769711361,-110.526640071655
-1.3107139202199,-1.31836624498419,-110.536433111297
-1.31065284473189,-1.31845469635621,-110.546217289025
-1.31059172180169,-1.31854305143071,-110.555992625312
-1.31053055140123,-1.31863131040813,-110.565759140576
-1.3104693335021,-1.31871947348831,-110.575516855182
-1.31040806807559,-1.3188075408705,-110.585265789438
-1.31034675509262,-1.31889551275335,-110.595005963602
-1.3102853945238,-1.31898338933489,-110.604737397874
-1.3102239863394,-1.3190711708126,-110.614460112402
-1.31016253050937,-1.31915885738333,-110.62417412728
-1.31010102700332,-1.31924644924337,-110.633879462549
-1.31003947579052,-1.31933394658839,-110.643576138195
-1.30997787683993,-1.31942134961351,-110.653264174154
-1.30991623012016,-1.31950865851324,-110.662943590305
-1.30985453559951,-1.31959587348151,-110.672614406477
-1.30979279324595,-1.31968299471168,-110.682276642446
-1.30973100302709,-1.31977002239652,-110.691930317934
-1.30966916491025,-1.31985695672823,-110.701575452612
-1.30960727886241,-1.31994379789843,-110.711212066098
-1.30954534485021,-1.32003054609815,-110.720840177959
-1.30948336283998,-1.32011720151788,-110.730459807708
-1.30942133279771,-1.32020376434751,-110.74007097481
-1.30935925468907,-1.32029023477637,-110.749673698673
-1.30929712847941,-1.32037661299322,-110.759267998659
-1.30923495413373,-1.32046289918627,-110.768853894076
-1.30917273161672,-1.32054909354313,-110.778431404181
-1.30911046089276,-1.32063519625089,-110.78800054818
-1.30904814192589,-1.32072120749604,-110.797561345228
-1.30898577467981,-1.32080712746453,-110.807113814432
-1.30892335911791,-1.32089295634175,-110.816657974844
-1.30886089520327,-1.32097869431253,-110.826193845469
-1.30879838289863,-1.32106434156114,-110.835721445261
-1.3087358221664,-1.32114989827131,-110.845240793124
-1.30867321296867,-1.3212353646262,-110.854751907912
-1.30861055526723,-1.32132074080843,-110.864254808428
-1.30854784902351,-1.32140602700007,-110.873749513427
-1.30848509419865,-1.32149122338264,-110.883236041615
-1.30842229075344,-1.32157633013711,-110.892714411647
-1.30835943864837,-1.32166134744392,-110.902184642129
-1.3082965378436,-1.32174627548296,-110.911646751621
-1.30823358829897,-1.32183111443356,-110.921100758629
-1.30817058997398,-1.32191586447453,-110.930546681615
-1.30810754282785,-1.32200052578415,-110.93998453899
-1.30804444681943,-1.32208509854013,-110.949414349116
-1.30798130190729,-1.32216958291968,-110.95883613031
-1.30791810804965,-1.32225397909945,-110.968249900836
-1.30785486520443,-1.32233828725557,-110.977655678915
-1.30779157332922,-1.32242250756363,-110.987053482717
-1.30772823238129,-1.3225066401987,-110.996443330364
-1.3076648423176,-1.32259068533531,-111.005825239933
-1.30760140309478,-1.32267464314748,-111.015199229451
-1.30753791466913,-1.32275851380869,-111.0245653169
-1.30747437699666,-1.3228422974919,-111.033923520212
-1.30741079003305,-1.32292599436955,-111.043273857275
-1.30734715373363,-1.32300960461355,-111.052616345928
-1.30728346805346,-1.3230931283953,-111.061951003964
-1.30721973294726,-1.32317656588567,-111.071277849129
-1.30715594836942,-1.32325991725503,-111.080596899124
-1.30709211427402,-1.32334318267321,-111.089908171602
-1.30702823061484,-1.32342636230956,-111.09921168417
-1.30696429734531,-1.32350945633288,-111.108507454389
-1.30690031441857,-1.32359246491148,-111.117795499774
-1.30683628178743,-1.32367538821316,-111.127075837796
-1.30677219940438,-1.3237582264052,-111.136348485878
-1.3067080672216,-1.32384097965438,-111.145613461398
-1.30664388519095,-1.32392364812697,-111.154870781689
-1.30657965326397,-1.32400623198874,-111.164120464039
-1.30651537139189,-1.32408873140494,-111.17336252569
-1.30645103952561,-1.32417114654035,-111.18259698384
-1.30638665761572,-1.32425347755921,-111.191823855641
-1.30632222561251,-1.3243357246253,-111.2010431582
-1.30625774346593,-1.32441788790186,-111.210254908581
-1.30619321112562,-1.32449996755167,-111.219459123803
-1.30612862854091,-1.32458196373699,-111.22865582084
-1.30606399566081,-1.3246638766196,-111.237845016621
-1.30599931243401,-1.32474570636077,-111.247026728032
-1.30593457880889,-1.3248274531213,-111.256200971916
-1.30586979473351,-1.32490911706148,-111.26536776507
-1.30580496015562,-1.32499069834111,-111.274527124248
-1.30574007502265,-1.32507219711953,-111.283679066161
-1.3056751392817,-1.32515361355556,-111.292823607476
-1.30561015287959,-1.32523494780754,-111.301960764817
-1.30554511576279,-1.32531620003334,-111.311090554763
-1.30548002787746,-1.32539737039034,-111.320212993853
-1.30541488916947,-1.32547845903543,-111.329328098579
-1.30534969958434,-1.32555946612503,-111.338435885394
-1.3052844590673,-1.32564039181508,-111.347536370706
-1.30521916756325,-1.32572123626103,-111.35662957088
-1.30515382501678,-1.32580199961786,-111.365715502241
-1.30508843137216,-1.32588268204007,-111.374794181068
-1.30502298657336,-1.3259632836817,-111.3838656236
-1.30495749056402,-1.3260438046963,-111.392929846034
-1.30489194328746,-1.32612424523695,-111.401986864524
-1.3048263446867,-1.32620460545626,-111.411036695182
-1.30476069470444,-1.32628488550637,-111.420079354078
-1.30469499328306,-1.32636508553895,-111.429114857241
-1.30462924036462,-1.32644520570521,-111.438143220659
-1.30456343589087,-1.32652524615588,-111.447164460276
-1.30449757980326,-1.32660520704124,-111.456178591996
-1.3044316720429,-1.32668508851109,-111.465185631684
-1.30436571255061,-1.32676489071477,-111.474185595159
-1.30429970126686,-1.32684461380116,-111.483178498204
-1.30423363813183,-1.32692425791868,-111.492164356557
-1.30416752308539,-1.32700382321529,-111.501143185918
-1.30410135606708,-1.3270833098385,-111.510115001944
-1.30403513701612,-1.32716271793534,-111.519079820254
-1.30396886587143,-1.32724204765239,-111.528037656423
-1.30390254257161,-1.3273212991358,-111.536988525989
-1.30383616705493,-1.32740047253122,-111.545932444448
-1.30376973925937,-1.32747956798389,-111.554869427257
-1.30370325912257,-1.32755858563858,-111.563799489831
-1.30363672658187,-1.32763752563959,-111.572722647546
-1.30357014157428,-1.3277163881308,-111.581638915738
-1.30350350403651,-1.32779517325562,-111.590548309705
-1.30343681390495,-1.32787388115703,-111.599450844703
-1.30337007111566,-1.32795251197754,-111.608346535949
-1.3033032756044,-1.32803106585924,-111.617235398621
-1.3032364273066,-1.32810954294375,-111.626117447858
-1.3031695261574,-1.32818794337225,-111.634992698759
-1.30310257209159,-1.3282662672855,-111.643861166384
-1.30303556504366,-1.3283445148238,-111.652722865755
-1.30296850494779,-1.32842268612699,-111.661577811853
-1.30290139173782,-1.32850078133452,-111.670426019622
-1.3028342253473,-1.32857880058535,-111.679267503968
-1.30276700570945,-1.32865674401802,-111.688102279755
-1.30269973275717,-1.32873461177065,-111.696930361811
-1.30263240642305,-1.32881240398091,-111.705751764927
-1.30256502663936,-1.32889012078603,-111.714566503852
-1.30249759333805,-1.3289677623228,-111.723374593299
-1.30243010645075,-1.3290453287276,-111.732176047942
-1.30236256590879,-1.32912282013637,-111.740970882419
-1.30229497164315,-1.3292002366846,-111.749759111328
-1.30222732358453,-1.32927757850737,-111.758540749229
-1.30215962166328,-1.32935484573932,-111.767315810647
-1.30209186580945,-1.32943203851467,-111.776084310065
-1.30202405595276,-1.32950915696721,-111.784846261932
-1.30195619202263,-1.3295862012303,-111.793601680658
-1.30188827394813,-1.32966317143688,-111.802350580617
-1.30182030165804,-1.32974006771945,-111.811092976144
-1.3017522750808,-1.32981689021011,-111.819828881538
-1.30168419414456,-1.32989363904051,-111.82855831106
-1.30161605877711,-1.32997031434191,-111.837281278936
-1.30154786890596,-1.33004691624512,-111.845997799353
-1.30147962445827,-1.33012344488055,-111.854707886462
-1.30141132536089,-1.33019990037817,-111.863411554377
-1.30134297154036,-1.33027628286756,-111.872108817177
-1.30127456292289,-1.33035259247785,-111.880799688901
-1.30120609943436,-1.33042882933778,-111.889484183556
-1.30113758100035,-1.33050499357567,-111.89816231511
-1.3010690075461,-1.3305810853194,-111.906834097494
-1.30100037899653,-1.33065710469647,-111.915499544605
-1.30093169527627,-1.33073305183395,-111.924158670303
-1.30086295630958,-1.3308089268585,-111.932811488411
-1.30079416202043,-1.33088472989637,-111.941458012719
-1.30072531233246,-1.33096046107338,-111.950098256979
-1.30065640716899,-1.33103612051498,-111.958732234906
-1.300587446453,-1.33111170834619,-111.967359960183
-1.30051843010718,-1.3311872246916,-111.975981446455
-1.30044935805386,-1.33126266967543,-111.984596707331
-1.30038023021508,-1.33133804342147,-111.993205756388
-1.30031104651253,-1.33141334605312,-112.001808607163
-1.30024180686758,-1.33148857769335,-112.010405273161
-1.3001725112013,-1.33156373846477,-112.018995767852
-1.30010315943441,-1.33163882848953,-112.027580104669
-1.30003375148732,-1.33171384788942,-112.036158297012
-1.29996428728009,-1.33178879678582,-112.044730358246
-1.29989476673249,-1.3318636752997,-112.053296301698
-1.29982518976394,-1.33193848355164,-112.061856140666
-1.29975555629354,-1.3320132216618,-112.070409888408
-1.29968586624007,-1.33208788974997,-112.07895755815
-1.29961611952197,-1.33216248793553,-112.087499163085
-1.29954631605737,-1.33223701633745,-112.096034716368
-1.29947645576407,-1.33231147507433,-112.104564231123
-1.29940653855953,-1.33238586426435,-112.113087720437
-1.29933656436088,-1.33246018402531,-112.121605197365
-1.29926653308495,-1.3325344344746,-112.130116674928
-1.29919644464822,-1.33260861572925,-112.138622166112
-1.29912629896683,-1.33268272790586,-112.147121683869
-1.29905609595662,-1.33275677112066,-112.155615241117
-1.29898583553309,-1.33283074548947,-112.164102850742
-1.29891551761139,-1.33290465112776,-112.172584525595
-1.29884514210637,-1.33297848815055,-112.181060278494
-1.29877470893253,-1.33305225667253,-112.189530122222
-1.29870421800405,-1.33312595680797,-112.19799406953
-1.29863366923477,-1.33319958867075,-112.206452133136
-1.29856306253821,-1.33327315237437,-112.214904325724
-1.29849239782756,-1.33334664803196,-112.223350659944
-1.29842167501565,-1.33342007575624,-112.231791148415
-1.298350894015,-1.33349343565956,-112.240225803721
-1.29828005473781,-1.33356672785388,-112.248654638414
-1.29820915709592,-1.33363995245077,-112.257077665013
-1.29813820100085,-1.33371310956143,-112.265494896003
-1.29806718636379,-1.33378619929668,-112.273906343838
-1.29799611309558,-1.33385922176695,-112.282312020939
-1.29792498110673,-1.33393217708228,-112.290711939693
-1.29785379030744,-1.33400506535235,-112.299106112456
-1.29778254060754,-1.33407788668646,-112.307494551551
-1.29771123191653,-1.33415064119351,-112.315877269268
-1.29763986414361,-1.33422332898203,-112.324254277865
-1.29756843719758,-1.3342959501602,-112.332625589569
-1.29749695098697,-1.33436850483578,-112.340991216572
-1.29742540541992,-1.33444099311618,-112.349351171038
-1.29735380040426,-1.33451341510843,-112.357705465094
-1.29728213584748,-1.33458577091918,-112.36605411084
-1.29721041165671,-1.33465806065472,-112.374397120339
-1.29713862773877,-1.33473028442094,-112.382734505627
-1.29706678400012,-1.33480244232339,-112.391066278706
-1.29699488034689,-1.33487453446721,-112.399392451544
-1.29692291668486,-1.33494656095721,-112.407713036082
-1.29685089291948,-1.33501852189779,-112.416028044226
-1.29677880895586,-1.335090417393,-112.424337487852
-1.29670666469874,-1.33516224754652,-112.432641378804
-1.29663446005256,-1.33523401246165,-112.440939728894
-1.29656219492139,-1.33530571224133,-112.449232549904
-1.29648986920896,-1.33537734698812,-112.457519853584
-1.29641748281865,-1.33544891680424,-112.465801651654
-1.29634503565352,-1.33552042179151,-112.474077955799
-1.29627252761627,-1.3355918620514,-112.482348777679
-1.29619995860925,-1.335663237685,-112.490614128917
-1.29612732853446,-1.33573454879306,-112.49887402111
-1.29605463729357,-1.33580579547594,-112.50712846582
-1.2959818847879,-1.33587697783365,-112.515377474582
-1.29590907091842,-1.33594809596583,-112.523621058896
-1.29583619558574,-1.33601914997176,-112.531859230236
-1.29576325869015,-1.33609013995034,-112.540092000041
-1.29569026013155,-1.33616106600014,-112.548319379722
-1.29561719980954,-1.33623192821933,-112.55654138066
-1.29554407762333,-1.33630272670576,-112.564758014203
-1.29547089347179,-1.33637346155689,-112.572969291671
-1.29539764725346,-1.33644413286982,-112.581175224353
-1.29532433886651,-1.3365147407413,-112.589375823506
-1.29525096820874,-1.33658528526772,-112.597571100359
-1.29517753517764,-1.33665576654512,-112.60576106611
-1.29510403967032,-1.33672618466915,-112.613945731927
-1.29503048158354,-1.33679653973513,-112.622125108948
-1.29495686081371,-1.33686683183802,-112.630299208281
-1.29488317725688,-1.33693706107241,-112.638468041003
-1.29480943080874,-1.33700722753255,-112.646631618163
-1.29473562136465,-1.33707733131233,-112.654789950779
-1.29466174881957,-1.33714737250526,-112.66294304984
-1.29458781306816,-1.33721735120453,-112.671090926304
-1.29451381400466,-1.33728726750295,-112.679233591101
-1.294439751523,-1.337357121493,-112.687371055129
-1.29436562551674,-1.33742691326678,-112.695503329259
-1.29429143587906,-1.33749664291606,-112.703630424332
-1.2942171825028,-1.33756631053223,-112.711752351158
-1.29414286528044,-1.33763591620636,-112.71986912052
-1.29406848410408,-1.33770546002914,-112.727980743168
-1.29399403886549,-1.33777494209092,-112.736087229827
-1.29391952945604,-1.33784436248171,-112.74418859119
-1.29384495576678,-1.33791372129115,-112.752284837922
-1.29377031768835,-1.33798301860853,-112.760375980658
-1.29369561511106,-1.33805225452281,-112.768462030004
-1.29362084792484,-1.33812142912258,-112.776542996539
-1.29354601601926,-1.3381905424961,-112.78461889081
-1.29347111928353,-1.33825959473126,-112.792689723336
-1.29339615760648,-1.33832858591561,-112.800755504609
-1.29332113087657,-1.33839751613637,-112.80881624509
-1.29324603898191,-1.33846638548038,-112.816871955212
-1.29317088181023,-1.33853519403415,-112.824922645379
-1.29309565924889,-1.33860394188385,-112.832968325967
-1.29302037118489,-1.3386726291153,-112.841009007323
-1.29294501750484,-1.33874125581396,-112.849044699765
-1.292869598095,-1.33880982206496,-112.857075413583
-1.29279411284124,-1.33887832795308,-112.865101159037
-1.29271856162907,-1.33894677356275,-112.873121946362
-1.29264294434363,-1.33901515897806,-112.88113778576
-1.29256726086967,-1.33908348428276,-112.88914868741
-1.29249151109157,-1.33915174956025,-112.897154661457
-1.29241569489334,-1.33921995489358,-112.905155718022
-1.29233981215862,-1.33928810036547,-112.913151867195
-1.29226386277065,-1.3393561860583,-112.921143119041
-1.29218784661233,-1.33942421205409,-112.929129483593
-1.29211176356614,-1.33949217843453,-112.93711097086
-1.2920356135142,-1.33956008528096,-112.945087590818
-1.29195939633826,-1.33962793267439,-112.95305935342
-1.29188311191968,-1.33969572069548,-112.961026268589
-1.29180676013943,-1.33976344942455,-112.968988346218
-1.29173034087811,-1.33983111894159,-112.976945596176
-1.29165385401594,-1.33989872932622,-112.984898028301
-1.29157729943274,-1.33996628065776,-112.992845652405
-1.29150067700796,-1.34003377301515,-113.000788478271
-1.29142398662067,-1.34010120647703,-113.008726515656
-1.29134722814954,-1.34016858112167,-113.016659774287
-1.29127040147285,-1.34023589702702,-113.024588263866
-1.29119350646851,-1.34030315427068,-113.032511994065
-1.29111654301404,-1.34037035292992,-113.040430974531
-1.29103951098656,-1.34043749308166,-113.04834521488
-1.2909624102628,-1.34050457480249,-113.056254724704
-1.29088524071911,-1.34057159816867,-113.064159513565
-1.29080800223144,-1.3406385632561,-113.072059591
-1.29073069467536,-1.34070547014037,-113.079954966516
-1.29065331792603,-1.34077231889672,-113.087845649595
-1.29057587185823,-1.34083910960005,-113.09573164969
-1.29049835634635,-1.34090584232493,-113.103612976228
-1.29042077126436,-1.34097251714559,-113.111489638608
-1.29034311648586,-1.34103913413593,-113.119361646202
-1.29026539188404,-1.3411056933695,-113.127229008356
-1.29018759733169,-1.34117219491953,-113.135091734386
-1.29010973270122,-1.34123863885892,-113.142949833584
-1.29003179786462,-1.3413050252602,-113.150803315214
-1.28995379269348,-1.34137135419561,-113.158652188512
-1.28987571705901,-1.34143762573703,-113.166496462688
-1.289797570832,-1.34150383995601,-113.174336146924
-1.28971935388283,-1.34156999692377,-113.182171250378
-1.28964106608151,-1.34163609671118,-113.190001782177
-1.2895627072976,-1.3417021393888,-113.197827751425
-1.2894842774003,-1.34176812502684,-113.205649167195
-1.28940577625837,-1.34183405369518,-113.213466038538
-1.28932720374017,-1.34189992546337,-113.221278374476
-1.28924855971367,-1.34196574040063,-113.229086184002
-1.2891698440464,-1.34203149857584,-113.236889476087
-1.28909105660552,-1.34209720005754,-113.244688259671
-1.28901219725774,-1.34216284491396,-113.25248254367
-1.28893326586938,-1.34222843321298,-113.260272336974
-1.28885426230635,-1.34229396502215,-113.268057648443
-1.28877518643413,-1.34235944040868,-113.275838486914
-1.2886960381178,-1.34242485943948,-113.283614861195
-1.28861681722202,-1.3424902221811,-113.29138678007
-1.28853752361103,-1.34255552869975,-113.299154252295
-1.28845815714867,-1.34262077906133,-113.306917286599
-1.28837871769833,-1.34268597333141,-113.314675891686
-1.28829920512301,-1.34275111157522,-113.322430076233
-1.28821961928528,-1.34281619385764,-113.330179848892
-1.28813996004728,-1.34288122024326,-113.337925218285
-1.28806022727075,-1.34294619079631,-113.345666193012
-1.28798042081699,-1.34301110558069,-113.353402781644
-1.28790054054687,-1.34307596465998,-113.361134992728
-1.28782058632085,-1.34314076809743,-113.368862834782
-1.28774055799896,-1.34320551595594,-113.3765863163
-1.28766045544081,-1.34327020829811,-113.38430544575
-1.28758027850556,-1.34333484518618,-113.392020231572
-1.28750002705197,-1.34339942668208,-113.399730682182
-1.28741970093835,-1.3434639528474,-113.407436805968
-1.28733930002258,-1.34352842374341,-113.415138611293
-1.28725882416213,-1.34359283943104,-113.422836106494
-1.287178273214,-1.34365719997088,-113.430529299882
-1.28709764703478,-1.34372150542322,-113.438218199742
-1.28701694548064,-1.34378575584799,-113.445902814333
-1.28693616840728,-1.34384995130481,-113.453583151888
-1.28685531566998,-1.34391409185296,-113.461259220613
-1.28677438712359,-1.3439781775514,-113.46893102869
-1.2866933826225,-1.34404220845875,-113.476598584275
-1.28661230202068,-1.34410618463331,-113.484261895497
-1.28653114517165,-1.34417010613303,-113.491920970458
-1.28644991192849,-1.34423397301556,-113.499575817238
-1.28636860214383,-1.34429778533819,-113.507226443889
-1.28628721566986,-1.34436154315791,-113.514872858435
-1.28620575235834,-1.34442524653137,-113.522515068879
-1.28612421206055,-1.34448889551487,-113.530153083195
-1.28604259462735,-1.34455249016442,-113.537786909331
-1.28596089990914,-1.34461603053566,-113.545416555211
-1.28587912775588,-1.34467951668392,-113.553042028733
-1.28579727801706,-1.34474294866421,-113.560663337769
-1.28571535054175,-1.34480632653119,-113.568280490165
-1.28563334517852,-1.3448696503392,-113.575893493742
-1.28555126177553,-1.34493292014226,-113.583502356295
-1.28546910018047,-1.34499613599405,-113.591107085594
-1.28538686024055,-1.34505929794791,-113.598707689381
-1.28530454180257,-1.34512240605688,-113.606304175377
-1.28522214471282,-1.34518546037364,-113.613896551274
-1.28513966881716,-1.34524846095055,-113.621484824738
-1.285057113961,-1.34531140783965,-113.629069003412
-1.28497447998925,-1.34537430109265,-113.636649094912
-1.28489176674638,-1.34543714076091,-113.644225106828
-1.2848089740764,-1.34549992689548,-113.651797046727
-1.28472610182285,-1.34556265954708,-113.659364922147
-1.28464314982879,-1.34562533876608,-113.666928740604
-1.28456011793682,-1.34568796460255,-113.674488509585
-1.28447700598907,-1.34575053710621,-113.682044236555
-1.28439381382722,-1.34581305632644,-113.689595928952
-1.28431054129244,-1.34587552231232,-113.697143594187
-1.28422718822545,-1.34593793511257,-113.704687239649
-1.2841437544665,-1.34600029477561,-113.7122268727
-1.28406023985535,-1.34606260134949,-113.719762500675
-1.28397664423129,-1.34612485488198,-113.727294130886
-1.28389296743314,-1.34618705542046,-113.734821770619
-1.28380920929922,-1.34624920301203,-113.742345427134
-1.2837253696674,-1.34631129770343,-113.749865107666
-1.28364144837503,-1.34637333954109,-113.757380819424
-1.28355744525901,-1.34643532857108,-113.764892569594
-1.28347336015574,-1.34649726483917,-113.772400365335
-1.28338919290115,-1.34655914839078,-113.779904213779
-1.28330494333065,-1.346620979271,-113.787404122036
-1.2832206112792,-1.34668275752459,-113.794900097189
-1.28313619658125,-1.34674448319599,-113.802392146296
-1.28305169907075,-1.34680615632928,-113.809880276389
-1.28296711858119,-1.34686777696824,-113.817364494476
-1.28288245494555,-1.34692934515629,-113.824844807539
-1.28279770799629,-1.34699086093655,-113.832321222534
-1.28271287756542,-1.34705232435176,-113.839793746394
-1.28262796348442,-1.34711373544438,-113.847262386024
-1.28254296558428,-1.34717509425651,-113.854727148305
-1.2824578836955,-1.3472364008299,-113.862188040094
-1.28237271764807,-1.347297655206,-113.869645068221
-1.28228746727147,-1.34735885742591,-113.877098239491
-1.28220213239469,-1.3474200075304,-113.884547560684
-1.2821167128462,-1.3474811055599,-113.891993038555
-1.28203120845399,-1.34754215155452,-113.899434679834
-1.28194561904551,-1.34760314555402,-113.906872491226
-1.28185994444771,-1.34766408759783,-113.914306479408
-1.28177418448705,-1.34772497772504,-113.921736651036
-1.28168833898945,-1.34778581597443,-113.929163012738
-1.28160240778033,-1.34784660238442,-113.936585571116
-1.28151639068459,-1.3479073369931,-113.944004332751
-1.28143028752663,-1.34796801983823,-113.951419304194
-1.2813440981303,-1.34802865095723,-113.958830491973
-1.28125782231895,-1.34808923038717,-113.966237902591
-1.28117145991542,-1.34814975816482,-113.973641542525
-1.28108501074202,-1.34821023432658,-113.981041418227
-1.28099847462051,-1.34827065890853,-113.988437536125
-1.28091185137217,-1.3483310319464,-113.995829902619
-1.28082514081771,-1.34839135347559,-114.003218524085
-1.28073834277735,-1.34845162353117,-114.010603406876
-1.28065145707076,-1.34851184214787,-114.017984557316
-1.28056448351707,-1.34857200936006,-114.025361981707
-1.2804774219349,-1.3486321252018,-114.032735686324
-1.28039027214233,-1.3486921897068,-114.040105677416
-1.28030303395689,-1.34875220290842,-114.047471961209
-1.28021570719558,-1.3488121648397,-114.054834543902
-1.28012829167488,-1.34887207553334,-114.062193431669
-1.2800407872107,-1.34893193502167,-114.06954863066
-1.27995319361843,-1.34899174333672,-114.076900146997
-1.2798655107129,-1.34905150051015,-114.084247986779
-1.27977773830842,-1.3491112065733,-114.09159215608
-1.27968987621874,-1.34917086155715,-114.098932660946
-1.27960192425704,-1.34923046549235,-114.106269507401
-1.27951388223599,-1.34929001840921,-114.113602701441
-1.27942574996769,-1.34934952033769,-114.120932249039
-1.27933752726368,-1.34940897130741,-114.12825815614
-1.27924921393495,-1.34946837134765,-114.135580428665
-1.27916080979196,-1.34952772048734,-114.14289907251
-1.27907231464457,-1.34958701875507,-114.150214093546
-1.27898372830211,-1.3496462661791,-114.157525497617
-1.27889505057335,-1.34970546278732,-114.164833290543
-1.27880628126648,-1.34976460860729,-114.172137478117
-1.27871742018914,-1.34982370366623,-114.179438066108
-1.2786284671484,-1.349882747991,-114.18673506026
-1.27853942195076,-1.34994174160813,-114.194028466291
-1.27845028440216,-1.35000068454378,-114.201318289891
-1.27836105430796,-1.35005957682379,-114.208604536729
-1.27827173147295,-1.35011841847365,-114.215887212446
-1.27818231570137,-1.35017720951847,-114.223166322656
-1.27809280679684,-1.35023594998306,-114.230441872951
-1.27800320456243,-1.35029463989185,-114.237713868896
-1.27791350880064,-1.35035327926892,-114.244982316029
-1.27782371931337,-1.35041186813802,-114.252247219864
-1.27773383590195,-1.35047040652254,-114.259508585889
-1.27764385836711,-1.35052889444552,-114.266766419566
-1.27755378650901,-1.35058733192964,-114.274020726333
-1.27746362012723,-1.35064571899725,-114.2812715116
-1.27737335902073,-1.35070405567034,-114.288518780753
-1.27728300298792,-1.35076234197054,-114.295762539152
-1.27719255182658,-1.35082057791914,-114.30300279213
-1.27710200533392,-1.35087876353706,-114.310239544998
-1.27701136330654,-1.35093689884488,-114.317472803036
-1.27692062554045,-1.35099498386282,-114.324702571502
-1.27682979183105,-1.35105301861077,-114.331928855628
-1.27673886197316,-1.35111100310822,-114.339151660618
-1.27664783576098,-1.35116893737434,-114.346370991653
-1.2765567129881,-1.35122682142794,-114.353586853886
-1.27646549344752,-1.35128465528746,-114.360799252445
-1.27637417693162,-1.35134243897099,-114.368008192432
-1.27628276323217,-1.35140017249626,-114.375213678923
-1.27619125214032,-1.35145785588066,-114.382415716969
-1.27609964344663,-1.35151548914119,-114.389614311593
-1.27600793694102,-1.35157307229452,-114.396809467795
-1.27591613241281,-1.35163060535695,-114.404001190546
-1.27582422965068,-1.35168808834441,-114.411189484793
-1.2757322284427,-1.35174552127249,-114.418374355456
-1.27564012857633,-1.3518029041564,-114.42555580743
-1.27554792983837,-1.35186023701099,-114.432733845582
-1.27545563201502,-1.35191751985077,-114.439908474754
-1.27536323489184,-1.35197475268986,-114.447079699763
-1.27527073825377,-1.35203193554203,-114.454247525398
-1.27517814188511,-1.35208906842068,-114.461411956423
-1.27508544556951,-1.35214615133885,-114.468572997574
-1.27499264909,-1.35220318430923,-114.475730653563
-1.27489975222897,-1.35226016734411,-114.482884929075
-1.27480675476816,-1.35231710045543,-114.490035828768
-1.27471365648868,-1.35237398365478,-114.497183357274
-1.27462045717098,-1.35243081695336,-114.504327519199
-1.27452715659488,-1.35248760036201,-114.511468319123
-1.27443375453953,-1.3525443338912,-114.518605761597
-1.27434025078345,-1.35260101755103,-114.525739851148
-1.27424664510449,-1.35265765135123,-114.532870592277
-1.27415293727986,-1.35271423530117,-114.539997989456
-1.27405912708609,-1.35277076940983,-114.547122047133
-1.27396521429908,-1.35282725368583,-114.554242769728
-1.27387119869404,-1.35288368813741,-114.561360161634
-1.27377708004554,-1.35294007277244,-114.568474227219
-1.27368285812748,-1.35299640759843,-114.575584970821
-1.27358853271308,-1.35305269262249,-114.582692396756
-1.2734941035749,-1.35310892785136,-114.58979650931
-1.27339957048483,-1.35316511329143,-114.596897312742
-1.27330493321407,-1.35322124894867,-114.603994811285
-1.27321019153317,-1.35327733482872,-114.611089009147
-1.27311534521198,-1.3533333709368,-114.618179910506
-1.27302039401968,-1.35338935727778,-114.625267519514
-1.27292533772477,-1.35344529385613,-114.632351840297
-1.27283017609506,-1.35350118067595,-114.639432876953
-1.27273490889768,-1.35355701774097,-114.646510633553
-1.27263953589905,-1.35361280505451,-114.653585114143
-1.27254405686492,-1.35366854261952,-114.660656322737
-1.27244847156035,-1.35372423043859,-114.667724263327
-1.27235277974969,-1.35377986851388,-114.674788939875
-1.2722569811966,-1.35383545684721,-114.681850356316
-1.27216107566403,-1.35389099543999,-114.688908516558
-1.27206506291424,-1.35394648429324,-114.695963424481
-1.27196894270879,-1.35400192340761,-114.70301508394
-1.27187271480852,-1.35405731278334,-114.71006349876
-1.27177637897356,-1.35411265242031,-114.717108672739
-1.27167993496334,-1.35416794231798,-114.724150609647
-1.27158338253656,-1.35422318247544,-114.731189313229
-1.27148672145124,-1.35427837289138,-114.738224787199
-1.27138995146463,-1.35433351356411,-114.745257035246
-1.27129307233331,-1.35438860449152,-114.75228606103
-1.2711960838131,-1.35444364567113,-114.759311868183
-1.2710989856591,-1.35449863710006,-114.76633446031
-1.27100177762572,-1.35455357877503,-114.773353840987
-1.27090445946658,-1.35460847069237,-114.780370013764
-1.27080703093463,-1.35466331284801,-114.787382982162
-1.27070949178203,-1.35471810523748,-114.794392749672
-1.27061184176024,-1.35477284785591,-114.801399319762
-1.27051408061996,-1.35482754069802,-114.808402695866
-1.27041620811117,-1.35488218375817,-114.815402881394
-1.27031822398308,-1.35493677703026,-114.822399879726
-1.27022012798418,-1.35499132050784,-114.829393694215
-1.27012191986218,-1.35504581418401,-114.836384328184
-1.27002359936407,-1.35510025805151,-114.843371784929
-1.26992516623607,-1.35515465210265,-114.850356067716
-1.26982662022364,-1.35520899632933,-114.857337179785
-1.26972796107149,-1.35526329072305,-114.864315124346
-1.26962918852357,-1.3553175352749,-114.87128990458
-1.26953030232305,-1.35537172997558,-114.87826152364
-1.26943130221235,-1.35542587481534,-114.885229984651
-1.26933218793312,-1.35547996978405,-114.892195290708
-1.26923295922623,-1.35553401487117,-114.899157444877
-1.26913361583177,-1.35558801006572,-114.906116450196
-1.26903415748909,-1.35564195535633,-114.913072309675
-1.26893458393671,-1.35569585073121,-114.920025026293
-1.26883489491241,-1.35574969617815,-114.926974603002
-1.26873509015316,-1.35580349168452,-114.933921042723
-1.26863516939516,-1.35585723723728,-114.940864348348
-1.2685351323738,-1.35591093282297,-114.947804522742
-1.26843497882369,-1.35596457842769,-114.954741568738
-1.26833470847866,-1.35601817403716,-114.961675489142
-1.26823432107171,-1.35607171963664,-114.968606286728
-1.26813381633507,-1.35612521521098,-114.975533964243
-1.26803319400016,-1.35617866074461,-114.982458524404
-1.26793245379757,-1.35623205622153,-114.989379969897
-1.26783159545712,-1.35628540162531,-114.996298303379
-1.26773061870779,-1.3563386969391,-115.003213527478
-1.26762952327776,-1.35639194214563,-115.010125644792
-1.26752830889438,-1.35644513722716,-115.017034657888
-1.26742697528421,-1.35649828216557,-115.023940569305
-1.26732552217296,-1.35655137694228,-115.030843381551
-1.26722394928552,-1.35660442153828,-115.037743097103
-1.26712225634597,-1.35665741593413,-115.04463971841
-1.26702044307754,-1.35671036010994,-115.051533247888
-1.26691850920263,-1.35676325404542,-115.058423687926
-1.26681645444281,-1.3568160977198,-115.06531104088
-1.26671427851881,-1.3568688911119,-115.072195309077
-1.26661198115053,-1.35692163420008,-115.079076494814
-1.266509562057,-1.35697432696227,-115.085954600355
-1.26640702095642,-1.35702696937596,-115.092829627936
-1.26630435756614,-1.35707956141819,-115.099701579761
-1.26620157160265,-1.35713210306556,-115.106570458003
-1.26609866278159,-1.35718459429422,-115.113436264807
-1.26599563081774,-1.35723703507988,-115.120299002282
-1.26589247542501,-1.35728942539778,-115.12715867251
-1.26578919631647,-1.35734176522274,-115.134015277541
-1.26568579320428,-1.3573940545291,-115.140868819393
-1.26558226579978,-1.35744629329079,-115.147719300054
-1.26547861381339,-1.35749848148123,-115.15456672148
-1.26537483695469,-1.35755061907344,-115.161411085595
-1.26527093493236,-1.35760270603994,-115.168252394293
-1.26516690745419,-1.35765474235282,-115.175090649435
-1.26506275422711,-1.3577067279837,-115.181925852852
-1.26495847495715,-1.35775866290374,-115.188758006341
-1.26485406934944,-1.35781054708365,-115.19558711167
-1.26474953710822,-1.35786238049367,-115.202413170573
-1.26464487793683,-1.35791416310357,-115.209236184753
-1.26454009153772,-1.35796589488266,-115.21605615588
-1.26443517761242,-1.35801757579979,-115.222873085594
-1.26433013586157,-1.35806920582333,-115.229686975501
-1.26422496598489,-1.35812078492119,-115.236497827174
-1.26411966768118,-1.3581723130608,-115.243305642156
-1.26401424064834,-1.35822379020913,-115.250110421956
-1.26390868458333,-1.35827521633267,-115.256912168051
-1.26380299918219,-1.35832659139744,-115.263710881884
-1.26369718414007,-1.35837791536897,-115.270506564868
-1.26359123915113,-1.35842918821233,-115.27729921838
-1.26348516390865,-1.3584804098921,-115.284088843767
-1.26337895810494,-1.35853158037238,-115.290875442341
-1.26327262143138,-1.3585826996168,-115.297659015381
-1.26316615357843,-1.35863376758849,-115.304439564135
-1.26305955423556,-1.35868478425011,-115.311217089814
-1.26295282309134,-1.35873574956381,-115.3179915936
-1.26284595983335,-1.35878666349129,-115.324763076637
-1.26273896414822,-1.35883752599372,-115.33153154004
-1.26263183572164,-1.35888833703181,-115.338296984886
-1.26252457423831,-1.35893909656576,-115.345059412221
-1.262417179382,-1.35898980455528,-115.351818823057
-1.26230965083548,-1.3590404609596,-115.358575218371
-1.26220198828055,-1.35909106573743,-115.365328599106
-1.26209419139805,-1.35914161884699,-115.372078966172
-1.26198625986783,-1.35919212024601,-115.378826320444
-1.26187819336875,-1.3592425698917,-115.385570662762
-1.2617699915787,-1.35929296774079,-115.392311993933
-1.26166165417457,-1.35934331374948,-115.399050314728
-1.26155318083225,-1.35939360787348,-115.405785625885
-1.26144457122665,-1.35944385006799,-115.412517928105
-1.26133582503166,-1.35949404028769,-115.419247222055
-1.26122694192018,-1.35954417848677,-115.42597350837
-1.2611179215641,-1.35959426461889,-115.432696787644
-1.26100876363429,-1.35964429863719,-115.439417060442
-1.26089946780062,-1.35969428049432,-115.446134327289
-1.26079003373192,-1.35974421014238,-115.452848588677
-1.26068046109602,-1.35979408753298,-115.459559845061
-1.26057074955971,-1.35984391261719,-115.466268096863
-1.26046089878876,-1.35989368534556,-115.472973344466
-1.26035090844789,-1.35994340566812,-115.47967558822
-1.2602407782008,-1.35999307353437,-115.486374828437
-1.26013050771015,-1.36004268889329,-115.493071065393
-1.26002009663754,-1.36009225169332,-115.49976429933
-1.25990954464353,-1.36014176188237,-115.50645453045
-1.25979885138764,-1.36019121940782,-115.513141758923
-1.25968801652832,-1.36024062421652,-115.519825984879
-1.25957703972295,-1.36028997625477,-115.526507208413
-1.25946592062788,-1.36033927546833,-115.533185429582
-1.25935465889836,-1.36038852180245,-115.539860648408
-1.25924325418859,-1.3604377152018,-115.546532864874
-1.25913170615168,-1.36048685561053,-115.553202078926
-1.25902001443968,-1.36053594297223,-115.559868290476
-1.25890817870354,-1.36058497722995,-115.566531499393
-1.25879619859312,-1.36063395832619,-115.573191705514
-1.25868407375721,-1.36068288620289,-115.579848908635
-1.25857180384349,-1.36073176080145,-115.586503108515
-1.25845938849855,-1.36078058206271,-115.593154304876
-1.25834682736787,-1.36082934992695,-115.599802497401
-1.25823412009583,-1.36087806433388,-115.606447685735
-1.25812126632569,-1.36092672522268,-115.613089869486
-1.2580082656996,-1.36097533253193,-115.619729048221
-1.25789511785861,-1.36102388619968,-115.626365221471
-1.25778182244262,-1.36107238616338,-115.632998388727
-1.25766837909041,-1.36112083235994,-115.639628549442
-1.25755478743963,-1.36116922472567,-115.646255703029
-1.25744104712682,-1.36121756319634,-115.652879848864
-1.25732715778733,-1.36126584770712,-115.659500986281
-1.25721311905542,-1.36131407819262,-115.666119114577
-1.25709893056416,-1.36136225458684,-115.672734233009
-1.2569845919455,-1.36141037682325,-115.679346340794
-1.25687010283021,-1.36145844483469,-115.685955437108
-1.25675546284791,-1.36150645855344,-115.69256152109
-1.25664067162707,-1.36155441791118,-115.699164591837
-1.25652572879496,-1.36160232283901,-115.705764648407
-1.2564106339777,-1.36165017326744,-115.712361689816
-1.25629538680022,-1.36169796912637,-115.718955715042
-1.25617998688629,-1.36174571034513,-115.725546723019
-1.25606443385846,-1.36179339685243,-115.732134712644
-1.25594872733812,-1.36184102857638,-115.738719682772
-1.25583286694545,-1.36188860544452,-115.745301632214
-1.25571685229944,-1.36193612738373,-115.751880559745
-1.25560068301786,-1.36198359432034,-115.758456464094
-1.25548435871728,-1.36203100618004,-115.765029343951
-1.25536787901306,-1.3620783628879,-115.771599197965
-1.25525124351936,-1.36212566436841,-115.778166024741
-1.25513445184907,-1.36217291054542,-115.784729822844
-1.25501750361391,-1.36222010134217,-115.791290590795
-1.25490039842433,-1.36226723668127,-115.797848327074
-1.25478313588956,-1.36231431648473,-115.80440303012
-1.25466571561759,-1.3623613406739,-115.810954698327
-1.25454813721515,-1.36240830916955,-115.817503330048
-1.25443040028775,-1.36245522189177,-115.824048923591
-1.25431250443962,-1.36250207876007,-115.830591477223
-1.25419444927375,-1.36254887969327,-115.837130989169
-1.25407623439184,-1.36259562460961,-115.843667457606
-1.25395785939436,-1.36264231342664,-115.850200880673
-1.25383932388047,-1.36268894606131,-115.856731256461
-1.25372062744808,-1.3627355224299,-115.86325858302
-1.2536017696938,-1.36278204244806,-115.869782858355
-1.25348275021296,-1.36282850603078,-115.876304080426
-1.25336356859959,-1.3628749130924,-115.88282224715
-1.25324422444645,-1.36292126354662,-115.889337356398
-1.25312471734495,-1.36296755730646,-115.895849405999
-1.25300504688525,-1.36301379428431,-115.902358393734
-1.25288521265615,-1.36305997439188,-115.908864317341
-1.25276521424516,-1.36310609754022,-115.915367174512
-1.25264505123846,-1.36315216363972,-115.921866962894
-1.25252472322091,-1.36319817260009,-115.928363680088
-1.25240422977602,-1.36324412433037,-115.93485732365
-1.25228357048599,-1.36329001873895,-115.94134789109
-1.25216274493166,-1.36333585573351,-115.947835379872
-1.25204175269253,-1.36338163522108,-115.954319787412
-1.25192059334674,-1.36342735710797,-115.960801111081
-1.25179926647108,-1.36347302129986,-115.967279348205
-1.25167777164098,-1.3635186277017,-115.97375449606
-1.2515561084305,-1.36356417621776,-115.980226551877
-1.25143427641233,-1.36360966675162,-115.98669551284
-1.25131227515776,-1.36365509920618,-115.993161376084
-1.25119010423674,-1.36370047348362,-115.999624138698
-1.25106776321779,-1.36374578948543,-116.006083797722
-1.25094525166806,-1.36379104711239,-116.012540350151
-1.25082256915329,-1.36383624626458,-116.018993792927
-1.25069971523783,-1.36388138684137,-116.025444122947
-1.2505766894846,-1.36392646874142,-116.03189133706
-1.25045349145512,-1.36397149186268,-116.038335432064
-1.25033012070948,-1.36401645610236,-116.04477640471
-1.25020657680636,-1.36406136135698,-116.051214251699
-1.25008285930298,-1.36410620752232,-116.057648969682
-1.24995896775515,-1.36415099449343,-116.064080555262
-1.24983490171723,-1.36419572216465,-116.070509004991
-1.24971066074212,-1.36424039042956,-116.076934315373
-1.24958624438129,-1.36428499918103,-116.083356482859
-1.24946165218472,-1.36432954831119,-116.089775503852
-1.24933688370095,-1.36437403771141,-116.096191374704
-1.24921193847704,-1.36441846727234,-116.102604091715
-1.24908681605858,-1.36446283688386,-116.109013651136
-1.24896151598966,-1.36450714643512,-116.115420049166
-1.2488360378129,-1.36455139581451,-116.121823281951
-1.24871038106943,-1.36459558490966,-116.128223345588
-1.24858454529887,-1.36463971360745,-116.134620236122
-1.24845853003932,-1.36468378179398,-116.141013949543
-1.24833233482741,-1.36472778935462,-116.147404481793
-1.24820595919821,-1.36477173617393,-116.153791828757
-1.24807940268531,-1.36481562213572,-116.160175986272
-1.24795266482072,-1.36485944712302,-116.166556950119
-1.24782574513497,-1.3649032110181,-116.172934716026
-1.247698643157,-1.36494691370242,-116.179309279669
-1.24757135841425,-1.36499055505668,-116.18568063667
-1.24744389043257,-1.36503413496077,-116.192048782596
-1.24731623873627,-1.36507765329381,-116.198413712962
-1.24718840284809,-1.36512110993411,-116.204775423227
-1.24706038228919,-1.3651645047592,-116.211133908796
-1.24693217657919,-1.36520783764579,-116.21748916502
-1.24680378523607,-1.36525110846979,-116.223841187195
-1.24667520777627,-1.36529431710632,-116.23018997056
-1.24654644371461,-1.36533746342966,-116.2365355103
-1.24641749256431,-1.36538054731331,-116.242877801545
-1.24628835383699,-1.36542356862993,-116.249216839368
-1.24615902704265,-1.36546652725135,-116.255552618785
-1.24602951168967,-1.36550942304861,-116.261885134758
-1.2458998072848,-1.36555225589188,-116.268214382191
-1.24576991333316,-1.36559502565053,-116.27454035593
-1.24563982933823,-1.36563773219309,-116.280863050766
-1.24550955480185,-1.36568037538723,-116.287182461431
-1.24537908922418,-1.3657229550998,-116.2934985826
-1.24524843210376,-1.3657654711968,-116.29981140889
-1.24511758293744,-1.36580792354337,-116.306120934861
-1.24498654122039,-1.36585031200382,-116.312427155011
-1.24485530644613,-1.36589263644158,-116.318730063784
-1.24472387810646,-1.36593489671922,-116.325029655563
-1.24459225569151,-1.36597709269846,-116.33132592467
-1.2444604386897,-1.36601922424016,-116.337618865369
-1.24432842658776,-1.36606129120428,-116.343908471867
-1.24419621887068,-1.36610329344991,-116.350194738306
-1.24406381502176,-1.3661452308353,-116.356477658772
-1.24393121452255,-1.36618710321776,-116.362757227287
-1.24379841685287,-1.36622891045376,-116.369033437815
-1.24366542149081,-1.36627065239885,-116.375306284258
-1.24353222791272,-1.36631232890771,-116.381575760457
-1.24339883559316,-1.36635393983409,-116.387841860189
-1.24326524400497,-1.36639548503087,-116.394104577173
-1.2431314526192,-1.36643696435,-116.400363905062
-1.24299746090513,-1.36647837764254,-116.40661983745
-1.24286326833025,-1.36651972475863,-116.412872367866
-1.24272887436027,-1.36656100554748,-116.419121489777
-1.24259427845909,-1.36660221985738,-116.425367196585
-1.24245948008883,-1.36664336753572,-116.431609481632
-1.24232447870978,-1.36668444842893,-116.437848338192
-1.24218927378042,-1.36672546238252,-116.444083759476
-1.24205386475738,-1.36676640924105,-116.450315738634
-1.2419182510955,-1.36680728884816,-116.456544268746
-1.24178243224774,-1.36684810104651,-116.46276934283
-1.24164640766524,-1.36688884567785,-116.468990953838
-1.24151017679726,-1.36692952258294,-116.475209094656
-1.24137373909122,-1.3669701316016,-116.481423758105
-1.24123709399266,-1.36701067257268,-116.487634936939
-1.24110024094523,-1.36705114533407,-116.493842623845
-1.24096317939071,-1.36709154972267,-116.500046811444
-1.24082590876899,-1.36713188557442,-116.506247492289
-1.24068842851804,-1.36717215272427,-116.512444658866
-1.24055073807394,-1.3672123510062,-116.518638303593
-1.24041283687084,-1.36725248025318,-116.524828418821
-1.24027472434098,-1.3672925402972,-116.531014996829
-1.24013639991465,-1.36733253096925,-116.537198029832
-1.23999786302022,-1.36737245209931,-116.543377509973
-1.2398591130841,-1.36741230351636,-116.549553429326
-1.23972014953074,-1.36745208504837,-116.555725779895
-1.23958097178264,-1.36749179652227,-116.561894553614
-1.23944157926031,-1.36753143776401,-116.568059742348
-1.23930197138231,-1.36757100859848,-116.574221337889
-1.23916214756518,-1.36761050884956,-116.580379331961
-1.23902210722349,-1.36764993834007,-116.586533716213
-1.23888184976978,-1.36768929689183,-116.592684482224
-1.23874137461461,-1.36772858432557,-116.598831621501
-1.23860068116648,-1.36776780046101,-116.604975125479
-1.23845976883189,-1.3678069451168,-116.611114985519
-1.23831863701531,-1.36784601811051,-116.61725119291
-1.23817728511913,-1.36788501925869,-116.623383738866
-1.23803571254371,-1.36792394837679,-116.629512614529
-1.23789391868735,-1.3679628052792,-116.635637810966
-1.23775190294628,-1.36800158977922,-116.64175931917
-1.23760966471463,-1.36804030168907,-116.647877130058
-1.23746720338446,-1.3680789408199,-116.653991234471
-1.23732451834573,-1.36811750698174,-116.660101623178
-1.23718160898629,-1.36815599998354,-116.666208286869
-1.23703847469189,-1.36819441963314,-116.672311216158
-1.23689511484615,-1.36823276573727,-116.678410401583
-1.23675152883054,-1.36827103810155,-116.684505833605
-1.23660771602442,-1.36830923653049,-116.690597502606
-1.23646367580498,-1.36834736082746,-116.696685398893
-1.23631940754727,-1.3683854107947,-116.702769512692
-1.23617491062415,-1.36842338623333,-116.708849834151
-1.23603018440633,-1.36846128694333,-116.714926353341
-1.23588522826231,-1.36849911272351,-116.720999060251
-1.23574004155842,-1.36853686337157,-116.727067944793
-1.23559462365877,-1.36857453868403,-116.733132996796
-1.23544897392525,-1.36861213845624,-116.73919420601
-1.23530309171756,-1.3686496624824,-116.745251562104
-1.23515697639315,-1.36868711055554,-116.751305054666
-1.23501062730722,-1.3687244824675,-116.757354673202
-1.23486404381274,-1.36876177800895,-116.763400407135
-1.2347172252604,-1.36879899696937,-116.769442245806
-1.23457017099865,-1.36883613913703,-116.775480178474
-1.23442288037365,-1.36887320429901,-116.781514194315
-1.23427535272925,-1.3689101922412,-116.787544282418
-1.23412758740703,-1.36894710274826,-116.793570431792
-1.23397958374627,-1.36898393560363,-116.799592631358
-1.23383134108391,-1.36902069058955,-116.805610869954
-1.23368285875458,-1.36905736748701,-116.811625136333
-1.23353413609056,-1.36909396607578,-116.81763541916
-1.2333851724218,-1.36913048613439,-116.823641707015
-1.23323596707589,-1.3691669274401,-116.829643988392
-1.23308651937805,-1.36920328976896,-116.835642251697
-1.23293682865114,-1.36923957289572,-116.841636485249
-1.2327868942156,-1.36927577659389,-116.847626677277
-1.23263671538952,-1.36931190063572,-116.853612815924
-1.23248629148856,-1.36934794479216,-116.859594889243
-1.23233562182596,-1.36938390883288,-116.865572885199
-1.23218470571255,-1.36941979252629,-116.871546791665
-1.23203354245671,-1.36945559563948,-116.877516596424
-1.23188213136438,-1.36949131793824,-116.883482287171
-1.23173047173904,-1.36952695918707,-116.889443851507
-1.23157856288172,-1.36956251914913,-116.895401276943
-1.23142640409095,-1.3695979975863,-116.901354550896
-1.23127399466279,-1.3696333942591,-116.907303660694
-1.23112133389077,-1.36966870892673,-116.913248593568
-1.23096842106596,-1.36970394134706,-116.919189336657
-1.23081525547687,-1.36973909127661,-116.925125877008
-1.23066183640949,-1.36977415847053,-116.931058201571
-1.23050816314729,-1.36980914268264,-116.936986297202
-1.23035423497115,-1.36984404366539,-116.942910150662
-1.23020005115941,-1.36987886116984,-116.948829748616
-1.23004561098784,-1.3699135949457,-116.954745077632
-1.22989091372962,-1.36994824474126,-116.960656124181
-1.22973595865532,-1.36998281030347,-116.966562874637
-1.22958074503293,-1.37001729137783,-116.972465315278
-1.22942527212779,-1.37005168770846,-116.978363432281
-1.22926953920264,-1.37008599903808,-116.984257211725
-1.22911354551756,-1.37012022510796,-116.99014663959
-1.22895729032999,-1.37015436565798,-116.996031701756
-1.22880077289469,-1.37018842042656,-117.001912384002
-1.22864399246376,-1.37022238915069,-117.007788672006
-1.22848694828662,-1.37025627156592,-117.013660551347
-1.22832963960997,-1.37029006740634,-117.019528007499
-1.22817206567781,-1.37032377640458,-117.025391025835
-1.22801422573143,-1.3703573982918,-117.031249591624
-1.22785611900938,-1.37039093279769,-117.037103690033
-1.22769774474744,-1.37042437965046,-117.042953306124
-1.22753910217869,-1.37045773857683,-117.048798424855
-1.22738019053338,-1.370491009302,-117.054639031077
-1.22722100903901,-1.3705241915497,-117.060475109537
-1.2270615569203,-1.37055728504213,-117.066306644876
-1.22690183339914,-1.37059028949997,-117.072133621627
-1.22674183769462,-1.37062320464239,-117.077956024217
-1.22658156902299,-1.37065603018699,-117.083773836962
-1.22642102659765,-1.37068876584987,-117.089587044075
-1.22626020962918,-1.37072141134555,-117.095395629653
-1.22609911732527,-1.37075396638701,-117.101199577691
-1.22593774889072,-1.37078643068566,-117.106998872066
-1.22577610352747,-1.37081880395132,-117.112793496551
-1.22561418043453,-1.37085108589227,-117.118583434803
-1.22545197880802,-1.37088327621516,-117.124368670369
-1.22528949784109,-1.37091537462505,-117.130149186684
-1.22512673672399,-1.37094738082543,-117.135924967068
-1.224963694644,-1.37097929451814,-117.141695994729
-1.22480037078543,-1.37101111540341,-117.14746225276
-1.22463676432961,-1.37104284317984,-117.153223724138
-1.22447287445487,-1.3710744775444,-117.158980391727
-1.22430870033655,-1.37110601819241,-117.164732238272
-1.22414424114696,-1.37113746481754,-117.170479246403
-1.22397949605538,-1.3711688171118,-117.176221398633
-1.22381446422803,-1.37120007476551,-117.181958677355
-1.2236491448281,-1.37123123746734,-117.187691064846
-1.22348353701568,-1.37126230490425,-117.193418543261
-1.22331763994778,-1.37129327676152,-117.199141094636
-1.22315145277831,-1.37132415272272,-117.204858700888
-1.22298497465808,-1.3713549324697,-117.210571343811
-1.22281820473476,-1.3713856156826,-117.216279005078
-1.22265114215286,-1.37141620203983,-117.221981666239
-1.22248378605378,-1.37144669121804,-117.227679308721
-1.2223161355757,-1.37147708289217,-117.233371913828
-1.22214818985366,-1.37150737673536,-117.239059462739
-1.22197994801948,-1.37153757241902,-117.244741936507
-1.22181140920177,-1.37156766961277,-117.250419316061
-1.22164257252592,-1.37159766798443,-117.256091582201
-1.22147343711408,-1.37162756720007,-117.261758715603
-1.22130400208513,-1.37165736692391,-117.267420696812
-1.22113426655471,-1.3716870668184,-117.273077506247
-1.22096422963515,-1.37171666654413,-117.278729124196
-1.2207938904355,-1.37174616575989,-117.284375530818
-1.22062324806149,-1.37177556412263,-117.290016706142
-1.22045230161552,-1.37180486128744,-117.295652630064
-1.22028105019665,-1.37183405690754,-117.301283282349
-1.22010949290059,-1.37186315063431,-117.306908642629
-1.21993762881967,-1.37189214211724,-117.312528690403
-1.21976545704284,-1.37192103100392,-117.318143405035
-1.21959297665564,-1.37194981694007,-117.323752765754
-1.21942018674019,-1.37197849956949,-117.329356751655
-1.21924708637519,-1.37200707853405,-117.334955341695
-1.21907367463588,-1.37203555347372,-117.340548514694
-1.21889995059404,-1.37206392402651,-117.346136249334
-1.21872591331799,-1.3720921898285,-117.35171852416
-1.21855156187252,-1.37212035051381,-117.357295317575
-1.21837689531894,-1.37214840571459,-117.362866607844
-1.21820191271502,-1.37217635506102,-117.36843237309
-1.21802661311498,-1.37220419818128,-117.373992591295
-1.2178509955695,-1.37223193470156,-117.379547240298
-1.21767505912569,-1.37225956424605,-117.385096297794
-1.21749880282704,-1.37228708643691,-117.390639741335
-1.21732222571347,-1.37231450089429,-117.396177548329
-1.21714532682124,-1.37234180723627,-117.401709696037
-1.21696810518301,-1.3723690050789,-117.407236161573
-1.21679055982777,-1.37239609403618,-117.412756921906
-1.21661268978081,-1.37242307372002,-117.418271953854
-1.21643449406379,-1.37244994374024,-117.42378123409
-1.2162559716946,-1.3724767037046,-117.429284739134
-1.21607712168747,-1.37250335321873,-117.434782445356
-1.21589794305284,-1.37252989188615,-117.440274328976
-1.21571843479743,-1.37255631930825,-117.44576036606
-1.21553859592416,-1.3725826350843,-117.451240532524
-1.21535842543219,-1.3726088388114,-117.456714804127
-1.21517792231685,-1.3726349300845,-117.462183156475
-1.21499708556965,-1.37266090849638,-117.467645565018
-1.21481591417826,-1.37268677363764,-117.473102005048
-1.2146344071265,-1.37271252509668,-117.478552451703
-1.21445256339429,-1.37273816245969,-117.48399687996
-1.2142703819577,-1.37276368531065,-117.489435264638
-1.21408786178883,-1.37278909323131,-117.494867580396
-1.21390500185589,-1.37281438580118,-117.500293801732
-1.21372180112313,-1.3728395625975,-117.505713902982
-1.21353825855084,-1.37286462319528,-117.511127858321
-1.21335437309531,-1.37288956716723,-117.516535641758
-1.21317014370884,-1.37291439408376,-117.521937227138
-1.21298556933971,-1.372939103513,-117.527332588143
-1.21280064893216,-1.37296369502076,-117.532721698286
-1.21261538142637,-1.37298816817053,-117.538104530914
-1.21242976575844,-1.37301252252344,-117.543481059206
-1.21224380086038,-1.3730367576383,-117.548851256169
-1.21205748566008,-1.37306087307153,-117.554215094645
-1.2118708190813,-1.3730848683772,-117.559572547301
-1.21168380004366,-1.37310874310697,-117.564923586633
-1.21149642746259,-1.3731324968101,-117.570268184965
-1.21130870024934,-1.37315612903345,-117.575606314445
-1.21112061731095,-1.37317963932145,-117.580937947049
-1.21093217755022,-1.37320302721607,-117.586263054574
-1.21074337986572,-1.37322629225685,-117.591581608642
-1.21055422315174,-1.37324943398086,-117.596893580697
-1.21036470629827,-1.37327245192268,-117.602198942003
-1.21017482819103,-1.37329534561441,-117.607497663645
-1.20998458771137,-1.37331811458563,-117.612789716527
-1.20979398373631,-1.37334075836341,-117.61807507137
-1.20960301513851,-1.37336327647228,-117.623353698713
-1.20941168078622,-1.37338566843423,-117.628625568911
-1.20921997954331,-1.37340793376869,-117.633890652133
-1.20902791026919,-1.3734300719925,-117.639148918363
-1.20883547181885,-1.37345208261993,-117.644400337397
-1.20864266304278,-1.37347396516263,-117.649644878843
-1.20844948278699,-1.37349571912965,-117.654882512119
-1.20825592989299,-1.37351734402741,-117.660113206453
-1.20806200319775,-1.37353883935966,-117.665336930882
-1.20786770153366,-1.37356020462751,-117.67055365425
-1.20767302372858,-1.3735814393294,-117.675763345206
-1.20747796860572,-1.37360254296107,-117.680965972207
-1.20728253498373,-1.37362351501556,-117.686161503512
-1.20708672167656,-1.37364435498319,-117.691349907182
-1.20689052749354,-1.37366506235155,-117.696531151082
-1.2066939512393,-1.37368563660549,-117.701705202877
-1.20649699171376,-1.37370607722708,-117.70687203003
-1.20629964771212,-1.37372638369563,-117.712031599805
-1.20610191802482,-1.37374655548764,-117.717183879261
-1.20590380143755,-1.37376659207682,-117.722328835254
-1.20570529673116,-1.37378649293403,-117.727466434434
-1.20550640268173,-1.37380625752732,-117.732596643247
-1.20530711806048,-1.37382588532187,-117.737719427927
-1.20510744163376,-1.37384537577999,-117.742834754504
-1.20490737216303,-1.3738647283611,-117.747942588796
-1.20470690840485,-1.37388394252174,-117.753042896409
-1.20450604911087,-1.37390301771549,-117.758135642738
-1.20430479302773,-1.37392195339305,-117.763220792964
-1.20410313889714,-1.37394074900212,-117.768298312053
-1.20390108545577,-1.37395940398746,-117.773368164755
-1.2036986314353,-1.37397791779085,-117.778430315602
-1.20349577556234,-1.37399628985104,-117.783484728909
-1.2032925165584,-1.37401451960381,-117.78853136877
-1.20308885313994,-1.37403260648187,-117.793570199058
-1.20288478401827,-1.37405054991489,-117.798601183423
-1.20268030789955,-1.37406834932949,-117.803624285292
-1.20247542348477,-1.37408600414918,-117.808639467867
-1.20227012946973,-1.37410351379439,-117.813646694123
-1.20206442454502,-1.37412087768243,-117.818645926809
-1.20185830739595,-1.37413809522746,-117.823637128441
-1.20165177670259,-1.3741551658405,-117.82862026131
-1.20144483113969,-1.37417208892941,-117.833595287471
-1.20123746937671,-1.37418886389883,-117.838562168747
-1.20102969007773,-1.37420549015022,-117.843520866729
-1.20082149190147,-1.37422196708182,-117.84847134277
-1.20061287350125,-1.37423829408861,-117.853413557985
-1.20040383352498,-1.37425447056232,-117.858347473252
-1.20019437061509,-1.37427049589141,-117.863273049208
-1.19998448340856,-1.37428636946104,-117.86819024625
-1.19977417053685,-1.37430209065303,-117.873099024532
-1.19956343062591,-1.37431765884591,-117.877999343961
-1.19935226229611,-1.37433307341482,-117.882891164202
-1.19914066416226,-1.37434833373156,-117.88777444467
-1.19892863483353,-1.37436343916451,-117.892649144534
-1.1987161729135,-1.37437838907868,-117.89751522271
-1.19850327700004,-1.37439318283561,-117.902372637866
-1.19828994568535,-1.37440781979342,-117.907221348413
-1.19807617755591,-1.37442229930676,-117.912061312511
-1.19786197119246,-1.37443662072679,-117.916892488062
-1.19764732516995,-1.37445078340116,-117.92171483271
-1.19743223805754,-1.374464786674,-117.926528303842
-1.19721670841856,-1.3744786298859,-117.931332858582
-1.19700073481047,-1.37449231237387,-117.936128453794
-1.19678431578486,-1.37450583347135,-117.940915046077
-1.19656744988739,-1.37451919250815,-117.945692591764
-1.19635013565779,-1.3745323888105,-117.950461046923
-1.1961323716298,-1.37454542170092,-117.955220367353
-1.19591415633118,-1.37455829049832,-117.959970508582
-1.19569548828363,-1.37457099451789,-117.964711425866
-1.19547636600281,-1.37458353307112,-117.969443074189
-1.19525678799829,-1.37459590546576,-117.974165408261
-1.19503675277351,-1.37460811100582,-117.978878382512
-1.19481625882576,-1.37462014899154,-117.983581951097
-1.19459530464617,-1.37463201871935,-117.98827606789
-1.19437388871964,-1.37464371948186,-117.992960686482
-1.19415200952482,-1.37465525056788,-117.997635760184
-1.19392966553413,-1.37466661126231,-118.002301242018
-1.19370685521365,-1.3746778008462,-118.006957084723
-1.19348357702313,-1.37468881859669,-118.011603240748
-1.19325982941599,-1.37469966378699,-118.01623966225
-1.19303561083921,-1.37471033568636,-118.020866301098
-1.19281091973338,-1.37472083356009,-118.025483108864
-1.19258575453261,-1.37473115666948,-118.030090036828
-1.19236011366453,-1.3747413042718,-118.034687035968
-1.19213399555025,-1.37475127562029,-118.039274056968
-1.19190739860432,-1.37476106996412,-118.043851050208
-1.19168032123471,-1.37477068654838,-118.048417965766
-1.19145276184277,-1.37478012461405,-118.052974753418
-1.1912247188232,-1.37478938339796,-118.057521362629
-1.190996190564,-1.37479846213281,-118.062057742561
-1.19076717544649,-1.37480736004709,-118.066583842063
-1.19053767184521,-1.37481607636509,-118.071099609672
-1.19030767812792,-1.37482461030688,-118.075604993612
-1.19007719265557,-1.37483296108827,-118.080099941792
-1.18984621378225,-1.37484112792079,-118.084584401804
-1.18961473985518,-1.37484911001165,-118.089058320917
-1.18938276921465,-1.37485690656377,-118.093521646081
-1.189150300194,-1.37486451677567,-118.097974323924
-1.18891733111958,-1.37487193984152,-118.102416300747
-1.18868386031072,-1.37487917495108,-118.106847522522
-1.18844988607969,-1.37488622128966,-118.111267934895
-1.18821540673167,-1.37489307803814,-118.115677483178
-1.18798042056471,-1.37489974437289,-118.120076112351
-1.18774492586969,-1.37490621946581,-118.124463767059
-1.18750892093032,-1.37491250248422,-118.128840391607
-1.18727240402303,-1.37491859259091,-118.133205929964
-1.18703537341701,-1.37492448894407,-118.137560325754
-1.18679782737414,-1.37493019069728,-118.14190352226
-1.18655976414893,-1.37493569699948,-118.146235462418
-1.18632118198855,-1.37494100699492,-118.150556088816
-1.18608207913272,-1.37494611982318,-118.154865343691
-1.18584245381372,-1.37495103461911,-118.159163168931
-1.18560230425632,-1.37495575051281,-118.163449506065
-1.18536162867779,-1.37496026662957,-118.167724296271
-1.1851204252878,-1.37496458208993,-118.171987480362
-1.18487869228843,-1.37496869600954,-118.176238998795
-1.18463642787413,-1.37497260749922,-118.180478791662
-1.18439363023163,-1.37497631566488,-118.184706798689
-1.18415029753997,-1.37497981960751,-118.188922959235
-1.18390642797042,-1.37498311842317,-118.19312721229
-1.18366201968644,-1.37498621120291,-118.197319496469
-1.18341707084367,-1.37498909703279,-118.201499750015
-1.18317157958987,-1.37499177499383,-118.205667910794
-1.18292554406486,-1.37499424416197,-118.209823916291
-1.18267896240052,-1.37499650360807,-118.213967703612
-1.18243183272072,-1.37499855239784,-118.218099209476
-1.18218415314131,-1.37500038959186,-118.222218370219
-1.18193592177005,-1.37500201424549,-118.226325121786
-1.18168713670656,-1.37500342540889,-118.230419399732
-1.18143779604233,-1.37500462212695,-118.234501139217
-1.18118789786062,-1.37500560343931,-118.238570275008
-1.18093744023647,-1.37500636838027,-118.242626741471
-1.18068642123661,-1.37500691597878,-118.246670472572
-1.18043483891946,-1.37500724525843,-118.250701401872
-1.18018269133504,-1.37500735523741,-118.25471946253
-1.17992997652499,-1.37500724492843,-118.258724587292
-1.17967669252247,-1.37500691333878,-118.262716708496
-1.17942283735214,-1.37500635947018,-118.266695758065
-1.17916840903014,-1.37500558231888,-118.270661667507
-1.178913405564,-1.3750045808755,-118.274614367909
-1.17865782495261,-1.37500335412508,-118.278553789941
-1.17840166518621,-1.37500190104703,-118.282479863843
-1.17814492424631,-1.37500022061507,-118.286392519434
-1.17788760010565,-1.37499831179721,-118.290291686099
-1.17762969072817,-1.37499617355575,-118.294177292795
-1.17737119406894,-1.37499380484717,-118.298049268041
-1.17711210807415,-1.37499120462217,-118.30190753992
-1.17685243068103,-1.37498837182561,-118.305752036075
-1.17659215981782,-1.37498530539644,-118.309582683706
-1.17633129340372,-1.37498200426772,-118.313399409565
-1.17606982934886,-1.37497846736656,-118.317202139959
-1.17580776555423,-1.37497469361406,-118.320990800741
-1.17554509991163,-1.37497068192532,-118.32476531731
-1.17528183030365,-1.37496643120936,-118.328525614609
-1.17501795460361,-1.37496194036914,-118.33227161712
-1.17475347067548,-1.37495720830145,-118.336003248862
-1.17448837637389,-1.37495223389692,-118.339720433389
-1.17422266954405,-1.37494701603998,-118.343423093786
-1.1739563480217,-1.37494155360882,-118.347111152665
-1.17368940963304,-1.37493584547534,-118.350784532164
-1.17342185219474,-1.37492989050511,-118.354443153943
-1.17315367351384,-1.37492368755735,-118.358086939183
-1.17288487138772,-1.3749172354849,-118.361715808579
-1.17261544360404,-1.37491053313414,-118.365329682338
-1.1723453879407,-1.37490357934498,-118.368928480181
-1.17207470216579,-1.37489637295081,-118.372512121332
-1.17180338403751,-1.3748889127785,-118.376080524521
-1.17153143130417,-1.37488119764827,-118.379633607978
-1.17125884170409,-1.37487322637375,-118.383171289429
-1.17098561296558,-1.37486499776188,-118.386693486096
-1.17071174280689,-1.37485651061288,-118.390200114691
-1.1704372289361,-1.37484776372023,-118.393691091415
-1.17016206905115,-1.37483875587059,-118.397166331951
-1.16988626083973,-1.37482948584379,-118.400625751464
-1.16960980197926,-1.37481995241279,-118.404069264599
-1.1693326901368,-1.37481015434361,-118.407496785473
-1.16905492296903,-1.37480009039532,-118.410908227675
-1.16877649812217,-1.37478975931996,-118.414303504261
-1.16849741323195,-1.37477915986254,-118.417682527753
-1.16821766592353,-1.37476829076097,-118.421045210131
-1.16793725381147,-1.37475715074601,-118.424391462836
-1.16765617449964,-1.37474573854125,-118.42772119676
-1.16737442558121,-1.37473405286306,-118.431034322246
-1.16709200463855,-1.37472209242052,-118.434330749086
-1.16680890924319,-1.37470985591541,-118.437610386512
-1.16652513695579,-1.37469734204214,-118.440873143198
-1.16624068532601,-1.37468454948772,-118.444118927253
-1.16595555189255,-1.37467147693171,-118.44734764622
-1.16566973418302,-1.37465812304617,-118.450559207069
-1.16538322971388,-1.37464448649561,-118.453753516196
-1.16509603599044,-1.37463056593696,-118.456930479418
-1.16480815050675,-1.3746163600195,-118.460090001972
-1.16451957074555,-1.37460186738484,-118.463231988504
-1.16423029417822,-1.37458708666684,-118.466356343075
-1.16394031826472,-1.3745720164916,-118.46946296915
-1.16364964045352,-1.37455665547738,-118.472551769596
-1.16335825818154,-1.37454100223456,-118.475622646681
-1.1630661688741,-1.3745250553656,-118.478675502065
-1.16277336994485,-1.37450881346499,-118.481710236799
-1.1624798587957,-1.37449227511917,-118.484726751324
-1.16218563281678,-1.37447543890653,-118.487724945459
-1.16189068938636,-1.37445830339733,-118.490704718406
-1.16159502587078,-1.37444086715365,-118.493665968739
-1.16129863962441,-1.37442312872935,-118.496608594404
-1.16100152798957,-1.37440508667,-118.499532492713
-1.16070368829646,-1.37438673951285,-118.502437560341
-1.16040511786312,-1.37436808578676,-118.505323693322
-1.16010581399534,-1.37434912401216,-118.508190787041
-1.15980577398661,-1.37432985270101,-118.511038736236
-1.15950499511805,-1.37431027035669,-118.51386743499
-1.15920347465831,-1.37429037547402,-118.516676776726
-1.15890120986359,-1.37427016653916,-118.519466654206
-1.15859819797749,-1.37424964202958,-118.522236959524
-1.15829443623095,-1.37422880041397,-118.524987584101
-1.15798992184225,-1.37420764015223,-118.527718418683
-1.15768465201685,-1.37418615969538,-118.530429353337
-1.1573786239474,-1.37416435748553,-118.533120277442
-1.15707183481363,-1.3741422319558,-118.535791079689
-1.15676428178228,-1.37411978153029,-118.538441648077
-1.15645596200703,-1.37409700462397,-118.541071869902
-1.15614687262846,-1.37407389964271,-118.543681631761
-1.15583701077395,-1.37405046498315,-118.546270819541
-1.15552637355762,-1.37402669903265,-118.548839318418
-1.15521495808023,-1.37400260016928,-118.551387012849
-1.15490276142917,-1.37397816676169,-118.55391378657
-1.15458978067832,-1.37395339716912,-118.556419522591
-1.15427601288802,-1.37392828974128,-118.55890410319
-1.153961455105,-1.37390284281834,-118.561367409908
-1.15364610436226,-1.37387705473084,-118.563809323547
-1.15332995767905,-1.37385092379963,-118.566229724161
-1.15301301206076,-1.37382444833583,-118.568628491054
-1.15269526449886,-1.37379762664073,-118.571005502773
-1.15237671197083,-1.37377045700577,-118.573360637104
-1.15205735144007,-1.37374293771245,-118.57569377107
-1.15173717985581,-1.37371506703227,-118.578004780919
-1.15141619415309,-1.37368684322669,-118.580293542124
-1.15109439125261,-1.37365826454702,-118.582559929379
-1.1507717680607,-1.37362932923441,-118.584803816587
-1.15044832146925,-1.37360003551973,-118.587025076864
-1.15012404835557,-1.37357038162356,-118.589223582526
-1.14979894558239,-1.37354036575606,-118.591399205086
-1.14947300999771,-1.37350998611698,-118.593551815252
-1.14914623843476,-1.37347924089553,-118.595681282918
-1.14881862771193,-1.37344812827034,-118.597787477157
-1.14849017463265,-1.37341664640938,-118.599870266222
-1.14816087598532,-1.37338479346991,-118.601929517533
-1.14783072854325,-1.37335256759841,-118.603965097677
-1.14749972906458,-1.37331996693047,-118.6059768724
-1.14716787429213,-1.37328698959079,-118.607964706602
-1.14683516095342,-1.37325363369303,-118.60992846433
-1.1465015857605,-1.37321989733983,-118.611868008774
-1.14616714540989,-1.37318577862265,-118.613783202262
-1.14583183658254,-1.37315127562175,-118.615673906251
-1.14549565594368,-1.37311638640612,-118.617539981323
-1.14515860014276,-1.37308110903337,-118.619381287181
-1.14482066581336,-1.3730454415497,-118.621197682639
-1.14448184957312,-1.37300938198979,-118.62298902562
-1.14414214802364,-1.37297292837676,-118.624755173147
-1.14380155775038,-1.37293607872205,-118.62649598134
-1.14346007532258,-1.37289883102541,-118.628211305405
-1.14311769729318,-1.37286118327475,-118.629900999635
-1.14277442019872,-1.37282313344613,-118.631564917396
-1.14243024055924,-1.37278467950362,-118.633202911127
-1.14208515487823,-1.37274581939929,-118.63481483233
-1.14173915964247,-1.37270655107307,-118.636400531567
-1.14139225132202,-1.37266687245271,-118.63795985845
-1.14104442637004,-1.37262678145369,-118.639492661635
-1.14069568122277,-1.37258627597915,-118.640998788819
-1.1403460122994,-1.37254535391977,-118.642478086731
-1.13999541600199,-1.37250401315375,-118.643930401124
-1.13964388871534,-1.37246225154668,-118.645355576773
-1.13929142680696,-1.37242006695148,-118.646753457461
-1.13893802662692,-1.37237745720832,-118.648123885982
-1.13858368450775,-1.37233442014451,-118.649466704124
-1.1382283967644,-1.37229095357446,-118.650781752672
-1.13787215969406,-1.37224705529955,-118.652068871392
-1.13751496957615,-1.37220272310809,-118.653327899031
-1.13715682267215,-1.37215795477519,-118.654558673307
-1.13679771522554,-1.37211274806271,-118.655761030902
-1.13643764346166,-1.37206710071914,-118.656934807456
-1.13607660358767,-1.37202101047955,-118.658079837559
-1.13571459179239,-1.37197447506547,-118.659195954745
-1.13535160424624,-1.37192749218481,-118.660282991481
-1.13498763710111,-1.37188005953181,-118.661340779167
-1.13462268649026,-1.37183217478686,-118.662369148121
-1.13425674852822,-1.3717838356165,-118.663367927578
-1.13388981931071,-1.3717350396733,-118.664336945676
-1.13352189491449,-1.37168578459573,-118.665276029454
-1.13315297139728,-1.37163606800811,-118.666185004844
-1.13278304479766,-1.37158588752053,-118.66706369666
-1.13241211113492,-1.3715352407287,-118.667911928592
-1.13204016640903,-1.37148412521389,-118.6687295232
-1.13166720660045,-1.37143253854286,-118.669516301903
-1.13129322767007,-1.3713804782677,-118.670272084977
-1.13091822555908,-1.37132794192579,-118.670996691538
-1.13054219618888,-1.37127492703969,-118.671689939542
-1.13016513546093,-1.37122143111699,-118.672351645775
-1.12978703925669,-1.37116745165032,-118.672981625842
-1.12940790343746,-1.37111298611713,-118.673579694163
-1.12902772384428,-1.37105803197968,-118.674145663961
-1.12864649629786,-1.37100258668488,-118.674679347256
-1.12826421659838,-1.37094664766423,-118.675180554859
-1.12788088052545,-1.37089021233371,-118.675649096357
-1.12749648383797,-1.37083327809364,-118.676084780111
-1.12711102227399,-1.37077584232862,-118.676487413245
-1.12672449155062,-1.37071790240741,-118.676856801636
-1.12633688736392,-1.37065945568283,-118.677192749909
-1.12594820538873,-1.37060049949163,-118.677495061424
-1.12555844127863,-1.37054103115442,-118.677763538271
-1.12516759066572,-1.37048104797553,-118.67799798126
-1.12477564916061,-1.37042054724293,-118.67819818991
-1.12438261235219,-1.37035952622809,-118.678363962444
-1.1239884758076,-1.37029798218589,-118.678495095777
-1.12359323507203,-1.37023591235453,-118.678591385507
-1.12319688566867,-1.37017331395535,-118.678652625907
-1.12279942309851,-1.3701101841928,-118.678678609916
-1.12240084284026,-1.37004652025427,-118.678669129129
-1.12200114035023,-1.36998231931,-118.678623973788
-1.12160031106217,-1.36991757851296,-118.678542932773
-1.12119835038716,-1.36985229499874,-118.678425793589
-1.12079525371349,-1.3697864658854,-118.678272342363
-1.12039101640651,-1.36972008827343,-118.678082363828
-1.11998563380851,-1.36965315924553,-118.677855641318
-1.1195791012386,-1.36958567586658,-118.677591956756
-1.11917141399256,-1.36951763518346,-118.677291090643
-1.11876256734269,-1.36944903422497,-118.67695282205
-1.11835255653775,-1.36937987000168,-118.676576928609
-1.11794137680272,-1.36931013950583,-118.676163186499
-1.11752902333877,-1.36923983971118,-118.67571137044
-1.11711549132304,-1.36916896757291,-118.67522125368
-1.11670077590856,-1.36909752002749,-118.674692607988
-1.11628487222407,-1.36902549399252,-118.674125203638
-1.11586777537391,-1.36895288636668,-118.673518809403
-1.11544948043787,-1.36887969402952,-118.672873192546
-1.11502998247106,-1.36880591384138,-118.672188118803
-1.11460927650375,-1.36873154264322,-118.671463352378
-1.11418735754124,-1.36865657725656,-118.670698655931
-1.11376422056371,-1.36858101448327,-118.669893790564
-1.11333986052609,-1.36850485110548,-118.669048515815
-1.11291427235791,-1.36842808388542,-118.668162589643
-1.11248745096313,-1.36835070956534,-118.667235768419
-1.11205939122005,-1.36827272486731,-118.666267806914
-1.11163008798109,-1.3681941264931,-118.665258458288
-1.1111995360727,-1.36811491112407,-118.664207474077
-1.11076773029519,-1.36803507542102,-118.663114604187
-1.11033466542257,-1.36795461602402,-118.661979596874
-1.10990033620242,-1.36787352955232,-118.66080219874
-1.10946473735571,-1.36779181260416,-118.659582154718
-1.10902786357669,-1.36770946175667,-118.658319208059
-1.10858970953269,-1.36762647356567,-118.657013100323
-1.10815026986399,-1.3675428445656,-118.655663571364
-1.10770953918367,-1.36745857126932,-118.654270359322
-1.10726751207743,-1.36737365016797,-118.652833200607
-1.10682418310345,-1.36728807773083,-118.651351829887
-1.10637954679224,-1.36720185040518,-118.649825980079
-1.10593359764645,-1.36711496461615,-118.648255382334
-1.10548633014074,-1.36702741676652,-118.646639766024
-1.10503773872159,-1.36693920323665,-118.64497885873
-1.10458781780719,-1.36685032038425,-118.64327238623
-1.1041365617872,-1.36676076454429,-118.641520072487
-1.10368396502264,-1.3666705320288,-118.639721639634
-1.10323002184573,-1.3665796191267,-118.63787680796
-1.10277472655967,-1.36648802210371,-118.635985295902
-1.10231807343854,-1.36639573720212,-118.634046820025
-1.10186005672708,-1.36630276064067,-118.632061095016
-1.10140067064054,-1.36620908861438,-118.630027833664
-1.10093990936452,-1.36611471729437,-118.62794674685
-1.10047776705477,-1.36601964282773,-118.625817543533
-1.10001423783706,-1.36592386133732,-118.623639930735
-1.09954931580695,-1.36582736892161,-118.621413613531
-1.09908299502967,-1.36573016165455,-118.619138295029
-1.09861526953991,-1.36563223558536,-118.616813676361
-1.09814613334167,-1.36553358673835,-118.614439456666
-1.09767558040804,-1.3654342111128,-118.612015333078
-1.09720360468107,-1.36533410468276,-118.60954100071
-1.09673020007155,-1.36523326339685,-118.607016152639
-1.09625536045887,-1.36513168317812,-118.604440479895
-1.0957790796908,-1.36502935992388,-118.601813671442
-1.0953013515833,-1.36492628950549,-118.599135414166
-1.09482216992041,-1.3648224677682,-118.596405392857
-1.09434152845395,-1.36471789053096,-118.593623290198
-1.09385942090345,-1.36461255358625,-118.590788786748
-1.09337584095586,-1.36450645269991,-118.587901560926
-1.09289078226544,-1.36439958361091,-118.584961288998
-1.09240423845353,-1.3642919420312,-118.581967645057
-1.09191620310836,-1.36418352364553,-118.578920301013
-1.09142666978487,-1.36407432411123,-118.575818926573
-1.09093563200451,-1.36396433905805,-118.572663189227
-1.09044308325505,-1.36385356408794,-118.569452754233
-1.08994901699039,-1.36374199477489,-118.566187284599
-1.08945342663032,-1.36362962666472,-118.562866441067
-1.0889563055604,-1.36351645527487,-118.559489882098
-1.08845764713168,-1.36340247609422,-118.556057263854
-1.08795744466057,-1.36328768458291,-118.552568240183
-1.08745569142858,-1.36317207617209,-118.549022462602
-1.08695238068214,-1.36305564626378,-118.545419580278
-1.08644750563242,-1.36293839023061,-118.541759240014
-1.08594105945508,-1.36282030341564,-118.538041086231
-1.0854330352901,-1.36270138113219,-118.53426476095
-1.08492342624155,-1.36258161866356,-118.530429903774
-1.0844122253774,-1.36246101126288,-118.526536151875
-1.08389942572928,-1.36233955415288,-118.522583139969
-1.08338502029231,-1.36221724252568,-118.518570500305
-1.08286900202485,-1.36209407154256,-118.514497862643
-1.08235136384831,-1.36197003633378,-118.51036485424
-1.08183209864691,-1.36184513199834,-118.506171099826
-1.0813111992675,-1.36171935360375,-118.501916221591
-1.0807886585193,-1.36159269618585,-118.497599839165
-1.08026446917372,-1.36146515474855,-118.493221569597
-1.07973862396412,-1.36133672426362,-118.488781027341
-1.07921111558558,-1.36120739967048,-118.484277824233
-1.07868193669469,-1.36107717587596,-118.479711569473
-1.07815107990932,-1.36094604775406,-118.475081869608
-1.07761853780842,-1.36081401014576,-118.47038832851
-1.07708430293174,-1.36068105785873,-118.465630547358
-1.07654836777965,-1.36054718566716,-118.460808124619
-1.07601072481289,-1.36041238831149,-118.455920656025
-1.07547136645233,-1.36027666049818,-118.450967734559
-1.07493028507877,-1.36013999689945,-118.445948950429
-1.07438747303267,-1.36000239215309,-118.440863891051
-1.07384292261393,-1.35986384086219,-118.435712141029
-1.07329662608167,-1.35972433759488,-118.430493282131
-1.07274857565397,-1.35958387688412,-118.425206893275
-1.07219876350762,-1.35944245322742,-118.4198525505
-1.07164718177793,-1.35930006108662,-118.414429826951
-1.07109382255842,-1.35915669488762,-118.408938292857
-1.07053867790064,-1.35901234902015,-118.403377515508
-1.06998173981389,-1.35886701783747,-118.397747059234
-1.06942300026497,-1.35872069565618,-118.392046485385
-1.06886245117795,-1.35857337675591,-118.386275352305
-1.06830008443393,-1.35842505537907,-118.380433215317
-1.06773589187075,-1.3582757257306,-118.374519626696
-1.06716986528278,-1.35812538197772,-118.368534135645
-1.06660199642065,-1.35797401824963,-118.36247628828
-1.06603227699098,-1.35782162863726,-118.356345627598
-1.06546069865616,-1.35766820719299,-118.350141693463
-1.06488725303405,-1.35751374793043,-118.343864022577
-1.06431193169775,-1.35735824482406,-118.337512148459
-1.06373472617535,-1.35720169180902,-118.331085601422
-1.06315562794963,-1.35704408278081,-118.32458390855
-1.06257462845782,-1.35688541159503,-118.318006593673
-1.06199171909133,-1.35672567206705,-118.311353177342
-1.06140689119549,-1.3565648579718,-118.304623176811
-1.06082013606928,-1.35640296304342,-118.297816106005
-1.06023144496505,-1.35623998097499,-118.2909314755
-1.05964080908826,-1.35607590541826,-118.283968792499
-1.05904821959722,-1.35591072998336,-118.276927560804
-1.05845366760277,-1.35574444823846,-118.269807280795
-1.05785714416807,-1.35557705370952,-118.262607449402
-1.05725864030825,-1.35540853988,-118.255327560081
-1.05665814699022,-1.35523890019051,-118.247967102787
-1.05605565513229,-1.35506812803854,-118.240525563952
-1.05545115560396,-1.35489621677817,-118.233002426455
-1.05484463922563,-1.35472315971972,-118.225397169598
-1.05423609676827,-1.35454895012948,-118.217709269078
-1.05362551895319,-1.35437358122939,-118.209938196965
-1.05301289645171,-1.35419704619671,-118.202083421669
-1.05239821988491,-1.35401933816372,-118.194144407919
-1.05178147982328,-1.35384045021739,-118.186120616731
-1.0511626667865,-1.35366037539909,-118.178011505385
-1.05054177124308,-1.35347910670423,-118.169816527395
-1.04991878361012,-1.35329663708194,-118.161535132481
-1.04929369425297,-1.35311295943478,-118.153166766544
-1.04866649348495,-1.35292806661835,-118.144710871635
-1.04803717156706,-1.35274195144103,-118.136166885928
-1.04740571870765,-1.35255460666358,-118.127534243689
-1.04677212506214,-1.35236602499884,-118.118812375255
-1.0461363807327,-1.35217619911138,-118.110000706993
-1.04549847576796,-1.35198512161717,-118.101098661282
-1.04485840016268,-1.35179278508322,-118.092105656477
-1.04421614385745,-1.35159918202724,-118.083021106883
-1.04357169673841,-1.35140430491729,-118.073844422723
-1.04292504863686,-1.35120814617143,-118.064575010108
-1.04227618932902,-1.35101069815739,-118.055212271007
-1.04162510853568,-1.35081195319215,-118.04575560322
-1.04097179592188,-1.35061190354165,-118.036204400341
-1.0403162410966,-1.3504105414204,-118.026558051732
-1.03965843361243,-1.3502078589911,-118.01681594249
-1.03899836296527,-1.3500038483643,-118.006977453415
-1.03833601859396,-1.34979850159803,-117.997041960981
-1.03767138988,-1.34959181069741,-117.9870088373
-1.03700446614719,-1.34938376761428,-117.976877450094
-1.03633523666132,-1.34917436424684,-117.966647162661
-1.03566369062983,-1.34896359243924,-117.956317333842
-1.03498981720148,-1.34875144398124,-117.945887317987
-1.034313605466,-1.34853791060779,-117.935356464926
-1.03363504445378,-1.34832298399865,-117.924724119933
-1.03295412313552,-1.348106655778,-117.913989623692
-1.03227083042188,-1.34788891751406,-117.903152312263
-1.03158515516315,-1.34766976071869,-117.892211517051
-1.0308970861489,-1.34744917684697,-117.881166564769
-1.03020661210766,-1.34722715729682,-117.870016777403
-1.02951372170652,-1.34700369340859,-117.858761472181
-1.02881840355085,-1.34677877646466,-117.847399961532
-1.02812064618389,-1.34655239768902,-117.835931553058
-1.02742043808645,-1.34632454824684,-117.824355549491
-1.02671776767649,-1.34609521924412,-117.812671248663
-1.02601262330884,-1.34586440172718,-117.800877943468
-1.02530499327481,-1.34563208668231,-117.788974921822
-1.02459486580182,-1.34539826503532,-117.776961466635
-1.02388222905305,-1.34516292765112,-117.764836855765
-1.0231670711271,-1.34492606533325,-117.752600361987
-1.02244938005757,-1.34468766882353,-117.740251252952
-1.02172914381279,-1.34444772880154,-117.727788791153
-1.02100635029534,-1.34420623588424,-117.715212233882
-1.02028098734177,-1.34396318062547,-117.702520833198
-1.01955304272221,-1.34371855351558,-117.689713835882
-1.01882250413995,-1.34347234498092,-117.676790483405
-1.01808935923114,-1.3432245453834,-117.663750011883
-1.01735359556437,-1.34297514502008,-117.650591652041
-1.0166152006403,-1.34272413412264,-117.637314629173
-1.01587416189129,-1.34247150285698,-117.623918163102
-1.01513046668101,-1.34221724132274,-117.610401468139
-1.01438410230409,-1.34196133955282,-117.596763753044
-1.01363505598569,-1.34170378751291,-117.583004220983
-1.01288331488115,-1.34144457510105,-117.56912206949
-1.01212886607559,-1.34118369214711,-117.555116490424
-1.01137169658353,-1.34092112841234,-117.540986669929
-1.0106117933485,-1.34065687358888,-117.526731788387
-1.00984914324263,-1.34039091729928,-117.512351020383
-1.00908373306629,-1.34012324909598,-117.497843534659
-1.00831554954768,-1.33985385846087,-117.483208494069
-1.00754457934244,-1.33958273480476,-117.468445055541
-1.00677080903323,-1.33930986746689,-117.453552370029
-1.00599422512937,-1.33903524571441,-117.438529582473
-1.00521481406641,-1.33875885874193,-117.423375831752
-1.00443256220573,-1.33848069567093,-117.408090250642
-1.00364745583417,-1.33820074554933,-117.392671965769
-1.00285948116358,-1.33791899735092,-117.377120097568
-1.00206862433045,-1.33763543997485,-117.361433760233
-1.00127487139547,-1.33735006224514,-117.345612061676
-1.00047820834315,-1.33706285291011,-117.329654103476
-0.999678621081406,-1.3367738006419,-117.31355898084
-0.998876095441125,-1.33648289403588,-117.29732578255
-0.998070617175774,-1.33619012161018,-117.280953590918
-0.99726217196098,-1.33589547180509,-117.264441481741
-0.99645074539411,-1.33559893298256,-117.247788524253
-0.995636322993856,-1.33530049342564,-117.230993781075
-0.994818890199818,-1.33500014133794,-117.214056308169
-0.993998432372077,-1.33469786484304,-117.196975154789
-0.993174934790784,-1.33439365198399,-117.179749363432
-0.992348382655726,-1.33408749072271,-117.162377969789
-0.991518761085909,-1.33377936893945,-117.144860002698
-0.990686055119131,-1.33346927443222,-117.127194484091
-0.989850249711552,-1.33315719491618,-117.109380428945
-0.98901132973727,-1.33284311802315,-117.091416845232
-0.98816927998789,-1.33252703130094,-117.073302733868
-0.987324085172092,-1.33220892221283,-117.055037088665
-0.986475729915204,-1.33188877813698,-117.036618896273
-0.985624198758761,-1.33156658636582,-117.018047136134
-0.984769476160078,-1.33124233410546,-116.999320780429
-0.983911546491814,-1.33091600847512,-116.980438794025
-0.98305039404153,-1.33058759650652,-116.961400134419
-0.982186003011259,-1.33025708514325,-116.942203751692
-0.981318357517063,-1.32992446124022,-116.92284858845
-0.980447441588594,-1.32958971156299,-116.903333579772
-0.979573239168654,-1.32925282278722,-116.883657653157
-0.978695734112754,-1.32891378149798,-116.863819728466
-0.977814910188672,-1.32857257418919,-116.843818717873
-0.976930751076005,-1.328229187263,-116.823653525805
-0.976043240365733,-1.32788360702909,-116.803323048887
-0.975152361559765,-1.32753581970413,-116.782826175891
-0.974258098070498,-1.32718581141107,-116.762161787673
-0.97336043322037,-1.32683356817857,-116.74132875712
-0.972459350241411,-1.32647907594028,-116.720325949095
-0.971554832274794,-1.32612232053428,-116.699152220377
-0.97064686237039,-1.32576328770236,-116.677806419601
-0.969735423486311,-1.3254019630894,-116.656287387208
-0.968820498488466,-1.32503833224272,-116.63459395538
-0.967902070150109,-1.32467238061139,-116.612724947981
-0.966980121151383,-1.32430409354559,-116.590679180504
-0.966054634078873,-1.32393345629595,-116.568455460005
-0.965125591425152,-1.32356045401284,-116.54605258505
-0.964192975588326,-1.32318507174575,-116.523469345647
-0.963256768871582,-1.32280729444256,-116.500704523193
-0.962316953482734,-1.32242710694888,-116.477756890409
-0.961373511533771,-1.32204449400738,-116.45462521128
-0.960426425040396,-1.32165944025707,-116.431308240993
-0.959475675921581,-1.32127193023262,-116.407804725876
-0.958521245999102,-1.32088194836368,-116.384113403337
-0.957563116997091,-1.32048947897415,-116.360233001798
-0.956601270541582,-1.3200945062815,-116.336162240635
-0.955635688160046,-1.31969701439603,-116.311899830113
-0.954666351280947,-1.31929698732023,-116.287444471324
-0.953693241233282,-1.31889440894796,-116.262794856122
-0.952716339246126,-1.31848926306383,-116.237949667058
-0.951735626448175,-1.31808153334242,-116.212907577318
-0.950751083867299,-1.31767120334758,-116.187667250654
-0.949762692430078,-1.31725825653168,-116.162227341322
-0.948770432961356,-1.31684267623489,-116.136586494014
-0.947774286183784,-1.31642444568447,-116.110743343794
-0.946774232717365,-1.31600354799398,-116.084696516028
-0.945770253079006,-1.31557996616256,-116.058444626323
-0.944762327682062,-1.31515368307421,-116.031986280453
-0.943750436835887,-1.31472468149699,-116.005320074296
-0.942734560745383,-1.31429294408231,-115.978444593766
-0.941714679510548,-1.31385845336415,-115.951358414741
-0.940690773126031,-1.3134211917583,-115.924060103
-0.939662821480682,-1.3129811415616,-115.896548214148
-0.938630804357103,-1.31253828495121,-115.868821293552
-0.937594701431203,-1.31209260398376,-115.840877876269
-0.936554492271758,-1.31164408059466,-115.812716486976
-0.935510156339957,-1.31119269659725,-115.784335639898
-0.934461672988973,-1.31073843368209,-115.755733838742
-0.933409021463509,-1.31028127341614,-115.726909576622
-0.932352180899368,-1.30982119724195,-115.697861335988
-0.93129113032301,-1.30935818647692,-115.668587588557
-0.930225848651119,-1.3088922223125,-115.639086795237
-0.929156314690165,-1.30842328581335,-115.609357406059
-0.928082507135973,-1.30795135791659,-115.5793978601
-0.927004404573292,-1.30747641943098,-115.549206585414
-0.925921985475369,-1.30699845103612,-115.518781998956
-0.924835228203515,-1.30651743328163,-115.488122506509
-0.923744111006687,-1.30603334658635,-115.457226502611
-0.922648612021066,-1.30554617123755,-115.426092370478
-0.921548709269629,-1.30505588739006,-115.394718481934
-0.920444380661741,-1.30456247506549,-115.363103197331
-0.919335603992734,-1.30406591415142,-115.331244865478
-0.9182223569435,-1.30356618440055,-115.299141823562
-0.917104617080074,-1.30306326542986,-115.266792397076
-0.915982361853235,-1.30255713671984,-115.234194899739
-0.914855568598098,-1.30204777761359,-115.201347633421
-0.913724214533718,-1.30153516731604,-115.168248888068
-0.912588276762686,-1.30101928489307,-115.134896941622
-0.911447732270742,-1.30050010927072,-115.101290059947
-0.910302557926382,-1.29997761923431,-115.067426496749
-0.90915273048047,-1.2994517934276,-115.033304493499
-0.907998226565858,-1.29892261035198,-114.998922279354
-0.906839022697004,-1.29839004836557,-114.964278071081
-0.905675095269601,-1.29785408568242,-114.929370072975
-0.904506420560201,-1.29731470037164,-114.894196476784
-0.903332974725855,-1.29677187035653,-114.858755461627
-0.902154733803741,-1.29622557341377,-114.823045193915
-0.900971673710818,-1.29567578717251,-114.787063827273
-0.899783770243463,-1.29512248911355,-114.750809502458
-0.898590999077129,-1.29456565656847,-114.714280347279
-0.897393335765999,-1.29400526671877,-114.677474476522
-0.89619075574265,-1.29344129659501,-114.64038999186
-0.894983234317717,-1.29287372307594,-114.60302498178
-0.89377074667957,-1.29230252288764,-114.565377521501
-0.892553267893989,-1.29172767260266,-114.52744567289
-0.891330772903848,-1.29114914863915,-114.489227484381
-0.890103236528806,-1.29056692726,-114.450720990896
-0.888870633465005,-1.28998098457194,-114.411924213764
-0.887632938284768,-1.28939129652472,-114.372835160634
-0.88639012543631,-1.28879783891022,-114.3334518254
-0.885142169243457,-1.28820058736156,-114.293772188111
-0.88388904390536,-1.28759951735226,-114.253794214898
-0.88263072349623,-1.28699460419536,-114.213515857883
-0.881367181965073,-1.28638582304254,-114.172935055101
-0.880098393135433,-1.28577314888328,-114.132049730419
-0.878824330705144,-1.28515655654395,-114.090857793448
-0.877544968246089,-1.28453602068696,-114.049357139464
-0.876260279203965,-1.28391151580991,-114.007545649326
-0.87497023689806,-1.28328301624469,-113.96542118939
-0.873674814521034,-1.28265049615663,-113.922981611427
-0.872373985138714,-1.28201392954363,-113.88022475254
-0.871067721689893,-1.28137329023528,-113.837148435084
-0.869755996986137,-1.28072855189203,-113.793750466576
-0.868438783711608,-1.2800796880043,-113.75002863962
-0.867116054422889,-1.27942667189162,-113.705980731817
-0.865787781548826,-1.27876947670176,-113.661604505686
-0.864453937390366,-1.27810807540992,-113.616897708579
-0.863114494120431,-1.27744244081781,-113.571858072598
-0.861769423783768,-1.27677254555282,-113.526483314515
-0.86041869829684,-1.27609836206721,-113.480771135683
-0.859062289447712,-1.27541986263718,-113.434719221959
-0.857700168895949,-1.27473701936208,-113.388325243618
-0.856332308172532,-1.27404980416357,-113.341586855271
-0.854958678679779,-1.27335818878475,-113.294501695782
-0.853579251691282,-1.27266214478931,-113.247067388188
-0.85219399835185,-1.27196164356075,-113.199281539612
-0.850802889677476,-1.2712566563015,-113.151141741185
-0.849405896555304,-1.27054715403212,-113.102645567962
-0.848002989743616,-1.26983310759046,-113.053790578842
-0.84659413987183,-1.26911448763084,-113.004574316484
-0.845179317440513,-1.26839126462327,-112.954994307227
-0.843758492821407,-1.26766340885259,-112.90504806101
-0.842331636257466,-1.26693089041771,-112.854733071288
-0.840898717862917,-1.26619367923077,-112.804046814954
-0.839459707623321,-1.26545174501637,-112.752986752261
-0.83801457539566,-1.26470505731081,-112.701550326735
-0.83656329090844,-1.26395358546122,-112.649734965104
-0.835105823761798,-1.26319729862489,-112.59753807721
-0.833642143427643,-1.26243616576841,-112.544957055939
-0.832172219249791,-1.26167015566697,-112.491989277137
-0.830696020444139,-1.26089923690357,-112.438632099532
-0.829213516098841,-1.26012337786828,-112.384882864659
-0.827724675174504,-1.2593425467575,-112.330738896783
-0.826229466504407,-1.25855671157322,-112.276197502819
-0.824727858794732,-1.25776584012231,-112.221255972259
-0.823219820624817,-1.25696990001576,-112.165911577097
-0.821705320447425,-1.25616885866803,-112.110161571751
-0.820184326589033,-1.25536268329632,-112.054003192991
-0.818656807250144,-1.25455134091986,-111.997433659866
-0.817122730505608,-1.25373479835927,-111.940450173628
-0.815582064304983,-1.25291302223586,-111.883049917661
-0.81403477647289,-1.25208597897098,-111.825230057411
-0.812480834709411,-1.25125363478537,-111.766987740312
-0.8109202065905,-1.2504159556985,-111.708320095719
-0.809352859568412,-1.24957290752798,-111.649224234835
-0.807778760972165,-1.24872445588892,-111.589697250645
-0.806197878008009,-1.24787056619332,-111.529736217847
-0.804610177759934,-1.24701120364949,-111.469338192785
-0.803015627190189,-1.24614633326148,-111.408500213385
-0.801414193139831,-1.24527591982847,-111.347219299086
-0.799805842329299,-1.24439992794429,-111.28549245078
-0.798190541359007,-1.2435183219968,-111.223316650744
-0.796568256709967,-1.24263106616743,-111.160688862584
-0.794938954744438,-1.24173812443064,-111.097606031169
-0.793302601706594,-1.24083946055343,-111.034065082572
-0.791659163723228,-1.23993503809486,-110.970062924014
-0.790008606804479,-1.23902482040559,-110.905596443802
-0.788350896844581,-1.23810877062744,-110.840662511276
-0.786685999622646,-1.23718685169293,-110.775257976751
-0.785013880803476,-1.23625902632492,-110.709379671466
-0.7833345059384,-1.23532525703617,-110.643024407529
-0.781647840466141,-1.23438550612897,-110.576188977867
-0.779953849713716,-1.23343973569481,-110.508870156176
-0.778252498897361,-1.23248790761402,-110.441064696871
-0.77654375312349,-1.23152998355544,-110.372769335041
-0.774827577389688,-1.23056592497616,-110.303980786403
-0.773103936585728,-1.22959569312119,-110.234695747257
-0.771372795494627,-1.22861924902326,-110.164910894445
-0.769634118793734,-1.22763655350255,-110.09462288531
-0.767887871055849,-1.22664756716647,-110.023828357657
-0.766134016750375,-1.22565225040949,-109.952523929715
-0.764372520244508,-1.22465056341299,-109.880706200103
-0.762603345804466,-1.22364246614507,-109.808371747795
-0.760826457596736,-1.22262791836048,-109.73551713209
-0.759041819689378,-1.22160687960049,-109.662138892579
-0.757249396053355,-1.22057930919285,-109.58823354912
-0.755449150563899,-1.21954516625173,-109.513797601813
-0.753641047001923,-1.21850440967771,-109.438827530972
-0.751825049055458,-1.21745699815781,-109.363319797107
-0.750001120321147,-1.21640289016551,-109.287270840903
-0.748169224305758,-1.21534204396084,-109.210677083205
-0.746329324427757,-1.21427441759044,-109.133534925
-0.744481384018906,-1.21319996888775,-109.055840747404
-0.742625366325912,-1.21211865547311,-108.977590911656
-0.740761234512111,-1.211030434754,-108.898781759106
-0.738888951659204,-1.20993526392521,-108.819409611211
-0.737008480769023,-1.20883309996916,-108.739470769536
-0.735119784765356,-1.20772389965614,-108.658961515746
-0.733222826495799,-1.20660761954464,-108.577878111614
-0.731317568733675,-1.20548421598172,-108.496216799029
-0.729403974179972,-1.2043536451034,-108.413973799996
-0.727482005465352,-1.20321586283509,-108.331145316654
-0.725551625152191,-1.20207082489204,-108.247727531286
-0.723612795736676,-1.20091848677987,-108.163716606339
-0.72166547965094,-1.19975880379507,-108.079108684439
-0.71970963926526,-1.19859173102565,-107.993899888421
-0.717745236890288,-1.19741722335167,-107.908086321349
-0.715772234779349,-1.19623523544599,-107.821664066548
-0.713790595130774,-1.19504572177489,-107.734629187638
-0.711800280090301,-1.19384863659889,-107.646977728567
-0.709801251753509,-1.19264393397348,-107.558705713654
-0.707793472168322,-1.19143156774999,-107.469809147629
-0.705776903337558,-1.19021149157644,-107.380284015683
-0.703751507221536,-1.18898365889846,-107.290126283515
-0.701717245740728,-1.18774802296029,-107.19933189739
-0.699674080778488,-1.18650453680576,-107.107896784192
-0.697621974183809,-1.18525315327937,-107.015816851492
-0.695560887774161,-1.18399382502738,-106.923087987606
-0.693490783338373,-1.18272650449901,-106.829706061674
-0.691411622639579,-1.18145114394761,-106.735666923724
-0.68932336741822,-1.18016769543195,-106.64096640476
-0.68722597939511,-1.17887611081754,-106.545600316836
-0.685119420274556,-1.17757634177796,-106.449564453149
-0.683003651747543,-1.17626833979631,-106.352854588125
-0.680878635494984,-1.17495205616671,-106.255466477519
-0.678744333191023,-1.17362744199579,-106.157395858512
-0.676600706506411,-1.1722944482043,-106.058638449818
-0.67444771711194,-1.17095302552875,-105.959189951793
-0.672285326681942,-1.16960312452316,-105.859046046549
-0.670113496897857,-1.16824469556075,-105.758202398074
-0.667932189451859,-1.16687768883583,-105.656654652356
-0.665741366050565,-1.16550205436567,-105.554398437513
-0.663540988418784,-1.16411774199246,-105.451429363926
-0.661331018303361,-1.16272470138529,-105.347743024383
-0.659111417477075,-1.16132288204228,-105.24333499422
-0.656882147742611,-1.1599122332927,-105.138200831473
-0.654643170936595,-1.15849270429918,-105.032336077036
-0.652394448933714,-1.15706424406001,-104.925736254819
-0.650135943650892,-1.15562680141145,-104.818396871922
-0.647867617051547,-1.1541803250302,-104.710313418801
-0.645589431149913,-1.15272476343584,-104.601481369452
-0.643301348015449,-1.15126006499345,-104.491896181595
-0.641003329777303,-1.14978617791616,-104.381553296866
-0.638695338628868,-1.14830305026794,-104.270448141012
-0.6363773368324,-1.14681062996634,-104.158576124099
-0.63404928672372,-1.14530886478536,-104.045932640719
-0.631711150716988,-1.14379770235836,-103.932513070207
-0.629362891309553,-1.14227709018112,-103.818312776863
-0.627004471086894,-1.1407469756149,-103.703327110186
-0.62463585272761,-1.1392073058896,-103.587551405106
-0.622256999008521,-1.13765802810706,-103.47098098223
-0.619867872809826,-1.13609908924434,-103.35361114809
-0.617468437120353,-1.1345304361572,-103.235437195402
-0.61505865504288,-1.13295201558353,-103.116454403332
-0.612638489799548,-1.13136377414701,-102.996658037764
-0.610207904737345,-1.12976565836072,-102.876043351579
-0.607766863333673,-1.12815761463097,-102.754605584946
-0.605315329202008,-1.1265395892611,-102.632339965611
-0.60285326609763,-1.12491152845541,-102.509241709201
-0.60038063792344,-1.12327337832325,-102.385306019532
-0.597897408735867,-1.1216250848831,-102.260528088926
-0.595403542750851,-1.11996659406679,-102.134903098538
-0.592899004349914,-1.11829785172381,-102.008426218686
-0.590383758086316,-1.11661880362571,-101.881092609194
-0.587857768691301,-1.11492939547063,-101.752897419738
-0.585321001080417,-1.11322957288786,-101.62383579021
-0.582773420359929,-1.11151928144253,-101.493902851075
-0.580214991833324,-1.10979846664044,-101.363093723754
-0.577645681007896,-1.10806707393293,-101.231403521
-0.575065453601414,-1.10632504872187,-101.098827347295
-0.572474275548887,-1.10457233636476,-100.965360299245
-0.569872113009409,-1.10280888217995,-100.830997465993
-0.567258932373098,-1.10103463145191,-100.695733929638
-0.564634700268112,-1.09924952943665,-100.559564765657
-0.561999383567769,-1.09745352136722,-100.422485043346
-0.559352949397739,-1.09564655245938,-100.284489826266
-0.556695365143334,-1.09382856791725,-100.145574172692
-0.554026598456885,-1.09199951293921,-100.005733136085
-0.551346617265204,-1.09015933272382,-99.8649617655585
-0.548655389777133,-1.08830797247585,-99.7232551063679
-0.545952884491198,-1.0864453774125,-99.5806082003998
-0.543239070203321,-1.08457149276964,-99.4370160866756
-0.540513916014645,-1.08268626380821,-99.2924738018646
-0.53777739133944,-1.08078963582071,-99.1469763808059
-0.535029465913096,-1.07888155413786,-99.000518857041
-0.5322701098002,-1.07696196413529,-98.8530962633565
-0.529499293402711,-1.0750308112404,-98.7047036323369
-0.526716987468208,-1.07308804093935,-98.5553359969268
-0.52392316309824,-1.0711335987841,-98.4049883910053
-0.521117791756751,-1.06916743039967,-98.2536558499683
-0.518300845278597,-1.0671894814914,-98.1013334113235
-0.515472295878148,-1.06519969785242,-97.9480161152944
-0.512632116157973,-1.06319802537121,-97.7936990054353
-0.509780279117618,-1.06118441003925,-97.6383771292577
-0.506916758162455,-1.05915879795888,-97.4820455388659
-0.504041527112626,-1.05712113535114,-97.3246992916046
-0.501154560212064,-1.05507136856389,-97.1663334507167
-0.498255832137609,-1.0530094440799,-97.0069430860127
-0.495345318008182,-1.05093530852522,-96.8465232745494
-0.492422993394061,-1.04884890867751,-96.6850691013213
-0.489488834326229,-1.04675019147463,-96.5225756599623
-0.486542817305806,-1.04463910402326,-96.3590380534582
-0.483584919313551,-1.0425155936077,-96.1944513948706
-0.480615117819448,-1.04037960769879,-96.028810808072
-0.47763339079237,-1.03823109396289,-95.8621114284915
-0.474639716709814,-1.03607000027109,-95.6943484038726
-0.471634074567707,-1.03389627470842,-95.525516895041
-0.468616443890299,-1.03170986558333,-95.355612076685
-0.46558680474011,-1.02951072143716,-95.1846291381458
-0.462545137727963,-1.02729879105378,-95.0125632842201
-0.459491424023073,-1.02507402346942,-94.8394097359731
-0.456425645363217,-1.02283636798253,-94.6651637315635
-0.453347784064954,-1.02058577416378,-94.4898205270793
-0.450257823033938,-1.01832219186626,-94.3133753973853
-0.447155745775251,-1.0160455712357,-94.1358236369812
-0.444041536403838,-1.01375586272089,-93.9571605608713
-0.440915179654982,-1.01145301708415,-93.7773815054454
-0.437776660894841,-1.00913698541203,-93.5964818293714
-0.434625966131039,-1.006807719126,-93.4144569144978
-0.431463082023316,-1.00446516999336,-93.2313021667687
-0.428287995894224,-1.00210929013822,-93.047013017149
-0.42510069573988,-0.999740032052629,-92.8615849225612
-0.421901170240763,-0.997357348607793,-92.6750133668328
-0.418689408772553,-0.994961193065429,-92.4872938616546
-0.415465401417024,-0.992551519089225,-92.2984219475505
-0.41222913897297,-0.990128280756428,-92.1083931948577
-0.408980612967171,-0.987691432569534,-91.9172032047172
-0.405719815665396,-0.985240929468094,-91.724847610076
-0.402446740083442,-0.982776726840635,-91.5313220766986
-0.39916137999821,-0.980298780536695,-91.3366223041913
-0.395863729958786,-0.977807046878946,-91.1407440270331
-0.392553785297574,-0.975301482675453,-90.9436830156207
-0.389231542141444,-0.972782045232022,-90.7454350773219
-0.38589699742289,-0.97024869236465,-90.5459960575385
-0.382550148891222,-0.967701382412093,-90.3453618407808
-0.379190995123756,-0.965140074248515,-90.1435283517506
-0.375819535537023,-0.962564727296253,-89.9404915564342
-0.372435770397987,-0.959975301538666,-89.7362474632054
-0.369039700835263,-0.957371757533089,-89.5307921239371
-0.365631328850338,-0.95475405642387,-89.3241216351227
-0.362210657328788,-0.952122159955507,-89.1162321390065
-0.358777690051494,-0.949476030485864,-88.9071198247222
-0.355332431705839,-0.94681563099948,-88.6967809294418
-0.351874887896902,-0.944140925120956,-88.4852117395308
-0.34840506515863,-0.941451877128427,-88.2724085917135
-0.344922970964982,-0.938748451967102,-88.0583678742449
-0.341428613741078,-0.936030615262903,-87.8430860280931
-0.337922002874269,-0.933298333336142,-87.626559548125
-0.334403148725221,-0.930551573215294,-87.4087849843037
-0.330872062638937,-0.927790302650823,-87.1897589428907
-0.32732875695575,-0.925014490129082,-86.9694780876558
-0.323773245022262,-0.922224104886259,-86.7479391410934
-0.320205541202236,-0.919419116922391,-86.5251388856454
-0.316625660887443,-0.916599497015421,-86.30107416493
-0.313033620508431,-0.913765216735317,-86.0757418849769
-0.309429437545257,-0.910916248458224,-85.8491390154673
-0.305813130538123,-0.908052565380666,-85.6212625909796
-0.302184719097966,-0.905174141533783,-85.3921097122401
-0.298544223916953,-0.902280951797601,-85.1616775473781
-0.294891666778902,-0.89937297191534,-84.9299633331856
-0.291227070569617,-0.896450178507736,-84.6969643763806
-0.28755045928712,-0.893512549087391,-84.4626780548741
-0.283861858051818,-0.890560062073154,-84.2271018190415
-0.280161293116519,-0.887592696804478,-83.9902331929945
-0.276448791876383,-0.884610433555828,-83.7520697758575
-0.272724382878747,-0.881613253551067,-83.5126092430464
-0.268988095832829,-0.87860113897785,-83.2718493475472
-0.265239961619316,-0.875574073002007,-83.029787921198
-0.261480012299816,-0.872532039781926,-82.786422875971
-0.257708281126192,-0.869475024482906,-82.5417522052551
-0.253924802549737,-0.8664030132915,-82.2957739851387
-0.250129612230229,-0.863315993429831,-82.0484863756929
-0.246322747044808,-0.860213953169869,-81.7998876222522
-0.242504245096732,-0.857096881847685,-81.5499760566963
-0.238674145723938,-0.853964769877645,-81.2987500987286
-0.234832489507462,-0.850817608766576,-81.046208257153
-0.230979318279682,-0.847655391127866,-80.7923491311486
-0.227114675132364,-0.8444781106955,-80.5371714115405
-0.223238604424569,-0.84128576233806,-80.2806738820686
-0.219351151790315,-0.83807834207261,-80.0228554206499
-0.215452364146085,-0.834855847078545,-79.7637150006386
-0.211542289698124,-0.83161827571133,-79.5032516920798
-0.207620977949528,-0.828365627516169,-79.2414646629583
-0.203688479707115,-0.825097903241563,-78.9783531804408
-0.199744847088095,-0.821815104852782,-78.7139166121118
-0.195790133526497,-0.818517235545214,-78.448154427202
-0.191824393779383,-0.815204299757612,-78.1810661978096
-0.187847683932819,-0.811876303185217,-77.9126516001125
-0.183860061407602,-0.808533252792746,-77.642910415572
-0.179861584964753,-0.805175156827263,-77.3718425321276
-0.175852314710743,-0.80180202483089,-77.099447945381
-0.171832312102474,-0.79841386765339,-76.8257267597702
-0.167801639951985,-0.795010697464578,-76.5506791897316
-0.163760362430898,-0.791592527766588,-76.2743055608521
-0.159708545074577,-0.788159373405956,-75.9966063110061
-0.155646254786037,-0.784711250585558,-75.7175819914836
-0.151573559839515,-0.781248176876316,-75.4372332681
-0.147490529883795,-0.77777017122877,-75.1555609222955
-0.143397235945218,-0.774277253984422,-74.8725658522185
-0.139293750430391,-0.770769446886889,-74.5882490737935
-0.135180147128588,-0.767246773092845,-74.3026117217731
-0.131056501213835,-0.763709257182748,-74.0156550507738
-0.126922889246684,-0.760156925171336,-73.7273804362942
-0.122779389175656,-0.756589804517912,-73.4377893757158
-0.118626080338364,-0.753007924136369,-73.1468834892852
-0.114463043462285,-0.749411314404981,-72.8546645210768
-0.11029036066522,-0.745800007175949,-72.5611343399368
-0.106108115455387,-0.742174035784678,-72.2662949404063
-0.101916392731173,-0.738533435058793,-71.9701484436233
-0.0977152787805445,-0.734878241326882,-71.6726970982036
-0.0935048612800777,-0.731208492426959,-71.3739432810991
-0.0892852292936628,-0.727524227714653,-71.0738894984349
-0.0850564732707949,-0.723825488071077,-70.7725383863197
-0.0808186850445345,-0.720112315910417,-70.4698927116356
-0.0765719578290785,-0.716384755187219,-70.1659553728017
-0.0723163862169523,-0.712642851403343,-69.8607294005122
-0.0680520661758241,-0.708886651614615,-69.5542179584497
-0.0637790950449287,-0.705116204437138,-69.2464243439712
-0.0594975715311099,-0.701331560053284,-68.9373519887673
-0.0552075957044627,-0.697532770217334,-68.6270044594942
-0.0509092689935848,-0.693719888260773,-68.3153854583765
-0.0466026941804273,-0.689892969097244,-68.0024988237825
-0.0422879753947485,-0.68605206922713,-67.6883485307692
-0.0379652181081538,-0.682197246741776,-67.3729386915975
-0.0336345291277437,-0.678328561327343,-67.0562735562172
-0.0292960165893365,-0.674446074268282,-66.7383575127209
-0.0249497899502933,-0.670549848450424,-66.4191950877662
-0.020595959981918,-0.666639948363685,-66.0987909469652
-0.0162346387614672,-0.662716440104388,-65.7771498952439
-0.0118659396636966,-0.658779391377151,-65.4542768771638
-0.00748997735204016,-0.654828871496412,-65.1301769772147
-0.00310686776934022,-0.650864951387523,-64.8048554200703
0.00128327187183311,-0.646887703587428,-64.4783175708105
0.00568032309928696,-0.642897202244932,-64.1505689351079
0.0100841661917256,-0.63889352312054,-63.8216151593796
0.014494680189701,-0.634876743585865,-63.4914620309019
0.0189117429069802,-0.630846942622613,-63.1601154778898
0.0233352309423332,-0.626804200821117,-62.8275815695385
0.0277650196917484,-0.622748600378445,-62.4938665160288
0.0322009833610625,-0.618680225096051,-62.1589766684938
0.0366429949790139,-0.614599160376989,-61.8229185189487
0.0410909264107182,-0.610505493222664,-61.4856987001813
0.0455446483715541,-0.606399312229139,-61.1473239856045
0.0500040304414801,-0.602280707582969,-60.8078012890693
0.0544689410797327,-0.598149771056612,-60.46713766464
0.0589392476399964,-0.594006596003312,-60.1253403063267
0.0634148163859248,-0.589851277351583,-59.7824165477811
0.0678955125071024,-0.585683911599185,-59.438373861951
0.0723812001354035,-0.581504596806648,-59.0932198606943
0.0768717423617579,-0.577313432590317,-58.7469622943528
0.0813670012533098,-0.573110520114932,-58.399609051285
0.0858668378709766,-0.568895962085728,-58.0511681573586
0.0903711122874056,-0.56466986274006,-57.701647775401
0.0948796836053051,-0.560432327838565,-57.3510562046099
0.0993924099761758,-0.556183464655833,-56.9994018799218
0.103909148619412,-0.551923381970611,-56.646693371339
0.108429755841783,-0.547652190055531,-56.2929393832161
0.112954087057281,-0.543370000666366,-55.9381487535043
0.117481996807341,-0.539076927030799,-55.5823304529541
0.122013338781416,-0.534773083836731,-55.2254935842771
0.126547965837895,-0.530458587220126,-54.8676473812675
0.131085730025404,-0.526133554752351,-54.5088012078784
0.135626482604413,-0.521798105427076,-54.1489645572608
0.140170074069195,-0.517452359646708,-53.78814705076
0.144716354170115,-0.513096439208337,-53.4263584368702
0.149265171936239,-0.508730467289243,-53.063608590149
0.15381637569826,-0.504354568431928,-52.6999075100906
0.15836981311173,-0.499968868528704,-52.335265319959
0.1629253311806,-0.495573494805811,-51.9696922655804
0.167482776281044,-0.491168575807104,-51.6031987140952
0.172041994185573,-0.486754241377281,-51.2357951526708
0.17660283008743,-0.482330622644676,-50.8674921871741
0.181165128625245,-0.47789785200361,-50.4983005408058
0.185728733907961,-0.473456063096314,-50.1282310526938
0.190293489540004,-0.469005390794425,-49.7572946764505
0.194859238646699,-0.464545971180051,-49.3855024786896
0.199425823899923,-0.460077941526428,-49.0128656375063
0.203993087543963,-0.455601440278179,-48.6393954409214
0.208560871421632,-0.45111660703112,-48.2651032852839
0.213129017000543,-0.446623582511731,-47.890000673643
0.217697365399607,-0.442122508556183,-47.5140992140797
0.222265757415708,-0.437613528089014,-47.1374106180056
0.226834033550556,-0.433096785101405,-46.7599466984249
0.231402034037704,-0.428572424629094,-46.3817193681635
0.23596959886972,-0.424040592729927,-46.0027406380635
0.240536567825508,-0.419501436461051,-45.6230226151449
0.245102780497756,-0.414955103855757,-45.2425775007345
0.249668076320513,-0.410401743899989,-44.8614175885635
0.254232294596876,-0.405841506508514,-44.4795552628328
0.258795274526784,-0.40127454250078,-44.0970029962488
0.263356855234888,-0.39670100357645,-43.7137733480295
0.267916875798521,-0.392121042290635,-43.32987896188
0.272475175275727,-0.38753481202883,-42.945332563941
0.277031592733324,-0.382942466981584,-42.5601469607108
0.281585967275068,-0.378344162118846,-42.1743350369366
0.286138138069796,-0.373740053164095,-41.7879097534839
0.290687944379622,-0.369130296568187,-41.4008841451787
0.295235225588135,-0.364515049482962,-41.0132713186256
0.299779821228598,-0.359894469734612,-40.6250844500027
0.304321571012138,-0.355268715796831,-40.2363367828335
0.308860314855911,-0.350637946763738,-39.8470416257369
0.313395892911237,-0.346002322322607,-39.4572123501569
0.317928145591676,-0.341362002726399,-39.0668623880719
0.322456913601065,-0.336717148766109,-38.6760052296846
0.326982037961473,-0.332067921742946,-38.2846544210945
0.33150336004108,-0.327414483440353,-37.8928235619528
0.336020721581962,-0.322756996095875,-37.5005263031005
0.340533964727778,-0.318095622372894,-37.1077763441925
0.345042932051342,-0.313430525332226,-36.7145874313053
0.349547466582045,-0.308761868403641,-36.320973354535
0.3540474118332,-0.304089815357215,-35.9269479455771
0.358542611829169,-0.299414530274654,-35.5325250753009
0.363032911132375,-0.294736177520511,-35.1377186513097
0.367518154870133,-0.290054921713331,-34.742542615493
0.371998188761297,-0.285370927696757,-34.3470109415703
0.37647285914272,-0.280684360510575,-33.9511376326264
0.380942012995508,-0.275995385361741,-33.5549367186423
0.38540549797107,-0.27130416759538,-33.1584222540184
0.389863162416934,-0.266610872665779,-32.7616083150954
0.394314855402338,-0.261915666107383,-32.3645089976704
0.398760426743578,-0.257218713505808,-31.9671384145115
0.4031997270291,-0.252520180468879,-31.5695106928708
0.407632607644334,-0.247820232597708,-31.1716399719968
0.412058920796252,-0.243119035457821,-30.7735404006483
0.416478519537645,-0.238416754550351,-30.3752261346093
0.420891257791121,-0.233713555283297,-29.9767113342065
0.42529699037277,-0.229009602942889,-29.5780101618326
0.42969557301558,-0.224305062665009,-29.1791367794701
0.434086862392477,-0.219600099406763,-28.7801053462254
0.438470716139071,-0.214894877918148,-28.3809300158664
0.442846992876064,-0.210189562713857,-27.9816249343699
0.447215552231315,-0.205484318045224,-27.5822042374761
0.451576254861557,-0.200779307872316,-27.1826820482536
0.455928962473756,-0.196074695836199,-26.7830724746743
0.460273537846109,-0.191370645231369,-26.3833896072013
0.464609844848672,-0.186667318978364,-25.9836475163868
0.468937748463605,-0.181964879596586,-25.5838602504858
0.473257114805041,-0.177263489177305,-25.1840418330824
0.477567811138559,-0.172563309356901,-24.7842062607325
0.481869705900264,-0.167864501290309,-24.3843675006212
0.486162668715461,-0.163167225624715,-23.9845394882385
0.49044657041693,-0.158471642473482,-23.5847361250718
0.494721283062765,-0.153777911390351,-23.1849712763184
0.498986679953836,-0.149086191343867,-22.785258768615
0.503242635650789,-0.144396640692109,-22.3856123877897
0.507489025990636,-0.139709417157687,-21.9860458766344
0.511725728102913,-0.135024677803029,-21.5865729326989
0.515952620425401,-0.13034257900596,-21.1872072061078
0.520169582719406,-0.125663276435595,-20.7879622974006
0.524376496084599,-0.12098692502853,-20.3888517553956
0.528573242973407,-0.116313678965369,-19.9898890750795
0.532759707204964,-0.111643691647567,-19.5910876955218
0.536935773978591,-0.106977115674614,-19.1924609978153
0.541101329886847,-0.102314102821554,-18.7940223030438
0.545256262928108,-0.0976548040168611,-18.395784870277
0.549400462518687,-0.0929993693206631,-17.9977618945939
0.553533819504505,-0.0883479479033275,-17.599966505134
0.5576562261723,-0.0837006880244136,-17.2024117631783
0.56176757626035,-0.0790577370120146,-16.8051106602612
0.56586776496878,-0.0744192412424376,-16.4080761163099
0.569956688969359,-0.0697853461203085,-16.0113209778174
0.574034246414866,-0.0651561960590428,-15.6148580160451
0.578100336947969,-0.0605319344617183,-15.2186999252588
0.582154861709658,-0.0559127037023401,-14.8228593209951
0.586197723347209,-0.0512986451075084,-14.4273487383617
0.590228826021682,-0.0466898989384962,-14.0321806303707
0.594248075414959,-0.0420866043737334,-13.6373673663051
0.598255378736333,-0.037488899491699,-13.2429212301185
0.602250644728618,-0.032896921254241,-12.8488544188708
0.606233783673819,-0.0283108054903048,-12.4551790411964
0.610204707398342,-0.0237306868800879,-12.0619071158082
0.614163329277747,-0.0191566989396168,-11.6690505700365
0.61810956424105,-0.0145889740057571,-11.2766212384039
0.622043328774587,-0.0100276432216389,-10.8846308612338
0.625964540925423,-0.00547283652252089,-10.4930910832967
0.629873120304307,-0.000924682622101385,-10.1020134524929
0.633768988088223,0.00361669100078171,-9.71140941856749
0.637652067022472,0.00815115811497253,-9.32129033186641
0.641522281422328,0.0126785937494034,-8.93166744212619
0.645379557174278,0.0171988742050691,-8.54255189730055
0.649223821736822,0.0217118770665569,-8.15395474242438
0.653055004140864,0.0262174812131517,-7.76588691851323
0.656873034989674,0.030715566829492,-7.37835926150105
0.660677846458455,0.0352060154158088,-6.9913825012129
0.664469372293481,0.0396887097977153,-6.604967260376
0.668247547810853,0.0441635341355749,-6.21912405366632
0.67201230989484,0.0486303739334249,-5.83386328679307
0.675763596995841,0.0530891160474891,-5.44919525561822
0.679501349127946,0.0575396486942338,-5.0651301453148
0.683225507866129,0.0619818614580261,-4.68167802955932
0.68693601634305,0.0664156452983467,-4.2988488697623
0.690632819245487,0.0708408925565718,-3.91665251433565
0.694315862810423,0.0752574969623732,-3.53509869799286
0.697985094820743,0.0796653536396538,-3.15419704108916
0.701640464600596,0.0840643591120925,-2.77395704899528
0.705281923010404,0.0884544113082709,-2.39438811150734
0.708909422441526,0.0928354095663874,-2.0154995022923
0.712522916810591,0.0972072546385653,-1.63730037836857
0.7161223615535,0.101569848694762,-1.25979977962128
0.719707713619099,0.105923095326268,-0.883006628352942
0.723278931462548,0.11026689954882,-0.506929728868133
0.726835975038367,0.114601167805315,-0.131577767092087
0.730378805793182,0.118925807968136,0.243040689775782
0.733907386658178,0.123240729341094,0.61691719357587
0.737421682041256,0.127545842660992,0.99004341546828
0.740921657818909,0.131841060098808,1.36241114618042
0.744407281327826,0.136126295260513,1.73401229622142
0.747878521356201,0.140401463187501,2.10483889606342
0.751335348134823,0.144666480356699,2.47488309629385
0.754777733327867,0.148921264680275,2.84413716773313
0.758205650023458,0.153165735505016,3.21259350152219
0.761619072723982,0.157399813611355,3.5802446091797
0.765017977336167,0.161623421212054,3.94708312262836
0.768402341160932,0.165836481950547,4.31310179419136
0.771772142883015,0.170038920898957,4.67829349655932
0.775127362560383,0.174230664555779,5.04265122272795
0.778467981613435,0.178411640843251,5.40616808590737
0.781793982814003,0.182581779104393,5.76883731940233
0.785105350274163,0.186741010099758,6.13065227646582
0.788402069434843,0.190889266003856,6.49160643012392
0.791684127054273,0.195026480401293,6.851693372975
0.794951511196238,0.199152588282612,7.21090681696145
0.798204211218173,0.203267526039849,7.56924059311604
0.801442217759109,0.207371231461802,7.92668865128291
0.804665522727426,0.211463643729017,8.28324505981148
0.807874119288518,0.215544703408538,8.63890400523005
0.811068001852259,0.219614352448345,8.99365979189064
0.814247166060371,0.223672534171572,9.34750684159333
0.817411608773644,0.227719193270447,9.70043969318588
0.820561328059051,0.231754275800002,10.0524530021418
0.823696323176731,0.235777729171538,10.4035415401153
0.826816594566876,0.239789502145847,10.7537001944755
0.829922143836507,0.243789544826222,11.1029239678189
0.833012973746161,0.247777808651228,11.4512079774613
0.836089088196475,0.251754246387265,11.7985474549099
0.839150492214706,0.255718812120922,12.1449377453155
0.842197191941148,0.25967146125112,12.4903743069055
0.845229194615498,0.26361215048106,12.8348527103984
0.848246508563141,0.267540837809979,13.1783686383999
0.851249143181384,0.27145748252472,13.5209178847822
0.85423710892562,0.275362045191104,13.8624963540437
0.857210417295468,0.279254487645166,14.2031000606563
0.860169080820839,0.283134772984179,14.5427251283925
0.863113113047987,0.287002865557541,14.8813677896384
0.866042528525508,0.29085873095749,15.2190243846918
0.868957342790329,0.294702336009676,15.5556913610453
0.871857572353657,0.298533648763586,15.8913652726547
0.874743234686922,0.302352638482817,16.2260427791944
0.877614348207699,0.306159275635234,16.5597206452994
0.88047093226563,0.309953531882977,16.8923957397938
0.883313007128332,0.313735380072355,17.2240650349079
0.886140593967319,0.317504794223623,17.5547256054829
0.888953714843916,0.321261749520642,17.8843746281642
0.891752392695196,0.325006222300426,18.2130093805844
0.894536651319924,0.328738190042598,18.5406272405347
0.897306515364522,0.332457631358738,18.8672256851276
0.900062010309056,0.336164525981635,19.192802289948
0.902803162453257,0.339858854754474,19.5173547281982
0.905529998902564,0.343540599619918,19.8408807698316
0.90824254755421,0.347209743609113,20.1633782806787
0.910940837083341,0.35086627083064,20.484845221566
0.913624896929182,0.354510166459377,20.8052796474269
0.91629475728125,0.358141416725311,21.1246797064055
0.918950449065612,0.361760008902289,21.4430436389542
0.921592003931206,0.365365931296712,21.7603697769246
0.924219454236205,0.368959173236185,22.0766565426531
0.926832833034456,0.372539725058119,22.3919024480408
0.929432174061971,0.37610757809829,22.7061060936282
0.932017511723489,0.379662724679368,23.0192661676657
0.93458888107911,0.383205158099413,23.3313814451795
0.937146317830994,0.386734872620334,23.6424507870335
0.939689858310141,0.390251863456342,23.9524731389881
0.942219539463249,0.393756126762368,24.2614475307558
0.94473539883964,0.397247659622461,24.5693730750523
0.94723747457829,0.400726460038201,24.8762489666484
0.94972580539493,0.404192526917079,25.1820744814166
0.952200430569231,0.407645860060875,25.4868489753777
0.954661389932091,0.411086460154047,25.7905718837447
0.957108723853007,0.414514328752113,26.0932427199667
0.959542473227537,0.417929468270042,26.3948610747711
0.961962679464869,0.421331881970654,26.6954266152052
0.964369384475476,0.424721573953036,26.9949390836782
0.96676263065888,0.428098549140969,27.2933982970026
0.96914246089151,0.431462813271378,27.5908041454361
0.97150891851467,0.434814372882804,27.8871565917239
0.973862047322604,0.438153235303895,28.1824556701425
0.976201891550676,0.441479408641938,28.4767014855437
0.978528495863647,0.444792901771408,28.7698942124006
0.980841905344075,0.448093724322563,29.0620340938553
0.983142165480804,0.451381886670057,29.353121440767
0.985429322157588,0.454657399921622,29.6431566307656
0.987703421641815,0.457920275906763,29.9321401073037
0.989964510573343,0.461170527165511,30.220072378714
0.992212635953454,0.464408166937217,30.5069540172676
0.994447845133923,0.467633209149401,30.7927856582373
0.996670185806207,0.470845668406646,31.077567998962
0.998879705990745,0.474045559979548,31.3613017979165
1.00107645402637,0.47723289979372,31.6439878737831
1.00326047855988,0.480407704418852,31.9256271045288
1.00543182853563,0.483569991057839,32.206220426485
1.00759055318539,0.486719777535953,32.4857688334324
1.00973670201819,0.489857082290097,32.7642733756896
1.01187032481035,0.492981924358109,33.041735159207
1.01399147159561,0.496094323368141,33.3181553446643
1.01610019265542,0.499194299528106,33.5935351465742
1.0181965385093,0.502281873615178,33.8678758323892
1.02028055990532,0.505357066965398,34.1411787216161
1.02235230781079,0.508419901463316,34.4134451849339
1.02441183340293,0.511470399531729,34.6846766433173
1.0264591880598,0.514508584121483,34.9548745671665
1.02849442335125,0.517534478701361,35.2240404754422
1.03051759103005,0.520548107248041,35.4921759348063
1.03252874302315,0.523549494236135,35.7592825587691
1.03452793142297,0.526538664628309,36.0253620068419
1.03651520847894,0.529515643865487,36.2904159836958
1.03849062658907,0.53248045785713,36.5544462383275
1.04045423829168,0.535433132971599,36.8174545632304
1.04240609625724,0.538373696026609,37.0794427935724
1.0443462532803,0.541302174279762,37.3404128063811
1.04627476227165,0.544218595419162,37.600366519734
1.04819167625042,0.547122987554122,37.8593058919571
1.05009704833649,0.550015379205963,38.1172329208291
1.05199093174285,0.552895799298874,38.3741496427919
1.05387337976823,0.555764277150901,38.6300581321701
1.05574444578974,0.55862084246499,38.8849605003958
1.05760418325564,0.561465525320134,39.1388588952399
1.05945264567829,0.564298356162607,39.3917555000525
1.06128988662717,0.567119365797287,39.6436525330082
1.06311595972198,0.569928585379071,39.8945522463602
1.06493091862595,0.572726046404378,40.1444569257006
1.06673481703916,0.575511780702745,40.3933688892286
1.06852770869206,0.578285820428511,40.6412904870252
1.07030964733905,0.581048198052599,40.8882241003361
1.07208068675218,0.583798946354379,41.1341721408613
1.07384088071496,0.58653809841363,41.3791370500519
1.07559028301633,0.589265687602594,41.6231212984154
1.07732894744465,0.591981747578117,41.8661273848267
1.07905692778187,0.594686312273887,42.1081578358483
1.08077427779777,0.597379415892751,42.3492152050559
1.08248105124434,0.600061092899148,42.5893020723738
1.08417730185023,0.602731378011613,42.8284210434158
1.08586308331532,0.605390306195372,43.0665747488346
1.08753844930541,0.608037912655047,43.303765843678
1.08920345344699,0.610674232827429,43.5399970067533
1.09085814932212,0.613299302374361,43.775270939998
1.09250259046341,0.615913157175702,44.0095903678597
1.0941368303491,0.61851583332238,44.2429580366814
1.09576092239828,0.621107367109545,44.4753767140959
1.0973749199661,0.623687795029805,44.7068491884267
1.09897887633922,0.626257153766548,44.9373782680964
1.10057284473123,0.628815480187365,45.1669667810429
1.10215687827826,0.631362811337555,45.3956175741425
1.10373103003462,0.633899184433712,45.6233335126406
1.10529535296857,0.63642463685742,45.8501174795897
1.10684989995815,0.638939206149016,46.0759723752947
1.10839472378717,0.641442930001444,46.3009011167649
1.10992987714117,0.643935846254214,46.5249066371745
1.11145541260363,0.646417992887423,46.7479918853294
1.1129713826521,0.648889408015879,46.970159825141
1.11447783965454,0.651350129883304,47.1914134351083
1.11597483586568,0.653800196856621,47.4117557078052
1.11746242342354,0.656239647420332,47.6311896493772
1.1189406543459,0.658668520170974,47.8497182790431
1.12040958052702,0.661086853811661,48.0673446286053
1.12186925373429,0.663494687146709,48.2840717419657
1.12331972560509,0.665892059076345,48.49990267465
1.12476104764362,0.668279008591493,48.714840493337
1.12619327121788,0.67065557476865,48.928888275397
1.12761644755671,0.673021796764831,49.142049108435
1.1290306277469,0.675377713812607,49.3543260898419
1.13043586273036,0.677723365215211,49.5657223263521
1.13183220330142,0.680058790341727,49.7762409336067
1.13321970010415,0.682384028622365,49.985885035726
1.13459840362975,0.684699119543799,50.1946577648856
1.13596836421406,0.687004102644595,50.4025622609005
1.13732963203512,0.689299017510707,50.6096016708159
1.13868225711077,0.69158390377105,50.8157791485034
1.14002628929634,0.693858801093155,51.0210978542647
1.14136177828242,0.696123749178883,51.2255609544408
1.1426887735927,0.698378787760233,51.4291716210277
1.14400732458185,0.700623956595204,51.6319330312985
1.14531748043344,0.702859295463738,51.8338483674314
1.14661929015804,0.705084844163737,52.0349208161442
1.14791280259123,0.707300642507146,52.2351535683342
1.14919806639178,0.709506730316105,52.4345498187248
1.15047513003985,0.711703147419174,52.6331127655175
1.15174404183526,0.713889933647629,52.8308456100503
1.1530048498958,0.716067128831812,53.027751556461
1.15425760215563,0.718234772797571,53.2238338113577
1.15550234636372,0.720392905362747,53.4190955834941
1.15673913008232,0.722541566333736,53.61354008345
1.15796800068554,0.72468079550211,53.8071705233187
1.15918900535797,0.726810632641311,53.9999901163989
1.16040219109328,0.728931117503403,54.1920020768926
1.16160760469298,0.731042289815884,54.383209619608
1.16280529276519,0.733144189278568,54.5736159596684
1.1639953017234,0.735236855560524,54.7632243122262
1.16517767778539,0.737320328297074,54.9520378921814
1.16635246697214,0.739394647086855,55.1400599139067
1.16751971510673,0.741459851488939,55.3272935909765
1.16867946781342,0.743515981020008,55.5137421359016
1.16983177051668,0.745563075151595,55.6994087598689
1.17097666844026,0.747601173307375,55.8842966724862
1.1721142066064,0.749630314860516,56.0684090815315
1.17324442983494,0.751650539131077,56.2517491927066
1.17436738274263,0.753661885383483,56.4343202093981
1.17548310974234,0.755664392824031,56.6161253324397
1.17659165504243,0.757658100598457,56.7971677598816
1.17769306264606,0.759643047789566,56.9774506867636
1.17878737635063,0.7616192734149,57.1569773048927
1.17987463974717,0.763586816424463,57.3357508026258
1.18095489621986,0.765545715698505,57.5137743646566
1.18202818894554,0.767496010045341,57.6910511718061
1.18309456089319,0.769437738199232,57.8675844008191
1.18415405482363,0.771370938818312,58.0433772241635
1.18520671328904,0.773295650482558,58.2184328098348
1.18625257863268,0.775211911691812,58.3927543211639
1.18729169298854,0.777119760863854,58.5663449166301
1.1883240982811,0.779019236332512,58.7392077496773
1.18934983622506,0.780910376345825,58.9113459685349
1.19036894832514,0.782793219064241,59.0827627160414
1.19138147587591,0.78466780255888,59.2534611294741
1.19238745996161,0.786534164809819,59.4234443403808
1.19338694145606,0.788392343704426,59.5927154744156
1.19437996102258,0.790242377035748,59.7612776511796
1.19536655911389,0.79208430250092,59.9291339840635
1.19634677597211,0.793918157699638,60.0962875800958
1.19732065162875,0.795743980132655,60.262741539793
1.19828822590472,0.797561807200324,60.4284989570142
1.1992495384104,0.799371676201183,60.5935629188192
1.20020462854569,0.801173624330573,60.7579365053297
1.20115353550013,0.802967688679298,60.9216227895939
1.20209629825302,0.804753906232319,61.084624837455
1.20303295557357,0.806532313867493,61.2469457074224
1.20396354602107,0.808302948354336,61.4085884505464
1.20488810794506,0.810065846352838,61.5695561102964
1.20580667948561,0.811821044412289,61.7298517224412
1.2067192985735,0.813568578970173,61.8894783149342
1.20762600293052,0.815308486351066,62.0484389077997
1.20852683006972,0.817040802765584,62.2067365130241
1.20942181729574,0.81876556430936,62.3643741344483
1.21031100170512,0.820482806962052,62.5213547676643
1.21119442018665,0.822192566586384,62.6776813999143
1.2120721094217,0.823894878927222,62.8333570099923
1.21294410588465,0.825589779610676,62.9883845681491
1.21381044584326,0.827277304143233,63.1427670359997
1.21467116535907,0.828957487910927,63.2965073664334
1.21552630028786,0.830630366178525,63.4496085035263
1.21637588628007,0.832295974088758,63.6020733824575
1.2172199587813,0.833954346661565,63.7539049294264
1.21805855303277,0.835605518793378,63.9051060615737
1.21889170407179,0.837249525256428,64.0556796869042
1.21971944673232,0.838886400698077,64.2056287042127
1.22054181564546,0.840516179640177,64.3549560030111
1.22135884524001,0.842138896478461,64.50366446346
1.22217056974301,0.843754585481955,64.6517569563002
1.2229770231803,0.845363280792413,64.7992363427885
1.22377823937711,0.846965016423777,64.9461054746341
1.22457425195866,0.84855982626167,65.0923671939388
1.22536509435073,0.850147744062903,65.238024333138
1.22615079978032,0.851728803455006,65.3830797149452
1.22693140127624,0.85330303793579,65.527536152297
1.22770693166976,0.854870480872923,65.6713964483017
1.22847742359527,0.856431165503533,65.8146633961891
1.22924290949091,0.857985124933831,65.9573397792626
1.23000342159928,0.859532392138753,66.0994283708528
1.23075899196808,0.861072999961632,66.240931934274
1.23150965245082,0.862606981113878,66.3818532227812
1.23225543470751,0.864134368174689,66.5221949795309
1.23299637020536,0.865655193590771,66.6619599375412
1.23373249021951,0.86716948967609,66.8011508196562
1.23446382583374,0.868677288611634,66.9397703385106
1.2351904079412,0.870178622445196,67.0778211964968
1.23591226724514,0.871673523091176,67.2153060857328
1.2366294342597,0.873162022330401,67.3522276880331
1.2373419393106,0.87464415180996,67.4885886748798
1.23804981253593,0.87611994304306,67.6243917073969
1.23875308388693,0.877589427408898,67.7596394363242
1.23945178312873,0.879052636152547,67.8943345019948
1.24014593984114,0.880509600384862,68.0284795343128
1.24083558341946,0.881960351082397,68.1620771527327
1.24152074307522,0.883404919087344,68.2951299662409
1.242201447837,0.884843335107479,68.4276405733377
1.24287772655125,0.886275629716133,68.5596115620212
1.24354960788306,0.887701833352171,68.6910455097733
1.24421712031697,0.88912197631998,68.8219449835448
1.24488029215782,0.890536088789489,68.952312539745
1.24553915153152,0.891944200796181,69.08215072423
1.2461937263859,0.893346342241137,69.2114620722934
1.24684404449152,0.894742542891076,69.340249108658
1.24749013344253,0.896132832378425,69.468514347469
1.24813202065744,0.89751724020139,69.5962602922879
1.24876973338002,0.898895795724041,69.7234894360882
1.24940329868009,0.900268528176411,69.8502042612515
1.2500327434544,0.90163546665461,69.9764072395656
1.25065809442743,0.902996640120943,70.1021008322228
1.25127937815226,0.904352077404043,70.2272874898203
1.25189662101143,0.905701807199019,70.3519696523603
1.25250984921775,0.907045858067606,70.4761497492527
1.2531190888152,0.908384258438332,70.5998301993176
1.25372436567974,0.909717036606697,70.7230134107893
1.25432570552017,0.911044220735353,70.8457017813215
1.25492313387903,0.912365838854299,70.9678976979923
1.2555166761334,0.913681918861092,71.0896035373121
1.25610635749578,0.914992488521056,71.2108216652307
1.25669220301496,0.916297575467509,71.3315544371459
1.25727423757688,0.917597207201988,71.4518041979131
1.25785248590547,0.918891411094497,71.5715732818553
1.25842697256351,0.920180214383754,71.6908640127749
1.25899772195351,0.921463644177444,71.8096787039646
1.25956475831858,0.922741727452491,71.9280196582214
1.26012810574327,0.924014491055326,72.0458891678589
1.26068778815441,0.925281961702171,72.1632895147226
1.26124382932204,0.926544165979324,72.2802229702043
1.2617962528602,0.927801130343456,72.3966917952578
1.26234508222783,0.929052881121914,72.5126982404159
1.26289034072962,0.930299444513029,72.628244545807
1.26343205151688,0.931540846586433,72.7433329411732
1.26397023758836,0.932777113283377,72.8579656458883
1.26450492179118,0.934008270417067,72.9721448689776
1.26503612682161,0.935234343672992,73.0858728091374
1.26556387522598,0.936455358609269,73.1991516547548
1.2660881894015,0.937671340656987,73.3119835839293
1.26660909159715,0.93888231512056,73.424370764494
1.2671266039145,0.940088307178082,73.5363153540378
1.26764074830858,0.941289341881697,73.6478194999277
1.26815154658872,0.942485444157956,73.7588853393325
1.2686590204194,0.9436766388082,73.8695149992458
1.26916319132112,0.944862950508932,73.9797105965109
1.26966408067118,0.946044403812201,74.0894742378448
1.27016170970463,0.947221023145989,74.198808019864
1.27065609951499,0.948392832814602,74.3077140291095
1.27114727105519,0.949559856999066,74.4161943420733
1.27163524513834,0.950722119757528,74.524251025225
1.27212004243861,0.951879645025655,74.631886135038
1.27260168349203,0.953032456617046,74.7391017180179
1.27308018869734,0.954180578223644,74.8458998107295
1.27355557831684,0.955324033416146,74.9522824398254
1.27402787247714,0.956462845644425,75.0582516220744
1.27449709117009,0.957597038237952,75.16380936439
1.27496325425351,0.958726634406218,75.2689576638607
1.27542638145206,0.959851657239164,75.3736985077783
1.27588649235805,0.960972129707611,75.4780338736692
1.27634360643223,0.962088074663694,75.5819657293235
1.27679774300463,0.963199514841301,75.6854960328265
1.27724892127537,0.964306472856506,75.7886267325889
1.27769716031543,0.965408971208017,75.8913597673787
1.27814247906748,0.966507032277618,75.993697066352
1.2785848963467,0.967600678330613,76.0956405490854
1.27902443084153,0.96868993151628,76.1971921256075
1.27946110111451,0.969774813868318,76.2983536964317
1.27989492560302,0.970855347305296,76.3991271525882
1.28032592262014,0.971931553631117,76.4995143756569
1.28075411035536,0.973003454535469,76.5995172378011
1.28117950687543,0.974071071594285,76.6991376017998
1.28160213012507,0.975134426270199,76.7983773210817
1.28202199792782,0.976193539913014,76.8972382397586
1.28243912798675,0.97724843376016,76.9957221926594
1.28285353788527,0.978299128937161,77.0938310053641
1.28326524508789,0.979345646458101,77.191566494238
1.28367426694097,0.980388007226086,77.288930466466
1.28408062067347,0.981426232033722,77.3859247200875
1.28448432339775,0.982460341563573,77.4825510440308
1.2848853921103,0.983490356388638,77.5788112181478
1.28528384369245,0.984516296972822,77.6747070132498
1.2856796949112,0.985538183671405,77.7702401911418
1.28607296241989,0.986556036731516,77.8654125046581
1.28646366275899,0.987569876292608,77.9602256976979
1.28685181235679,0.988579722386927,78.0546815052604
1.28723742753018,0.989585594939995,78.1487816534812
1.28762052448535,0.990587513771078,78.242527859667
1.28800111931852,0.991585498593662,78.3359218323324
1.28837922801667,0.992579569015934,78.4289652712352
1.28875486645825,0.993569744541254,78.5216598674128
1.28912805041393,0.99455604456863,78.614007303218
1.28949879554724,0.995538488393201,78.7060092523554
1.28986711741537,0.996517095206706,78.7976673799177
1.29023303146978,0.997491884097968,78.8889833424217
1.29059655305698,0.998462874053367,78.979958787845
1.2909576974192,0.999430083957315,79.0705953556622
1.29131647969507,1.00039353259274,79.1608946768816
1.29167291492031,1.00135323864155,79.2508583740815
1.29202701802845,1.00230922068513,79.3404880614468
1.29237880385148,1.00326149720479,79.4297853448055
1.29272828712056,1.00421008658227,79.5187518216658
1.29307548246666,1.00515500710019,79.6073890812521
1.29342040442127,1.00609627694255,79.695698704542
1.29376306741702,1.00703391419519,79.783682264303
1.29410348578841,1.00796793684626,79.8713413251291
1.29444167377241,1.00889836278669,79.9586774434775
1.29477764550917,1.00982520981071,80.0456921677052
1.29511141504264,1.01074849561624,80.132387038106
1.29544299632123,1.01166823780544,80.2187635869469
1.29577240319845,1.01258445388514,80.3048233385049
1.29609964943358,1.01349716126733,80.3905678091036
1.29642474869228,1.01440637726959,80.47599850715
1.29674771454724,1.01531211911564,80.5611169331711
1.29706856047881,1.0162144039357,80.6459245798504
1.29738729987564,1.01711324876706,80.7304229320644
1.29770394603528,1.01800867055447,80.8146134669196
1.29801851216484,1.01890068615068,80.8984976537885
1.29833101138154,1.01978931231681,80.9820769543463
1.29864145671343,1.0206745657229,81.0653528226075
1.2989498610999,1.02155646294833,81.1483267049622
1.29925623739234,1.02243502048229,81.2310000402121
1.29956059835473,1.02331025472425,81.3133742596076
1.29986295666424,1.0241821819844,81.3954507868831
1.30016332491185,1.02505081848411,81.477231038294
1.30046171560288,1.02591618035642,81.5587164226525
1.30075814115767,1.02677828364646,81.6399083413635
1.30105261391207,1.02763714431192,81.7208081884611
1.30134514611812,1.0284927782235,81.8014173506441
1.30163574994452,1.02934520116536,81.8817372073123
1.30192443747732,1.03019442883559,81.961769130602
1.3022112207204,1.03104047684664,82.0415144854217
1.30249611159609,1.03188336072576,82.1209746294884
1.3027791219457,1.03272309591547,82.2001509133622
1.30306026353012,1.033559697774,82.2790446804827
1.30333954803034,1.03439318157573,82.3576572672041
1.30361698704804,1.03522356251165,82.4359900028305
1.3038925921061,1.03605085568975,82.5140442096512
1.30416637464918,1.03687507613554,82.5918212029762
1.30443834604426,1.03769623879242,82.6693222911707
1.30470851758117,1.03851435852215,82.7465487756907
1.30497690047312,1.03932945010528,82.8235019511176
1.30524350585725,1.04014152824159,82.900183105193
1.30550834479515,1.04095060755052,82.9765935188538
1.3057714282734,1.04175670257158,83.0527344662664
1.30603276720409,1.04255982776482,83.1286072148614
1.3062923724253,1.04335999751124,83.2042130253681
1.3065502547017,1.0441572261132,83.2795531518488
1.30680642472497,1.04495152779487,83.3546288417331
1.30706089311438,1.04574291670265,83.4294413358518
1.30731367041726,1.04653140690556,83.5039918684711
1.30756476710952,1.04731701239573,83.5782816673268
1.30781419359614,1.04809974708874,83.6523119536574
1.30806196021166,1.04887962482409,83.7260839422386
1.30830807722072,1.04965665936561,83.7995988414162
1.30855255481847,1.05043086440183,83.8728578531402
1.30879540313113,1.05120225354647,83.9458621729977
1.30903663221644,1.05197084033878,84.0186129902463
1.30927625206414,1.05273663824398,84.0911114878474
1.30951427259646,1.05349966065368,84.1633588424991
1.30975070366858,1.05425992088625,84.235356224669
1.30998555506913,1.05501743218726,84.3071047986271
1.31021883652061,1.05577220772986,84.3786057224788
1.3104505576799,1.05652426061519,84.4498601481966
1.31068072813868,1.05727360387277,84.5208692216537
1.31090935742395,1.05802025046093,84.5916340826552
1.31113645499842,1.05876421326715,84.6621558649711
1.31136203026099,1.0595055051085,84.7324356963678
1.3115860925472,1.06024413873202,84.8024746986406
1.3118086511297,1.06098012681509,84.8722739876452
1.31202971521864,1.06171348196587,84.9418346733293
1.31224929396215,1.06244421672363,85.0111578597646
1.31246739644676,1.06317234355915,85.0802446451778
1.31268403169786,1.06389787487513,85.1490961219821
1.31289920868009,1.06462082300655,85.2177133768085
1.3131129362978,1.06534120022107,85.2860974905371
1.31332522339547,1.06605901871936,85.3542495383271
1.31353607875811,1.06677429063554,85.422170589649
1.31374551111174,1.06748702803752,85.4898617083142
1.31395352912371,1.06819724292736,85.5573239525059
1.31416014140321,1.06890494724168,85.6245583748097
1.31436535650163,1.06961015285201,85.691566022244
1.31456918291296,1.07031287156514,85.7583479362897
1.31477162907424,1.07101311512352,85.8249051529205
1.31497270336592,1.07171089520561,85.8912387026332
1.31517241411227,1.07240622342622,85.9573496104767
1.31537076958181,1.07309911133693,86.0232388960825
1.31556777798765,1.07378957042637,86.0889075736937
1.31576344748792,1.07447761212064,86.1543566521945
1.31595778618614,1.07516324778365,86.2195871351394
1.31615080213162,1.07584648871745,86.2846000207828
1.31634250331983,1.07652734616263,86.3493963021073
1.31653289769279,1.0772058312986,86.413976966853
1.31672199313945,1.07788195524403,86.4783429975465
1.31690979749606,1.0785557290571,86.5424953715288
1.31709631854653,1.07922716373592,86.6064350609842
1.31728156402283,1.07989627021885,86.6701630329689
1.31746554160532,1.08056305938481,86.7336802494388
1.31764825892316,1.08122754205368,86.7969876672777
1.31782972355463,1.08188972898658,86.8600862383251
1.31800994302751,1.08254963088626,86.9229769094046
1.31818892481944,1.08320725839737,86.9856606223508
1.31836667635827,1.08386262210687,87.0481383140377
1.31854320502239,1.0845157325443,87.1104109164054
1.31871851814113,1.08516660018214,87.1724793564876
1.31889262299507,1.08581523543612,87.2343445564391
1.31906552681638,1.08646164866557,87.2960074335624
1.31923723678918,1.08710585017372,87.3574689003349
1.31940776004988,1.08774785020804,87.4187298644356
1.31957710368751,1.08838765896056,87.4797912287715
1.31974527474405,1.08902528656817,87.5406538915046
1.31991228021479,1.08966074311296,87.6013187460778
1.32007812704861,1.09029403862253,87.6617866812414
1.32024282214837,1.0909251830703,87.7220585810792
1.32040637237117,1.09155418637583,87.7821353250345
1.32056878452873,1.09218105840512,87.8420177879357
1.32073006538767,1.09280580897093,87.9017068400225
1.32089022166986,1.09342844783308,87.9612033469712
1.32104926005272,1.09404898469876,88.0205081699201
1.32120718716953,1.09466742922284,88.079622165495
1.32136400960975,1.09528379100817,88.1385461858346
1.32151973391932,1.09589807960586,88.197281078615
1.32167436660099,1.09651030451561,88.2558276870754
1.3218279141146,1.09712047518601,88.3141868500422
1.32198038287739,1.09772860101479,88.3723594019544
1.3221317792643,1.09833469134916,88.4303461728874
1.32228210960828,1.0989387554861,88.4881479885783
1.32243138020058,1.09954080267264,88.5457656704496
1.32257959729103,1.10014084210612,88.6032000356336
1.32272676708835,1.10073888293454,88.6604518969965
1.32287289576044,1.10133493425682,88.7175220631623
1.32301798943465,1.10192900512304,88.7744113385365
1.32316205419809,1.1025211045348,88.8311205233301
1.32330509609789,1.10311124144545,88.8876504135827
1.32344712114151,1.10369942476039,88.9440018011867
1.32358813529697,1.10428566333734,89.0001754739096
1.32372814449319,1.10486996598662,89.056172215418
1.32386715462024,1.10545234147143,89.1119928053005
1.32400517152958,1.10603279850812,89.1676380190904
1.32414220103438,1.10661134576647,89.2231086282886
1.32427824890978,1.10718799186992,89.2784054003866
1.32441332089313,1.10776274539592,89.3335290988888
1.32454742268427,1.10833561487612,89.3884804833349
1.32468055994582,1.10890660879668,89.4432603093225
1.3248127383034,1.1094757355985,89.4978693285291
1.32494396334593,1.11004300367754,89.5523082887343
1.32507424062585,1.11060842138501,89.6065779338419
1.3252035756594,1.1111719970277,89.6606790039014
1.32533197392686,1.11173373886818,89.71461223513
1.32545944087282,1.11229365512509,89.7683783599344
1.32558598190643,1.1128517539734,89.8219781069318
1.32571160240163,1.11340804354464,89.8754122009718
1.32583630769739,1.11396253192716,89.9286813631572
1.32596010309801,1.11451522716642,89.9817863108658
1.32608299387329,1.11506613726516,90.0347277577705
1.32620498525884,1.11561527018372,90.0875064138612
1.32632608245625,1.11616263384028,90.1401229854649
1.3264462906334,1.11670823611106,90.1925781752667
1.32656561492464,1.11725208483059,90.2448726823304
1.32668406043105,1.11779418779199,90.2970072021187
1.32680163222069,1.11833455274713,90.348982426514
1.32691833532878,1.11887318740696,90.4007990438381
1.32703417475797,1.11941009944167,90.4524577388726
1.32714915547857,1.11994529648098,90.5039591928792
1.32726328242875,1.12047878611436,90.5553040836188
1.32737656051479,1.12101057589125,90.6064930853721
1.32748899461128,1.12154067332132,90.657526868959
1.32760058956136,1.12206908587467,90.7084061017578
1.32771135017693,1.12259582098209,90.7591314477251
1.32782128123888,1.12312088603527,90.8097035674152
1.32793038749727,1.12364428838704,90.860123117999
1.32803867367161,1.12416603535158,90.9103907532831
1.328146144451,1.12468613420466,90.9605071237292
1.3282528044944,1.12520459218385,91.0104728764729
1.32835865843081,1.12572141648878,91.060288655342
1.32846371085948,1.12623661428129,91.109955100876
1.32856796635012,1.12675019268572,91.1594728503442
1.32867142944313,1.12726215878909,91.2088425377641
1.32877410464975,1.12777251964132,91.2580647939201
1.32887599645233,1.12828128225546,91.3071402463817
1.32897710930447,1.12878845360789,91.3560695195215
1.32907744763125,1.12929404063856,91.4048532345333
1.32917701582943,1.12979805025115,91.4534920094504
1.32927581826764,1.13030048931333,91.501986459163
1.32937385928657,1.13080136465696,91.5503371954361
1.32947114319918,1.13130068307827,91.5985448269275
1.32956767429087,1.1317984513381,91.6466099592048
1.32966345681969,1.13229467616208,91.6945331947633
1.32975849501652,1.13278936424086,91.742315133043
1.32985279308525,1.13328252223029,91.7899563704462
1.32994635520301,1.13377415675164,91.8374575003546
1.33003918552029,1.13426427439179,91.8848191131459
1.33013128816117,1.13475288170343,91.9320417962115
1.33022266722349,1.13523998520525,91.9791261339728
1.33031332677903,1.13572559138217,92.0260727078981
1.33040327087369,1.13620970668549,92.0728820965192
1.33049250352767,1.13669233753314,92.1195548754485
1.33058102873566,1.1371734903098,92.1660916173946
1.33066885046698,1.13765317136717,92.2124928921793
1.33075597266581,1.1381313870241,92.2587592667537
1.33084239925129,1.13860814356684,92.3048913052144
1.33092813411778,1.13908344724915,92.3508895688197
1.33101318113496,1.13955730429257,92.3967546160052
1.33109754414802,1.14002972088655,92.4424870024004
1.33118122697785,1.14050070318866,92.4880872808437
1.33126423342118,1.14097025732478,92.5335560013989
1.33134656725078,1.14143838938924,92.5788937113703
1.33142823221556,1.14190510544508,92.6241009553183
1.33150923204081,1.14237041152416,92.6691782750752
1.33158957042833,1.14283431362736,92.7141262097602
1.33166925105656,1.14329681772479,92.7589452957948
1.33174827758081,1.14375792975593,92.803636066918
1.33182665363333,1.1442176556298,92.8481990542013
1.33190438282356,1.1446760012252,92.8926347860637
1.33198146873822,1.1451329723908,92.9369437882869
1.33205791494151,1.14558857494537,92.9811265840298
1.3321337249752,1.14604281467795,93.0251836938432
1.33220890235888,1.14649569734798,93.0691156356849
1.33228345059001,1.14694722868552,93.1129229249336
1.33235737314416,1.14739741439139,93.1566060744041
1.33243067347508,1.14784626013735,93.2001655943611
1.33250335501492,1.14829377156625,93.243601992534
1.33257542117434,1.14873995429223,93.2869157741306
1.33264687534263,1.14918481390086,93.3301074418517
1.33271772088794,1.14962835594931,93.3731774959052
1.33278796115732,1.15007058596649,93.4161264340193
1.33285759947696,1.15051150945327,93.4589547514576
1.33292663915225,1.15095113188258,93.501662941032
1.33299508346799,1.15138945869963,93.5442514931166
1.33306293568848,1.15182649532199,93.5867208956618
1.33313019905768,1.15226224713983,93.6290716342071
1.33319687679935,1.15269671951604,93.6713041918954
1.3332629721172,1.15312991778637,93.7134190494859
1.33332848819498,1.15356184725962,93.7554166853676
1.33339342819667,1.15399251321778,93.7972975755726
1.33345779526658,1.15442192091616,93.8390621937891
1.33352159252949,1.1548500755836,93.8807110113745
1.33358482309079,1.15527698242256,93.9222444973689
1.33364749003662,1.15570264660931,93.9636631185072
1.33370959643396,1.15612707329406,94.0049673392328
1.3337711453308,1.15655026760113,94.0461576217098
1.33383213975626,1.15697223462907,94.087234425836
1.33389258272072,1.15739297945084,94.1281982092555
1.33395247721591,1.1578125071139,94.1690494273713
1.33401182621509,1.15823082264045,94.2097885333575
1.33407063267315,1.15864793102747,94.2504159781722
1.33412889952672,1.15906383724694,94.2909322105693
1.33418662969432,1.15947854624594,94.3313376771114
1.33424382607645,1.15989206294682,94.3716328221814
1.33430049155576,1.16030439224731,94.4118180879949
1.33435662899711,1.16071553902069,94.4518939146123
1.33441224124775,1.16112550811592,94.4918607399508
1.33446733113738,1.16153430435776,94.5317189997958
1.3345219014783,1.16194193254693,94.5714691278137
1.33457595506555,1.16234839746025,94.6111115555626
1.33462949467698,1.16275370385076,94.650646712505
1.33468252307337,1.16315785644784,94.6900750260185
1.33473504299859,1.16356085995741,94.7293969214081
1.33478705717965,1.16396271906197,94.7686128219173
1.33483856832688,1.1643634384208,94.8077231487397
1.33488957913398,1.16476302267009,94.8467283210301
1.33494009227817,1.16516147642304,94.8856287559161
1.33499011042028,1.16555880426998,94.924424868509
1.33503963620488,1.16595501077856,94.9631170719155
1.33508867226036,1.16635010049384,95.0017057772479
1.33513722119907,1.16674407793838,95.0401913936361
1.3351852856174,1.16713694761245,95.078574328238
1.33523286809591,1.1675287139941,95.1168549862502
1.33527997119942,1.16791938153929,95.1550337709194
1.3353265974771,1.16830895468202,95.1931110835527
1.33537274946261,1.16869743783448,95.2310873235288
1.3354184296742,1.16908483538713,95.2689628883078
1.33546364061476,1.16947115170885,95.3067381734427
1.335508384772,1.16985639114706,95.3444135725893
1.33555266461848,1.17024055802781,95.3819894775168
1.33559648261175,1.17062365665597,95.4194662781182
1.33563984119446,1.17100569131525,95.4568443624208
1.33568274279441,1.17138666626843,95.4941241165962
1.3357251898247,1.17176658575738,95.5313059249704
1.33576718468381,1.17214545400325,95.5683901700344
1.33580872975566,1.17252327520652,95.6053772324539
1.33584982740978,1.17290005354718,95.6422674910795
1.33589048000133,1.17327579318481,95.6790613229563
1.33593068987125,1.1736504982587,95.7157591033345
1.33597045934633,1.17402417288797,95.7523612056785
1.3360097907393,1.17439682117166,95.7888680016771
1.33604868634893,1.17476844718889,95.8252798612532
1.33608714846013,1.17513905499891,95.8615971525733
1.33612517934402,1.17550864864127,95.8978202420573
1.33616278125805,1.17587723213588,95.9339494943877
1.33619995644604,1.17624480948316,95.9699852725197
1.33623670713834,1.17661138466414,96.00592793769
1.33627303555187,1.17697696164053,96.0417778494267
1.33630894389021,1.17734154435488,96.0775353655581
1.3363444343437,1.17770513673067,96.1132008422226
1.33637950908954,1.17806774267238,96.1487746338774
1.33641417029184,1.17842936606568,96.1842570933077
1.33644842010173,1.17879001077742,96.2196485716362
1.33648226065746,1.17914968065585,96.2549494183317
1.33651569408443,1.17950837953064,96.2901599812185
1.33654872249535,1.17986611121302,96.325280606485
1.33658134799026,1.18022287949588,96.3603116386928
1.33661357265663,1.18057868815386,96.3952534207853
1.33664539856946,1.18093354094347,96.4301062940969
1.33667682779135,1.18128744160318,96.4648705983613
1.33670786237257,1.1816403938535,96.4995466717206
1.33673850435115,1.18199240139712,96.5341348507335
1.33676875575298,1.18234346791898,96.5686354703842
1.33679861859184,1.18269359708638,96.6030488640907
1.33682809486952,1.18304279254908,96.6373753637135
1.3368571865759,1.18339105793936,96.6716152995639
1.336885895689,1.18373839687219,96.7057690004124
1.33691422417506,1.18408481294526,96.7398367934971
1.33694217398865,1.1844303097391,96.7738190045317
1.3369697470727,1.18477489081717,96.8077159577142
1.33699694535861,1.18511855972597,96.8415279757347
1.33702377076631,1.1854613199951,96.8752553797836
1.33705022520435,1.18580317513741,96.9088984895598
1.33707631056993,1.18614412864902,96.9424576232787
1.33710202874904,1.18648418400946,96.9759330976802
1.33712738161646,1.18682334468176,97.0093252280365
1.33715237103591,1.18716161411252,97.04263432816
1.33717699886004,1.187498995732,97.0758607104118
1.33720126693056,1.18783549295425,97.1090046857082
1.3372251770783,1.18817110917714,97.1420665635297
1.33724873112327,1.18850584778249,97.1750466519281
1.33727193087472,1.18883971213616,97.2079452575343
1.33729477813122,1.18917270558809,97.2407626855659
1.33731727468075,1.18950483147244,97.2734992398347
1.33733942230074,1.18983609310767,97.3061552227544
1.33736122275813,1.19016649379658,97.3387309353479
1.33738267780947,1.19049603682646,97.371226677255
1.33740378920096,1.19082472546913,97.4036427467395
1.33742455866855,1.19115256298103,97.4359794406967
1.33744498793795,1.19147955260331,97.4682370546607
1.33746507872475,1.19180569756194,97.5004158828117
1.33748483273445,1.19213100106773,97.5325162179832
1.33750425166255,1.19245546631649,97.564538351669
1.33752333719457,1.19277909648904,97.5964825740307
1.33754209100619,1.19310189475133,97.6283491739046
1.33756051476324,1.19342386425453,97.6601384388085
1.33757861012179,1.19374500813506,97.6918506549493
1.33759637872822,1.19406532951475,97.7234861072295
1.33761382221928,1.19438483150084,97.7550450792543
1.33763094222213,1.1947035171861,97.7865278533383
1.33764774035442,1.19502138964891,97.8179347105129
1.33766421822436,1.19533845195331,97.8492659305323
1.33768037743076,1.19565470714912,97.8805217918809
1.3376962195631,1.19597015827198,97.9117025717799
1.33771174620157,1.19628480834343,97.9428085461938
1.33772695891717,1.19659866037102,97.9738399898372
1.33774185927172,1.19691171734835,98.0047971761813
1.33775644881797,1.19722398225516,98.0356803774608
1.3377707290996,1.19753545805739,98.06648986468
1.33778470165133,1.19784614770728,98.0972259076193
1.33779836799893,1.19815605414342,98.1278887748423
1.33781172965931,1.19846518029086,98.1584787337014
1.33782478814058,1.19877352906111,98.1889960503447
1.33783754494207,1.1990811033523,98.2194409897221
1.33785000155442,1.19938790604919,98.2498138155918
1.33786215945962,1.19969394002328,98.2801147905266
1.33787402013106,1.19999920813284,98.3103441759196
1.33788558503359,1.20030371322303,98.3405022319912
1.33789685562358,1.20060745812592,98.3705892177946
1.33790783334897,1.20091044566061,98.4006053912225
1.33791851964931,1.20121267863327,98.4305510090126
1.33792891595582,1.20151415983719,98.4604263267541
1.33793902369147,1.20181489205291,98.4902315988935
1.33794884427098,1.20211487804823,98.5199670787406
1.3379583791009,1.20241412057829,98.5496330184746
1.33796762957968,1.20271262238567,98.5792296691498
1.33797659709769,1.20301038620042,98.6087572807018
1.33798528303728,1.20330741474014,98.6382161019529
1.33799368877283,1.20360371071006,98.6676063806182
1.33800181567079,1.20389927680308,98.6969283633114
1.33800966508977,1.20419411569984,98.7261822955505
1.33801723838054,1.20448823006882,98.7553684217634
1.33802453688609,1.20478162256636,98.7844869852936
1.33803156194171,1.20507429583674,98.813538228406
1.33803831487499,1.20536625251225,98.8425223922925
1.33804479700593,1.20565749521327,98.8714397170773
1.3380510096469,1.20594802654828,98.9002904418227
1.33805695410277,1.20623784911398,98.9290748045349
1.33806263167092,1.20652696549532,98.9577930421685
1.33806804364129,1.20681537826558,98.9864453906331
1.33807319129643,1.2071030899864,99.0150320847981
1.33807807591152,1.20739010320789,99.0435533584981
1.33808269875447,1.20767642046866,99.0720094445383
1.33808706108591,1.20796204429587,99.1004005747002
1.33809116415926,1.20824697720532,99.1287269797463
1.3380950092208,1.20853122170149,99.1569888894257
1.33809859750965,1.20881478027762,99.1851865324794
1.33810193025787,1.20909765541574,99.2133201366452
1.33810500869049,1.20937984958673,99.241389928663
1.33810783402553,1.20966136525043,99.2693961342804
1.33811040747408,1.20994220485563,99.2973389782569
1.33811273024032,1.21022237084018,99.32521868437
1.33811480352154,1.21050186563099,99.3530354754193
1.33811662850825,1.21078069164417,99.3807895732323
1.33811820638416,1.21105885128501,99.4084811986689
1.33811953832625,1.21133634694807,99.4361105716267
1.33812062550478,1.21161318101725,99.4636779110456
1.33812146908338,1.21188935586579,99.4911834349129
1.33812207021907,1.21216487385641,99.5186273602684
1.33812243006227,1.21243973734129,99.5460099032089
1.33812254975688,1.21271394866217,99.573331278893
