"w_CH4","w_MBW","dCH4","dMBW","dCO2"
-10,-10,-1.29800004474094,-1.31041229824964,-105.068847364094
-9.5,-10,-1.29601787584712,-1.31234428915153,-105.224685211804
-9,-10,-1.29387823212459,-1.31432276999153,-105.384299250208
-8.5,-10,-1.29156428412499,-1.3163467103047,-105.547610633798
-8,-10,-1.28905693808118,-1.31841442186952,-105.714488163494
-7.5,-10,-1.28633446862892,-1.32052339022214,-105.884734825331
-7,-10,-1.28337208196096,-1.32267006473158,-106.058071013387
-6.5,-10,-1.28014139442348,-1.3248495964706,-106.234113574814
-6,-10,-1.27660980797936,-1.32705551010783,-106.412349573715
-5.5,-10,-1.27273975945176,-1.32927929213511,-106.592103357144
-5,-10,-1.26848781477486,-1.33150987264328,-106.772495097655
-4.5,-10,-1.26380357230498,-1.33373297119004,-106.952388452214
-4,-10,-1.25862833019353,-1.33593026856001,-107.130324276314
-3.5,-10,-1.25289346141615,-1.33807835473456,-107.304436411475
-3,-10,-1.24651842571862,-1.34014738829192,-107.472344353687
-2.5,-10,-1.23940832982713,-1.34209938260892,-107.631016018421
-2,-10,-1.2314509250869,-1.34388600817975,-107.776591727793
-1.5,-10,-1.22251290462274,-1.34544576629004,-107.904157811605
-1,-10,-1.21243532985307,-1.34670034502908,-108.007454662756
-0.5,-10,-1.20102797922237,-1.3475499118193,-108.078499528454
0,-10,-1.18806237252838,-1.34786702512987,-108.107098577262
0.5,-10,-1.17326318775251,-1.34748876084231,-108.080215778501
1,-10,-1.1562977657254,-1.34620654813476,-107.98115804568
1.5,-10,-1.1367634146107,-1.3437531054295,-107.788527702381
2,-10,-1.11417232444937,-1.33978578380582,-107.47488661955
2.5,-10,-1.08793415889618,-1.33386561754821,-107.005075689945
3,-10,-1.05733693728453,-1.3254315567172,-106.334147265428
3.5,-10,-1.02152786374832,-1.31376991302763,-105.404912677105
4,-10,-0.979497606562939,-1.29798032669463,-104.145209158952
4.5,-10,-0.930074562043482,-1.27694208201127,-102.465192429684
5,-10,-0.87194017192026,-1.2492890469145,-100.255317756648
5.5,-10,-0.80368223966108,-1.21340847501329,-97.3862308801314
6,-10,-0.723908859126567,-1.167488091299,-93.7125272679689
6.5,-10,-0.631446636711585,-1.10964443127367,-89.0830253582885
7,-10,-0.525634944114658,-1.03816555281837,-83.3602143312408
7.5,-10,-0.40669247928383,-0.951879524076225,-76.4497990909071
8,-10,-0.276070573344823,-0.850603772492598,-68.3367509979541
8.5,-10,-0.136642161297228,-0.735546460420108,-59.1175400036371
9,-10,0.00743672823795109,-0.609467987888331,-49.0131552567909
9.5,-10,0.151257279938748,-0.476445549398301,-38.3502982537993
10,-10,0.289953877263333,-0.341247016392038,-27.5112227434491
-10,-9.5,-1.29993273987944,-1.30842940062427,-104.908927588542
-9.5,-9.5,-1.29800004474094,-1.31041229824964,-105.068847364094
-9,-9.5,-1.29590932738161,-1.31244726727102,-105.232992303314
-8.5,-9.5,-1.29364317837682,-1.31453369895127,-105.40131761321
-8,-9.5,-1.29118176919297,-1.3166703348746,-105.573726833797
-7.5,-9.5,-1.28850244610483,-1.31885508862254,-105.750057594902
-7,-9.5,-1.28557924431767,-1.32108482141219,-105.930063689831
-6.5,-9.5,-1.28238230440428,-1.32335505919235,-106.113392464619
-6,-9.5,-1.27887716869767,-1.32565963503764,-106.299556228667
-5.5,-9.5,-1.27502392959753,-1.32799023587633,-106.487896007606
-5,-9.5,-1.2707761945084,-1.33033582625031,-106.677535451308
-4.5,-9.5,-1.26607982288602,-1.3326819134174,-106.867322037622
-4,-9.5,-1.26087137906414,-1.33500960697116,-107.05575181981
-3.5,-9.5,-1.25507622946346,-1.33729441133369,-107.240872777482
-3,-9.5,-1.24860619358229,-1.33950466972149,-107.420160246784
-2.5,-9.5,-1.24135663381462,-1.34159955182976,-107.590355792013
-2,-9.5,-1.23320283850184,-1.34352644235569,-107.747258063588
-1.5,-9.5,-1.22399551459682,-1.34521754081223,-107.885450443371
-1,-9.5,-1.21355516016258,-1.34658542147055,-107.997945334649
-0.5,-9.5,-1.20166503297315,-1.34751722184341,-108.075718499398
0,-9.5,-1.18806237252838,-1.34786702512987,-108.107098577262
0.5,-9.5,-1.17242747678711,-1.34744587435611,-108.076966666016
1,-9.5,-1.15437019991241,-1.34600870644819,-107.965708829452
1.5,-9.5,-1.13341346031798,-1.3432373380872,-107.747851817118
2,-9.5,-1.10897350050603,-1.33871851271117,-107.390302394088
2.5,-9.5,-1.08033705173014,-1.33191602179709,-106.850110883662
3,-9.5,-1.04663645304406,-1.32213623225655,-106.071704940528
3.5,-9.5,-1.00682552147828,-1.30848734094562,-104.98361869995
4,-9.5,-0.959662101289308,-1.28983495111927,-103.494924554202
4.5,-9.5,-0.903708368423316,-1.26476106291796,-101.491935231834
5,-9.5,-0.837367509231363,-1.23154143232016,-98.8363743167158
5.5,-9.5,-0.758984457074269,-1.18816812331732,-95.3671657496868
6,-9.5,-0.667044809607427,-1.13245814676291,-90.9091226746084
6.5,-9.5,-0.560499747390383,-1.06229741657915,-85.2924879486757
7,-9.5,-0.43920936326658,-0.97605417664406,-78.386074626628
7.5,-9.5,-0.304419496868621,-0.873134067550443,-70.1417886446963
8,-9.5,-0.159085478296716,-0.754534771238209,-60.6391541363276
8.5,-9.5,-0.00780508167531001,-0.62314550681573,-50.1094139043835
9,-9.5,0.143775268319882,-0.483543612601751,-38.9193131032237
9.5,-9.5,0.289953877263333,-0.341247016392038,-27.5112227434491
10,-9.5,0.425989459016946,-0.201684338260355,-16.320561476335
-10,-9,-1.30191342887559,-1.30628736143904,-104.736198713573
-9.5,-9,-1.3000357954506,-1.30832077051654,-104.90016729544
-9,-9,-1.29800004474094,-1.31041229824964,-105.068847364094
-8.5,-9,-1.2957882040793,-1.31256183844967,-105.242234674381
-8,-9,-1.29337971925959,-1.3147686540011,-105.420274860928
-7.5,-9,-1.2907510056211,-1.3170311893713,-105.602848468054
-7,-9,-1.28787490752377,-1.3193468321294,-105.789751901061
-6.5,-9,-1.28472004482066,-1.32171160896066,-105.980673136881
-6,-9,-1.28125001934413,-1.32411979721815,-106.175160675944
-5.5,-9,-1.27742244723776,-1.32656342714153,-106.372583743486
-5,-9,-1.27318777370464,-1.32903164197672,-106.572081115699
-4.5,-9,-1.26848781477486,-1.33150987264328,-106.772495097655
-4,-9,-1.26325395520735,-1.33397876934798,-106.972286037816
-3.5,-9,-1.25740491158834,-1.33641281330825,-107.169421221928
-3,-9,-1.25084394375706,-1.33877850571788,-107.361229901978
-2.5,-9,-1.24345536427183,-1.34103199581047,-107.544213386959
-2,-9,-1.23510015286733,-1.34311596207382,-107.713795288401
-1.5,-9,-1.22561042879957,-1.34495549604784,-107.863991829868
-1,-9,-1.21478246706004,-1.34645265127484,-107.986975160385
-0.5,-9,-1.2023678645126,-1.34747920445663,-108.072493341559
0,-9,-1.18806237252838,-1.34786702512987,-108.107098577262
0.5,-9,-1.1714918251321,-1.34739525979505,-108.073119966288
1,-9,-1.15219453394185,-1.34577330981341,-107.947298848082
1.5,-9,-1.12959955332434,-1.34261834297621,-107.698985551386
2,-9,-1.103000461212,-1.33742589508825,-107.287781536368
2.5,-9,-1.07152497940426,-1.32953215238713,-106.660513531436
3,-9,-1.03410227447182,-1.31806710033138,-105.747473728137
3.5,-9,-0.989432797837576,-1.30189953884093,-104.458005296655
4,-9,-0.935970994846189,-1.27957914709595,-102.675847561889
4.5,-9,-0.87194017192026,-1.2492890469145,-100.255317756648
5,-9,-0.79541144789778,-1.20883649878205,-97.0205439637019
5.5,-9,-0.704491940946928,-1.15572948159948,-92.7715784398751
6,-9,-0.597670344222525,-1.08740629479511,-87.3027788824786
6.5,-9,-0.474338281961154,-1.00168316047521,-80.4386785311521
7,-9,-0.335415881540772,-0.897424166549707,-72.087711287563
7.5,-9,-0.183862421755356,-0.775291026477429,-62.3023828794435
8,-9,-0.0247365929105694,-0.638245250190097,-51.3196393699018
8.5,-9,0.135445865715966,-0.491422444093853,-39.5509122625862
9,-9,0.289953877263332,-0.341247016392039,-27.5112227434492
9.5,-9,0.433178166093867,-0.194106778517369,-15.7129170390519
10,-9,0.561490291366911,-0.0551761963746226,-4.57124146267048
-10,-8.5,-1.30394123095921,-1.30396898935909,-104.54927847994
-9.5,-8.5,-1.30212468379382,-1.306051944442,-104.717216790688
-9,-8.5,-1.30015045759611,-1.30819955104375,-104.890391834536
-8.5,-8.5,-1.29800004474094,-1.31041229824964,-105.068847364094
-8,-8.5,-1.29565218703264,-1.31269007655798,-105.252579652794
-7.5,-8.5,-1.29308237970303,-1.31503198246203,-105.44152189854
-7,-8.5,-1.29026227017712,-1.31743606679495,-105.635524130094
-6.5,-8.5,-1.28715892597677,-1.31989901001977,-105.834327269906
-6,-8.5,-1.28373393912169,-1.32241570223923,-106.037529573889
-5.5,-8.5,-1.27994232527018,-1.32497869841578,-106.244543085062
-5,-8.5,-1.27573116394196,-1.32757750943173,-106.454536947865
-4.5,-8.5,-1.27103791058606,-1.33019767621133,-106.666363355448
-4,-8.5,-1.26578829080722,-1.33281955581383,-106.878460434464
-3.5,-8.5,-1.25989366018991,-1.33541672329802,-107.088724359168
-3,-8.5,-1.2532476778417,-1.33795385861886,-107.294340217493
-2.5,-8.5,-1.24572209548068,-1.34038394019688,-107.491557333394
-2,-8.5,-1.23716140354343,-1.34264450109652,-107.675389480419
-1.5,-8.5,-1.22737599798316,-1.34465261322391,-107.839213160312
-1,-8.5,-1.21613343302074,-1.34629814083032,-107.974227162273
-0.5,-8.5,-1.20314720478712,-1.34743463611,-108.06872309729
0,-8.5,-1.18806237252838,-1.34786702512987,-108.107098577262
0.5,-8.5,-1.1704371844299,-1.34733494280067,-108.068521459209
1,-8.5,-1.1497197781223,-1.34549022444992,-107.925125359718
1.5,-8.5,-1.1252190714428,-1.3418666864139,-107.639586466202
2,-8.5,-1.09606935544418,-1.33584004799264,-107.161909054224
2.5,-8.5,-1.06118925632302,-1.32657595698229,-106.425255679717
3,-8.5,-1.01923838953108,-1.312965224886,-105.340749367702
3.5,-8.5,-0.968580423698186,-1.29354882618278,-103.791451129275
4,-8.5,-0.907271144494697,-1.26644318777934,-101.626354840928
4.5,-8.5,-0.833106058058257,-1.22929195580525,-98.6564971176227
5,-8.5,-0.743783067947264,-1.17929639385384,-94.6573629695009
5.5,-8.5,-0.637252087458604,-1.11340944820705,-89.3844083461602
6,-8.5,-0.512307572506574,-1.02879710506321,-82.6100193696609
6.5,-8.5,-0.369385508831551,-0.923623764680007,-74.1864790747765
7,-8.5,-0.211326094554439,-0.798043003945822,-64.1254589965158
7.5,-8.5,-0.0436455657668264,-0.654991443235987,-52.6617943422085
8,-8.5,0.126117650587633,-0.500217177605829,-40.2559265558998
8.5,-8.5,0.289953877263333,-0.341247016392039,-27.5112227434492
9,-8.5,0.441163104288842,-0.18566519965359,-15.0359813146162
9.5,-8.5,0.575515716100239,-0.0395466814571863,-3.31771919280042
10,-8.5,0.691419864987014,0.0933114283145102,7.33859307546619
-10,-8,-1.30601461528917,-1.30145475354125,-104.346596648281
-9.5,-8,-1.30426562670042,-1.30358556288536,-104.518367097073
-9,-8,-1.30236002271982,-1.3057880548644,-104.695939443684
-8.5,-8,-1.30027880352368,-1.30806341963556,-104.879413936183
-8,-8,-1.29800004474094,-1.31041229824964,-105.068847364094
-7.5,-8,-1.2954983499798,-1.31283458131749,-105.264236998636
-7,-8,-1.29274418245321,-1.31532914601676,-105.465499603377
-6.5,-8,-1.28970304495602,-1.31789351200406,-105.672443959766
-6,-8,-1.28633446862892,-1.32052339022214,-105.884734825331
-5.5,-8,-1.28259075933429,-1.32321208960977,-106.101845522793
-5,-8,-1.2784154351146,-1.3259497343871,-106.322995370111
-4.5,-8,-1.27374126781384,-1.32872222755892,-106.547066796791
-4,-8,-1.26848781477486,-1.33150987264328,-106.772495097655
-3.5,-8,-1.26255829023766,-1.33428553267433,-106.997121133517
-3,-8,-1.25583557754652,-1.33701215937684,-107.217993588458
-2.5,-8,-1.24817711847686,-1.33963946057083,-107.431102194726
-2,-8,-1.23940832982713,-1.34209938260892,-107.631016018421
-1.5,-8,-1.22931408390281,-1.34429995626072,-107.810390601639
-1,-8,-1.21762764255554,-1.34611687450779,-107.959293320875
-0.5,-8,-1.20401625010192,-1.3473819207759,-108.064276266405
0,-8,-1.18806237252838,-1.34786702512987,-108.107098577262
0.5,-8,-1.16923934286502,-1.3472622759076,-108.062964029361
1,-8,-1.14688000610007,-1.34514565673836,-107.8980948793
1.5,-8,-1.12013702239873,-1.34094167562805,-107.566414438379
2,-8,-1.08793415889618,-1.33386561754821,-107.005075689945
2.5,-8,-1.04890993850401,-1.32285044223523,-106.128596118668
3,-8,-1.00135984720995,-1.30645562872254,-104.821541100849
3.5,-8,-0.94319332229567,-1.28276408726249,-102.930244182513
4,-8,-0.871940171920259,-1.2492890469145,-100.255317756648
4.5,-8,-0.784869963540626,-1.20294338479814,-96.5491580989393
5,-8,-0.679321233977086,-1.14017142032583,-91.526465161673
5.5,-8,-0.553346059399652,-1.05739100612079,-84.8996400413442
6,-8,-0.40669247928383,-0.951879524076225,-76.4497990909071
6.5,-8,-0.241895921865927,-0.823049909232796,-66.1291267219005
7,-8,-0.0648862485266854,-0.67365515666165,-54.1575927814907
7.5,-8,0.115601178307434,-0.510095695177046,-41.047811231846
8,-8,0.289953877263333,-0.341247016392038,-27.5112227434492
8.5,-8,0.450083107620369,-0.176204113729625,-14.2772836541084
9,-8,0.5910195168047,-0.0221620833956629,-1.92341222947528
9.5,-8,0.711110941626985,0.1165854112377,9.20550422315113
10,-8,0.811201665777187,0.238471799762398,18.9832856242392
-10,-7.5,-1.30813123045237,-1.29872239953275,-104.12636415171
-9.5,-7.5,-1.30645672230953,-1.30089844915892,-104.301754877247
-9,-7.5,-1.30462739176572,-1.30315371228278,-104.483552679017
-8.5,-7.5,-1.30262380754569,-1.30549019998031,-104.671923923719
-8,-7.5,-1.30042343738924,-1.30790944513605,-104.866997264409
-7.5,-7.5,-1.29800004474094,-1.31041229824964,-105.068847364094
-7,-7.5,-1.2953229465905,-1.31299865618061,-105.277473259614
-6.5,-7.5,-1.2923560955428,-1.31566710146703,-105.492769576178
-6,-7.5,-1.28905693808118,-1.31841442186952,-105.714488163494
-5.5,-7.5,-1.2853749861569,-1.32123496872111,-105.942186837689
-5,-7.5,-1.28125001934413,-1.32411979721815,-106.175160675944
-4.5,-7.5,-1.27660980797936,-1.32705551010783,-106.412349573715
-4,-7.5,-1.27136721138277,-1.33002269561004,-106.652213320943
-3.5,-7.5,-1.265416455893,-1.33299380692247,-106.892561968233
-3,-7.5,-1.25862833019353,-1.33593026856001,-107.130324276314
-2.5,-7.5,-1.25084394375706,-1.33877850571788,-107.361229901978
-2,-7.5,-1.24186656967107,-1.34146446472561,-107.57937070029
-1.5,-7.5,-1.2314509250869,-1.34388600817975,-107.776591727793
-1,-7.5,-1.21928901936737,-1.34590230337965,-107.941641277262
-0.5,-7.5,-1.20499141214925,-1.34731894513756,-108.058978981809
0,-7.5,-1.18806237252838,-1.34786702512987,-108.107098577262
0.5,-7.5,-1.16786705066439,-1.34717364323016,-108.056164365775
1,-7.5,-1.14358848007214,-1.34472044662014,-107.864687343113
1.5,-7.5,-1.11417232444937,-1.33978578380582,-107.47488661955
2,-7.5,-1.07825846502603,-1.33136537204963,-106.806326105691
2.5,-7.5,-1.03410227447182,-1.31806710033138,-105.747473728137
3,-7.5,-0.979497606562939,-1.29798032669463,-104.145209158952
3.5,-7.5,-0.911732955197013,-1.26853413330102,-101.79343563579
4,-7.5,-0.827647828313775,-1.22639158019984,-98.4245627341555
4.5,-7.5,-0.723908859126567,-1.167488091299,-93.7125272679689
5,-7.5,-0.597670344222525,-1.08740629479511,-87.3027788824785
5.5,-7.5,-0.447737891017246,-0.982323410478927,-78.8881877458324
6,-7.5,-0.276070573344823,-0.850603772492598,-68.3367509979541
6.5,-7.5,-0.0888986705296388,-0.694566026096427,-55.8334377475714
7,-7.5,0.103656378157596,-0.521269051123932,-41.9434812132934
7.5,-7.5,0.289953877263333,-0.341247016392038,-27.5112227434491
8,-7.5,0.460110924971348,-0.165528696732014,-13.4211982362513
8.5,-7.5,0.608238234278557,-0.00271954154523666,-0.364022048365697
9,-7.5,0.732670961031982,0.142321854189362,11.2699916312506
9.5,-7.5,0.834782594285693,0.268142745372068,21.3636897315148
10,-7.5,0.917491243453029,0.375565453843109,29.9825034059003
-10,-7,-1.31028769131271,-1.29574649146576,-103.886536331565
-9.5,-7,-1.30869502281617,-1.29796399874945,-104.0652413895
-9,-7,-1.30695017059523,-1.30026873485997,-104.25099745919
-8.5,-7,-1.3050333548337,-1.30266366625552,-104.444047819256
-8,-7,-1.30292151940942,-1.30515137868039,-104.64460591538
-7.5,-7,-1.30058766863993,-1.30773387455728,-104.852839225749
-7,-7,-1.29800004474094,-1.31041229824964,-105.068847364094
-6.5,-7,-1.29512110165033,-1.31318656361987,-105.29263237435
-6,-7,-1.29190621683374,-1.31605484864319,-105.524058396983
-5.5,-7,-1.28830206369326,-1.3190129082137,-105.762796796024
-5,-7,-1.284244541331,-1.32205313694386,-106.008251287175
-4.5,-7,-1.27965612296972,-1.32516328612254,-106.259455393406
-4,-7,-1.27444243547742,-1.32832469921667,-106.514931367145
-3.5,-7,-1.26848781477486,-1.33150987264328,-106.772495097655
-3,-7,-1.26164948782168,-1.3346790644249,-107.028984780534
-2.5,-7,-1.25374990080558,-1.33777554992327,-107.279881232689
-2,-7,-1.24456653071716,-1.34071894194344,-107.518773151749
-1.5,-7,-1.23381826493887,-1.34339572374933,-107.736599067123
-1,-7,-1.22114708843015,-1.34564574684118,-107.920565911853
-0.5,-7,-1.20609335906727,-1.34724286359097,-108.052597471328
0,-7,-1.18806237252838,-1.34786702512987,-108.107098577262
0.5,-7,-1.16627926623752,-1.34706400220174,-108.047726768115
1,-7,-1.13972878129462,-1.34418735640569,-107.822740202994
1.5,-7,-1.10707654410789,-1.33831558102996,-107.358353212546
2,-7,-1.0665707051888,-1.32813622412758,-106.549441365362
2.5,-7,-1.01593000968572,-1.3117905954109,-105.247080058669
3,-7,-0.952242708895565,-1.28668299034416,-103.243227110485
3.5,-7,-0.87194017192026,-1.2492890469145,-100.255317756648
4,-7,-0.770979947581495,-1.19506795769997,-95.9191613000151
4.5,-7,-0.645465162108474,-1.11870656936713,-89.8084227842129
5,-7,-0.4929534700329,-1.01505380766421,-81.5094535822144
5.5,-7,-0.31444215547577,-0.881027870483409,-70.7741871897319
6,-7,-0.116234507595231,-0.718127017118581,-57.7216025741021
6.5,-7,0.0899746478318598,-0.534006078391032,-42.9644814130879
7,-7,0.289953877263333,-0.341247016392038,-27.5112227434491
7.5,-7,0.471464109901284,-0.153391647014725,-12.4478898690919
8,-7,0.627458657120024,0.0191547426832754,1.39044246158547
8.5,-7,0.756345947173551,0.170899732803643,13.5624724713148
9,-7,0.860248279771721,0.300639355062208,23.9708739765685
9.5,-7,0.942965791867169,0.409830875666097,32.7319274927256
10,-7,1.00856912374369,0.501116587385667,40.0571447793432
-10,-6.5,-1.31247931195571,-1.29249786444232,-103.624768963836
-9.5,-6.5,-1.31097624703198,-1.29475156750338,-103.806363356329
-9,-6.5,-1.30932461134626,-1.29710095927021,-103.995688212525
-8.5,-6.5,-1.30750438650488,-1.29955011047415,-104.19307567
-8,-6.5,-1.30549210860649,-1.30210284119988,-104.398838533397
-7.5,-6.5,-1.30326014155532,-1.30476252613628,-104.613254786972
-7,-6.5,-1.30077576801152,-1.30753182344245,-104.836546008111
-6.5,-6.5,-1.29800004474094,-1.31041229824964,-105.068847364094
-6,-6.5,-1.29488635138507,-1.31340390017743,-105.310165942441
-5.5,-6.5,-1.29137853729468,-1.31650423753717,-105.560322827551
-5,-6.5,-1.28740853732601,-1.31970756673404,-105.818872401446
-4.5,-6.5,-1.28289328043782,-1.32300338015244,-106.084989524864
-4,-6.5,-1.27773064882925,-1.32637442402614,-106.357311106475
-3.5,-6.5,-1.27179415191192,-1.32979390104977,-106.633712418792
-3,-6.5,-1.26492584656601,-1.33322149784393,-106.910989331748
-2.5,-6.5,-1.25692684553929,-1.33659770486877,-107.184403806945
-2,-6.5,-1.24754448493206,-1.33983563515797,-107.447029053649
-1.5,-6.5,-1.23645483578836,-1.34280915102076,-107.688798896334
-1,-6.5,-1.22323870079326,-1.34533550324631,-107.895117412608
-0.5,-6.5,-1.2073484880765,-1.34714977131881,-108.044811415547
0,-6.5,-1.18806237252838,-1.34786702512987,-108.107098577262
0.5,-6.5,-1.16442100163845,-1.34692615092775,-108.037085222294
1,-6.5,-1.13514101006584,-1.34350661891886,-107.769093720195
1.5,-6.5,-1.09849982719829,-1.33640643752953,-107.206875497991
2,-6.5,-1.05219047991351,-1.3238677454718,-106.209620428872
2.5,-6.5,-0.993159855146612,-1.30334100456965,-104.573032651203
3,-6.5,-0.917482623940367,-1.27120261020423,-102.0066518676
3.5,-6.5,-0.820407245972696,-1.22251132058127,-98.1142552089584
4,-6.5,-0.69685429060368,-1.15104567508456,-92.3967472301353
4.5,-6.5,-0.542786490449842,-1.05010586939144,-84.3163166812285
5,-6.5,-0.357710253912381,-0.91466918003109,-73.4691708626491
5.5,-6.5,-0.14759191283033,-0.744832701296023,-59.861692244587
6,-6.5,0.0741528890112682,-0.54865422933661,-44.1386564767223
6.5,-6.5,0.289953877263333,-0.341247016392039,-27.5112227434492
7,-6.5,0.48442032217917,-0.139474467843474,-11.3318124507547
7.5,-6.5,0.649030652156629,0.0439263861222994,3.37734105644671
8,-6.5,0.782416899420282,0.202770380535798,16.1191743323798
8.5,-6.5,0.887763699568,0.336315126681101,26.8332260569452
9,-6.5,0.970010766938219,0.446900738785715,35.7065001545447
9.5,-6.5,1.03410796897496,0.538014211175574,43.0182263877216
10,-6.5,1.08427597499028,0.61318863740464,49.0515158912546
-10,-6,-1.31469977027847,-1.2889429670922,-103.338365470007
-9.5,-6,-1.31329441575415,-1.2912257322382,-103.522273592406
-9,-6,-1.31174521746966,-1.29361301498327,-103.714621039177
-8.5,-6,-1.31003206107172,-1.2961101521603,-103.915841786482
-8,-6,-1.30813123045237,-1.29872239953275,-104.12636415171
-7.5,-6,-1.30601461528917,-1.30145475354125,-104.346596648281
-7,-6,-1.30364871048268,-1.30431169393582,-104.576907528048
-6.5,-6,-1.30099334369156,-1.30729681488562,-104.81759542041
-6,-6,-1.29800004474094,-1.31041229824964,-105.068847364094
-5.5,-6,-1.29460993936424,-1.31365816233122,-105.330678897746
-5,-6,-1.2907510056211,-1.3170311893713,-105.602848468054
-4.5,-6,-1.28633446862892,-1.32052339022214,-105.884734825331
-4,-6,-1.28125001934413,-1.32411979721815,-106.175160675944
-3.5,-6,-1.27535941315993,-1.32779527383558,-106.472137655287
-3,-6,-1.26848781477486,-1.33150987264328,-106.772495097655
-2.5,-6,-1.26041197833973,-1.3352020299025,-107.071335592811
-2,-6,-1.25084394375706,-1.33877850571788,-107.361229901978
-1.5,-6,-1.23940832982713,-1.34209938260892,-107.631016018421
-1,-6,-1.22561042879957,-1.34495549604784,-107.863991829868
-0.5,-6,-1.20879105332703,-1.34703419355341,-108.035172367651
0,-6,-1.18806237252838,-1.34786702512987,-108.107098577262
0.5,-6,-1.16221686079532,-1.34674951606641,-108.023407469795
1,-6,-1.12959955332434,-1.34261834297621,-107.698985551386
1.5,-6,-1.08793415889618,-1.33386561754821,-107.005075689945
2,-6,-1.03410227447182,-1.31806710033138,-105.747473728137
2.5,-6,-0.963907077782401,-1.29161302259801,-103.636896872256
3,-6,-0.87194017192026,-1.2492890469145,-100.255317756648
3.5,-6,-0.751859233436398,-1.18402733370383,-95.0358797106207
4,-6,-0.597670344222525,-1.08740629479511,-87.3027788824785
4.5,-6,-0.40669247928383,-0.951879524076225,-76.4497990909071
5,-6,-0.183862421755355,-0.775291026477429,-62.3023828794435
5.5,-6,0.0556549931563836,-0.565669902004264,-45.5025803175807
6,-6,0.289953877263333,-0.341247016392039,-27.5112227434492
6.5,-6,0.499339229464916,-0.123360249047456,-10.0395253937951
7,-6,0.673383435982084,0.0721809265818907,5.64365817752426
7.5,-6,0.811201665777186,0.238471799762398,18.9832856242392
8,-6,0.917491243453029,0.375565453843109,29.9825034059003
8.5,-6,0.998661341475728,0.487021964941387,38.9260696084978
9,-6,1.06070438011322,0.577386986359201,46.1780987149532
9.5,-6,1.10846879463468,0.650938776551228,52.0814755392671
10,-6,1.14562639463994,0.711256673851457,56.923161205223
-10,-5.5,-1.31694068560438,-1.28504306934598,-103.024213309739
-9.5,-5.5,-1.31564138793013,-1.2873453935381,-103.209668965218
-9,-5.5,-1.31420423569534,-1.28976130674971,-103.404292007386
-8.5,-5.5,-1.31260920007137,-1.29229758304631,-103.608631969412
-8,-5.5,-1.3108325163317,-1.29496113217661,-103.823250188268
-7.5,-5.5,-1.30884582518216,-1.29775884945341,-104.048707937812
-7,-5.5,-1.30661507777702,-1.30069738634363,-104.285548242028
-6.5,-5.5,-1.30409912821279,-1.30378280621716,-104.534268527797
-6,-5.5,-1.30124790899296,-1.30702007329274,-104.795279963562
-5.5,-5.5,-1.29800004474094,-1.31041229824964,-105.068847364094
-5,-5.5,-1.29427970169875,-1.3139596268332,-105.355000568611
-4.5,-5.5,-1.2899923867778,-1.31765760105126,-105.653403657403
-4,-5.5,-1.28501928710646,-1.32149473495803,-105.963161356914
-3.5,-5.5,-1.27920955906825,-1.32544891022393,-106.282531025887
-3,-5.5,-1.27236970361898,-1.32948198060679,-106.608491303521
-2.5,-5.5,-1.26424875387059,-1.33353162923476,-106.936090838486
-2,-5.5,-1.2545173768225,-1.33749896521009,-107.25745584246
-1.5,-5.5,-1.24273804011389,-1.34122943771829,-107.560262394599
-1,-5.5,-1.22832195076717,-1.34448315640162,-107.825359993755
-0.5,-5.5,-1.21046631513032,-1.34688826273416,-108.023036830722
0,-5.5,-1.18806237252838,-1.34786702512987,-108.107098577262
0.5,-5.5,-1.159560626549,-1.34651806619642,-108.00542969564
1,-5.5,-1.12277577741361,-1.34142896678961,-107.604970290331
1.5,-5.5,-1.0746144895595,-1.33038256829337,-106.728162963226
2,-5.5,-1.01072841157539,-1.30991593473869,-105.097568924948
2.5,-5.5,-0.925170376532518,-1.27472402521357,-102.287995466946
3,-5.5,-0.810343269442253,-1.21705693859919,-97.6780366149458
3.5,-5.5,-0.657972514190784,-1.12670652343767,-90.448763984184
4,-5.5,-0.462324423803404,-0.992976092577761,-79.7413556908931
4.5,-5.5,-0.226193591527725,-0.810247109545636,-65.1033201033892
5,-5.5,0.0337532547384098,-0.585663511635921,-47.1051666192947
5.5,-5.5,0.289953877263333,-0.341247016392038,-27.5112227434491
6,-5.5,0.516694492825306,-0.104493163993389,-8.52644414949487
6.5,-5.5,0.701045880098532,0.104661823618725,8.24905399470242
7,-5.5,0.843053638481608,0.278644384651168,22.2062202697426
7.5,-5.5,0.949577917528594,0.4188258671647,33.4536948158414
8,-5.5,1.02891355312519,0.530440602467456,42.4104231859247
8.5,-5.5,1.0882679377903,0.619344026473344,49.5455579107374
9,-5.5,1.13315325855051,0.690659863721859,55.2698147714235
9.5,-5.5,1.16756037323548,0.748459075231414,59.9096133149764
10,-5.5,1.19431916236545,0.795845697990665,63.7138936807782
-10,-5,-1.31919108524223,-1.28075330421539,-102.678707051497
-9.5,-5,-1.31800626884143,-1.28306268255419,-102.864702625004
-9,-5,-1.31669100048851,-1.2854947650102,-103.060596822195
-8.5,-5,-1.31522556376461,-1.2880579362318,-103.267068619288
-8,-5,-1.31358640631017,-1.29076098847911,-103.484830687787
-7.5,-5,-1.31174521746966,-1.29361301498327,-103.714621039177
-7,-5,-1.30966773948922,-1.29662322783865,-103.957188664458
-6.5,-5,-1.30731222172881,-1.29980066254128,-104.213270143447
-6,-5,-1.30462739176572,-1.30315371228278,-104.483552679017
-5.5,-5,-1.30154976573553,-1.30668940592238,-104.768616676652
-5,-5,-1.29800004474094,-1.31041229824964,-105.068847364094
-4.5,-5,-1.29387823212459,-1.31432276999153,-105.384299250208
-4,-5,-1.28905693808118,-1.31841442186952,-105.714488163494
-3.5,-5,-1.28337208196096,-1.32267006473158,-106.058071013387
-3,-5,-1.27660980797936,-1.32705551010783,-106.412349573715
-2.5,-5,-1.26848781477486,-1.33150987264328,-106.772495097655
-2,-5,-1.25862833019353,-1.33593026856001,-107.130324276314
-1.5,-5,-1.24651842571862,-1.34014738829192,-107.472344353687
-1,-5,-1.2314509250869,-1.34388600817975,-107.776591727793
-0.5,-5,-1.21243532985307,-1.34670034502908,-108.007454662756
0,-5,-1.18806237252838,-1.34786702512987,-108.107098577262
0.5,-5,-1.1562977657254,-1.34620654813476,-107.98115804568
1,-5,-1.11417232444937,-1.33978578380582,-107.47488661955
1.5,-5,-1.05733693728453,-1.3254315567172,-106.334147265428
2,-5,-0.979497606562939,-1.29798032669463,-104.145209158952
2.5,-5,-0.87194017192026,-1.2492890469145,-100.255317756648
3,-5,-0.723908859126567,-1.167488091299,-93.7125272679689
3.5,-5,-0.525634944114658,-1.03816555281837,-83.3602143312408
4,-5,-0.276070573344823,-0.850603772492598,-68.3367509979541
4.5,-5,0.00743672823795109,-0.609467987888331,-49.0131552567909
5,-5,0.289953877263333,-0.341247016392038,-27.5112227434491
5.5,-5,0.537121503940123,-0.0821166334751434,-6.73187896034763
6,-5,0.732670961031982,0.142321854189362,11.2699916312506
6.5,-5,0.878353954781081,0.324046416816227,25.8488656770528
7,-5,0.984134481689855,0.46656439185532,37.2844108459898
7.5,-5,1.06070438011322,0.577386986359201,46.1780987149532
8,-5,1.1166500228519,0.663959997071981,53.1266438387419
8.5,-5,1.15815137562762,0.7323370994103,58.6153859880962
9,-5,1.18947360158994,0.787079987772002,63.0101423086521
9.5,-5,1.21352826747159,0.831530001362482,66.5789164736818
10,-5,1.23231104657706,0.868119007274771,69.5167942824193
-10,-4.5,-1.32143672873958,-1.27602150445523,-102.297654982246
-9.5,-4.5,-1.32037465253826,-1.27832162345857,-102.482876624782
-9,-4.5,-1.31919108524223,-1.28075330421539,-102.678707051497
-8.5,-4.5,-1.31786690136662,-1.28332670499281,-102.885967725907
-8,-4.5,-1.31637908891928,-1.28605272622656,-103.105540722846
-7.5,-4.5,-1.31469977027847,-1.2889429670922,-103.338365470007
-7,-4.5,-1.31279492568797,-1.29200961640869,-103.585430279766
-6.5,-4.5,-1.3106227127018,-1.29526523928308,-103.847755593398
-6,-4.5,-1.30813123045237,-1.29872239953275,-104.12636415171
-5.5,-4.5,-1.30525551191224,-1.30239302409151,-104.422230601345
-5,-4.5,-1.30191342887559,-1.30628736143904,-104.736198713573
-4.5,-4.5,-1.29800004474094,-1.31041229824964,-105.068847364094
-4,-4.5,-1.29337971925959,-1.3147686540011,-105.420274860928
-3.5,-4.5,-1.28787490752377,-1.3193468321294,-105.789751901061
-3,-4.5,-1.28125001934413,-1.32411979721815,-106.175160675944
-2.5,-4.5,-1.27318777370464,-1.32903164197672,-106.572081115699
-2,-4.5,-1.26325395520735,-1.33397876934798,-106.972286037816
-1.5,-4.5,-1.25084394375706,-1.33877850571788,-107.361229901978
-1,-4.5,-1.23510015286733,-1.34311596207382,-107.713795288401
-0.5,-4.5,-1.21478246706004,-1.34645265127484,-107.986975160385
0,-4.5,-1.18806237252838,-1.34786702512987,-108.107098577262
0.5,-4.5,-1.15219453394185,-1.34577330981341,-107.947298848082
1,-4.5,-1.103000461212,-1.33742589508825,-107.287781536368
1.5,-4.5,-1.03410227447182,-1.31806710033138,-105.747473728137
2,-4.5,-0.935970994846189,-1.27957914709595,-102.675847561889
2.5,-4.5,-0.79541144789778,-1.20883649878205,-97.0205439637019
3,-4.5,-0.597670344222525,-1.08740629479511,-87.3027788824786
3.5,-4.5,-0.335415881540772,-0.897424166549707,-72.087711287563
4,-4.5,-0.0247365929105694,-0.638245250190097,-51.3196393699018
4.5,-4.5,0.289953877263332,-0.341247016392039,-27.5112227434492
5,-4.5,0.561490291366911,-0.0551761963746226,-4.57124146267048
5.5,-4.5,0.769062931922449,0.186392046432774,14.8052740961255
6,-4.5,0.917491243453028,0.375565453843109,29.9825034059003
6.5,-4.5,1.02120255839351,0.519263764355916,41.5134616025537
7,-4.5,1.0938848389441,0.628052913713978,50.2445554735034
7.5,-4.5,1.14562639463994,0.711256673851457,56.923161205223
8,-4.5,1.18322677181948,0.775905785803062,62.113042883938
8.5,-4.5,1.2111461795472,0.827017328868435,66.2165915848612
9,-4.5,1.23231104657706,0.86811900727477,69.5167942824193
9.5,-4.5,1.24866564034568,0.901699175594009,72.2132915924281
10,-4.5,1.26152472947825,0.929532919184646,74.4485158100674
-10,-4,-1.3236592491403,-1.2707867849482,-101.876165312759
-9.5,-4,-1.32272764876704,-1.27305649015192,-102.058910004761
-9,-4,-1.321685199155,-1.27546591196999,-102.25291672495
-8.5,-4,-1.32051370067355,-1.27802711395604,-102.459159932402
-8,-4,-1.31919108524223,-1.28075330421539,-102.678707051497
-7.5,-4,-1.31769039362888,-1.28365887976874,-102.912722283851
-7,-4,-1.31597842560035,-1.28675942360858,-103.162466694127
-6.5,-4,-1.3140139388261,-1.2900716180427,-103.429291671732
-6,-4,-1.31174521746966,-1.29361301498327,-103.714621039177
-5.5,-4,-1.30910674837191,-1.29740156615394,-104.019914067051
-5,-4,-1.30601461528917,-1.30145475354125,-104.346596648281
-4.5,-4,-1.30236002271982,-1.3057880548644,-104.695939443684
-4,-4,-1.29800004474094,-1.31041229824964,-105.068847364094
-3.5,-4,-1.29274418245321,-1.31532914601676,-105.465499603377
-3,-4,-1.28633446862892,-1.32052339022214,-105.884734825331
-2.5,-4,-1.2784154351146,-1.3259497343871,-106.322995370111
-2,-4,-1.26848781477486,-1.33150987264328,-106.772495097655
-1.5,-4,-1.25583557754652,-1.33701215937684,-107.217993588458
-1,-4,-1.23940832982713,-1.34209938260892,-107.631016018421
-0.5,-4,-1.21762764255554,-1.34611687450779,-107.959293320875
0,-4,-1.18806237252838,-1.34786702512987,-108.107098577262
0.5,-4,-1.14688000610007,-1.34514565673836,-107.8980948793
1,-4,-1.08793415889618,-1.33386561754821,-107.005075689945
1.5,-4,-1.00135984720995,-1.30645562872254,-104.821541100849
2,-4,-0.871940171920259,-1.2492890469145,-100.255317756648
2.5,-4,-0.679321233977086,-1.14017142032583,-91.526465161673
3,-4,-0.40669247928383,-0.951879524076225,-76.4497990909071
3.5,-4,-0.0648862485266854,-0.67365515666165,-54.1575927814907
4,-4,0.289953877263333,-0.341247016392038,-27.5112227434492
4.5,-4,0.5910195168047,-0.0221620833956629,-1.92341222947528
5,-4,0.811201665777187,0.238471799762398,18.9832856242392
5.5,-4,0.960818465935916,0.434217361231586,34.688741631556
6,-4,1.06070438011322,0.577386986359201,46.1780987149532
6.5,-4,1.12818480216581,0.682558048956903,54.6194810158761
7,-4,1.17487702525074,0.761179208979955,60.930775794748
7.5,-4,1.20807441657831,0.821236564997128,65.7524558093444
8,-4,1.23231104657706,0.86811900727477,69.5167942824193
8.5,-4,1.2504423669618,0.9054623198494,72.5154865638589
9,-4,1.26430629282955,0.935752445622694,74.9480047416507
9.5,-4,1.27511511403553,0.960720877609914,76.9533000455663
10,-4,1.28368822780401,0.98159788997254,78.6301112338555
-10,-3.5,-1.32583505810134,-1.26497780895281,-101.408507016667
-9.5,-3.5,-1.3250406286002,-1.26718977908713,-101.586576073303
-9,-3.5,-1.3241477479913,-1.26954826970583,-101.776451340342
-8.5,-3.5,-1.32313953494183,-1.27206731567611,-101.979265488329
-8,-3.5,-1.32199534925391,-1.27476256644823,-102.196281925279
-7.5,-3.5,-1.32068974735303,-1.27765144744174,-102.428908024391
-7,-3.5,-1.31919108524223,-1.28075330421539,-102.678707051497
-6.5,-3.5,-1.31745962721389,-1.28408949990589,-102.947406452645
-6,-3.5,-1.31544495177247,-1.28768341372809,-103.236898353295
-5.5,-3.5,-1.31308234282789,-1.29156024909837,-103.549224990483
-5,-3.5,-1.31028769131271,-1.29574649146576,-103.886536331565
-4.5,-3.5,-1.30695017059523,-1.30026873485997,-104.25099745919
-4,-3.5,-1.30292151940942,-1.30515137868039,-104.64460591538
-3.5,-3.5,-1.29800004474094,-1.31041229824964,-105.068847364094
-3,-3.5,-1.29190621683374,-1.31605484864319,-105.524058396983
-2.5,-3.5,-1.284244541331,-1.32205313694386,-106.008251287175
-2,-3.5,-1.27444243547742,-1.32832469921667,-106.514931367145
-1.5,-3.5,-1.26164948782168,-1.3346790644249,-107.028984780534
-1,-3.5,-1.24456653071716,-1.34071894194344,-107.518773151749
-0.5,-3.5,-1.22114708843015,-1.34564574684118,-107.920565911853
0,-3.5,-1.18806237252838,-1.34786702512987,-108.107098577262
0.5,-3.5,-1.13972878129462,-1.34418735640569,-107.822740202994
1,-3.5,-1.0665707051888,-1.32813622412758,-106.549441365362
1.5,-3.5,-0.952242708895565,-1.28668299034416,-103.243227110485
2,-3.5,-0.770979947581495,-1.19506795769997,-95.9191613000151
2.5,-3.5,-0.4929534700329,-1.01505380766421,-81.5094535822144
3,-3.5,-0.116234507595231,-0.718127017118581,-57.7216025741021
3.5,-3.5,0.289953877263333,-0.341247016392038,-27.5112227434491
4,-3.5,0.627458657120024,0.0191547426832754,1.39044246158547
4.5,-3.5,0.860248279771721,0.300639355062208,23.9708739765685
5,-3.5,1.00856912374369,0.501116587385667,40.0571447793432
5.5,-3.5,1.102368682695,0.64131679385405,51.3091653449075
6,-3.5,1.16316898041581,0.740902628886645,59.3029983877766
6.5,-3.5,1.20396419543877,0.813566874504885,65.1366669863279
7,-3.5,1.23231104657706,0.868119007274771,69.5167942824193
7.5,-3.5,1.25265049531367,0.910174183057783,72.8938712680665
8,-3.5,1.26766454779604,0.943367786246929,75.5596025962948
8.5,-3.5,1.27902538322926,0.970110801670288,77.7074720764351
9,-3.5,1.28780911029304,0.992044297938803,79.4691918475116
9.5,-3.5,1.29472907276416,1.01031386485481,80.9367159738923
10,-3.5,1.30027110126393,1.0257382428223,82.1757687432761
-10,-3,-1.32793394526949,-1.25851066031719,-100.88793905565
-9.5,-3,-1.32728160149872,-1.26062969864077,-101.058500898329
-9,-3,-1.32654494869615,-1.26289977672407,-101.241228997479
-8.5,-3,-1.32570886753377,-1.26533684645595,-101.437409763124
-8,-3,-1.32475470662465,-1.26795900091324,-101.648502636379
-7.5,-3,-1.3236592491403,-1.2707867849482,-101.876165312759
-7,-3,-1.32239331075063,-1.27384353381803,-102.122281308624
-6.5,-3,-1.32091981152793,-1.27715572436611,-102.38898866268
-6,-3,-1.31919108524223,-1.28075330421539,-102.678707051497
-5.5,-3,-1.31714506374237,-1.28466992859943,-102.994157746328
-5,-3,-1.31469977027847,-1.2889429670922,-103.338365470007
-4.5,-3,-1.31174521746966,-1.29361301498327,-103.714621039177
-4,-3,-1.30813123045237,-1.29872239953275,-104.12636415171
-3.5,-3,-1.30364871048268,-1.30431169393582,-104.576907528048
-3,-3,-1.29800004474094,-1.31041229824964,-105.068847364094
-2.5,-3,-1.2907510056211,-1.3170311893713,-105.602848468054
-2,-3,-1.28125001934413,-1.32411979721815,-106.175160675944
-1.5,-3,-1.26848781477486,-1.33150987264328,-106.772495097655
-1,-3,-1.25084394375706,-1.33877850571788,-107.361229901978
-0.5,-3,-1.22561042879957,-1.34495549604784,-107.863991829868
0,-3,-1.18806237252838,-1.34786702512987,-108.107098577262
0.5,-3,-1.12959955332434,-1.34261834297621,-107.698985551386
1,-3,-1.03410227447182,-1.31806710033138,-105.747473728137
1.5,-3,-0.87194017192026,-1.2492890469145,-100.255317756648
2,-3,-0.597670344222525,-1.08740629479511,-87.3027788824785
2.5,-3,-0.183862421755355,-0.775291026477429,-62.3023828794435
3,-3,0.289953877263333,-0.341247016392039,-27.5112227434492
3.5,-3,0.673383435982084,0.0721809265818907,5.64365817752426
4,-3,0.917491243453029,0.375565453843109,29.9825034059003
4.5,-3,1.06070438011322,0.577386986359201,46.1780987149532
5,-3,1.14562639463994,0.711256673851457,56.923161205223
5.5,-3,1.19818536488408,0.802904254835394,64.2805954816733
6,-3,1.23231104657706,0.86811900727477,69.5167942824193
6.5,-3,1.25546783626032,0.916244602109975,73.3813609337816
7,-3,1.27179479418028,0.952905190396787,76.3255819241228
7.5,-3,1.28368822780401,0.98159788997254,78.6301112338555
8,-3,1.29259588628209,1.00457520998032,80.4757422102307
8.5,-3,1.29942731899137,1.02333753949016,81.98291380963
9,-3,1.30477425165284,1.03891528424322,83.2343464372808
9.5,-3,1.3090337130846,1.05203566929853,84.2884262400396
10,-3,1.31247945654511,1.06322454117364,85.1873746296532
-10,-2.5,-1.32991728057602,-1.25128622361613,-100.306500128348
-9.5,-2.5,-1.32940910773554,-1.25326704814044,-100.465912832694
-9,-2.5,-1.32883234937744,-1.25539981205059,-100.637560381637
-8.5,-2.5,-1.32817412306993,-1.25770212358244,-100.822861848632
-8,-2.5,-1.32741838391529,-1.26019428380801,-101.023453611621
-7.5,-2.5,-1.32654494869615,-1.26289977672407,-101.241228997479
-7,-2.5,-1.32552815130795,-1.26584585051488,-101.478385346475
-6.5,-2.5,-1.32433496202721,-1.26906419847872,-101.737479219473
-6,-2.5,-1.32292231298971,-1.27259173840058,-102.021489711493
-5.5,-2.5,-1.32123322507489,-1.2764714657613,-102.33388798934
-5,-2.5,-1.31919108524223,-1.28075330421539,-102.678707051497
-4.5,-2.5,-1.31669100048851,-1.2854947650102,-103.060596822195
-4,-2.5,-1.31358640631017,-1.29076098847911,-103.484830687787
-3.5,-2.5,-1.30966773948922,-1.29662322783865,-103.957188664458
-3,-2.5,-1.30462739176572,-1.30315371228278,-104.483552679017
-2.5,-2.5,-1.29800004474094,-1.31041229824964,-105.068847364094
-2,-2.5,-1.28905693808118,-1.31841442186952,-105.714488163494
-1.5,-2.5,-1.27660980797936,-1.32705551010783,-106.412349573715
-1,-2.5,-1.25862833019353,-1.33593026856001,-107.130324276314
-0.5,-2.5,-1.2314509250869,-1.34388600817975,-107.776591727793
0,-2.5,-1.18806237252838,-1.34786702512987,-108.107098577262
0.5,-2.5,-1.11417232444937,-1.33978578380582,-107.47488661955
1,-2.5,-0.979497606562939,-1.29798032669463,-104.145209158952
1.5,-2.5,-0.723908859126567,-1.167488091299,-93.7125272679689
2,-2.5,-0.276070573344823,-0.850603772492598,-68.3367509979541
2.5,-2.5,0.289953877263333,-0.341247016392038,-27.5112227434491
3,-2.5,0.732670961031982,0.142321854189362,11.2699916312506
3.5,-2.5,0.984134481689855,0.46656439185532,37.2844108459898
4,-2.5,1.1166500228519,0.663959997071981,53.1266438387419
4.5,-2.5,1.18947360158994,0.787079987772002,63.0101423086521
5,-2.5,1.23231104657706,0.868119007274771,69.5167942824193
5.5,-2.5,1.25918446564753,0.924358531618714,74.032968014003
6,-2.5,1.27698748708756,0.9651909891027,77.3123241064705
6.5,-2.5,1.28932401320844,0.995961233645859,79.7838167706421
7,-2.5,1.29819533918246,1.01986763159978,81.7041697708363
7.5,-2.5,1.30477425165284,1.03891528424322,83.2343464372808
8,-2.5,1.30978081906715,1.05441386944172,84.4794946411948
8.5,-2.5,1.31367525025948,1.06724986007293,85.5107916111931
9,-2.5,1.31676202744495,1.07804208142661,86.3779284590653
9.5,-2.5,1.31924873337543,1.08723425470945,87.1165381636032
10,-2.5,1.32128063882661,1.09515207493068,87.7527773194302
-10,-2,-1.33173569941397,-1.24318694908389,-99.6547490701386
-9.5,-2,-1.33136947151084,-1.24497132508699,-99.7983301263207
-9,-2,-1.33095155376413,-1.24690302041802,-99.9537704606219
-8.5,-2,-1.33047176197954,-1.24900069840503,-100.122573348799
-8,-2,-1.32991728057602,-1.25128622361613,-100.306500128348
-7.5,-2,-1.32927180470752,-1.25378534888234,-100.507625651554
-7,-2,-1.32851433844976,-1.25652857398549,-100.728407625455
-6.5,-2,-1.3276174825035,-1.25955222067306,-100.971773470057
-6,-2,-1.32654494869615,-1.26289977672407,-101.241228997479
-5.5,-2,-1.32524787678453,-1.26662356535913,-101.540993540343
-5,-2,-1.3236592491403,-1.2707867849482,-101.876165312759
-4.5,-2,-1.321685199155,-1.27546591196999,-102.25291672495
-4,-2,-1.31919108524223,-1.28075330421539,-102.678707051497
-3.5,-2,-1.31597842560035,-1.28675942360858,-103.162466694127
-3,-2,-1.31174521746966,-1.29361301498327,-103.714621039177
-2.5,-2,-1.30601461528917,-1.30145475354125,-104.346596648281
-2,-2,-1.29800004474094,-1.31041229824964,-105.068847364094
-1.5,-2,-1.28633446862892,-1.32052339022214,-105.884734825331
-1,-2,-1.26848781477486,-1.33150987264328,-106.772495097655
-0.5,-2,-1.23940832982713,-1.34209938260892,-107.631016018421
0,-2,-1.18806237252838,-1.34786702512987,-108.107098577262
0.5,-2,-1.08793415889618,-1.33386561754821,-107.005075689945
1,-2,-0.871940171920259,-1.2492890469145,-100.255317756648
1.5,-2,-0.40669247928383,-0.951879524076225,-76.4497990909071
2,-2,0.289953877263333,-0.341247016392038,-27.5112227434492
2.5,-2,0.811201665777187,0.238471799762398,18.9832856242392
3,-2,1.06070438011322,0.577386986359201,46.1780987149532
3.5,-2,1.17487702525074,0.761179208979955,60.930775794748
4,-2,1.23231104657706,0.86811900727477,69.5167942824193
4.5,-2,1.26430629282955,0.935752445622694,74.9480047416507
5,-2,1.28368822780401,0.98159788997254,78.6301112338555
5.5,-2,1.29622847289568,1.01441019510791,81.2657709108414
6,-2,1.30477425165284,1.03891528424322,83.2343464372808
6.5,-2,1.3108447009588,1.05784461366434,84.7551294321609
7,-2,1.3153048408662,1.07287040212241,85.9623874598033
7.5,-2,1.31867453653903,1.08506678324165,86.9423745451838
8,-2,1.32128063882661,1.09515207493068,87.7527773194303
8.5,-2,1.32333662950545,1.10362328271483,88.4335122986874
9,-2,1.32498655472704,1.11083442063538,89.0130136920783
9.5,-2,1.32633037401582,1.11704403694843,89.5120492029415
10,-2,1.3274391669721,1.12244510481407,89.9461201048275
-10,-1.5,-1.3333261129319,-1.23407284842216,-98.9214435637325
-9.5,-1.5,-1.33309320851585,-1.23558585594605,-99.0431702190628
-9,-1.5,-1.33282587798551,-1.23723334747231,-99.1757198537335
-8.5,-1.5,-1.33251699573924,-1.23903389178499,-99.3205874098019
-8,-1.5,-1.33215749525928,-1.24100959154462,-99.4795524755995
-7.5,-1.5,-1.33173569941397,-1.24318694908389,-99.6547490701386
-7,-1.5,-1.33123636533631,-1.24559799237954,-99.8487564182134
-6.5,-1.5,-1.33063929620083,-1.24828175298431,-100.064718132433
-6,-1.5,-1.32991728057602,-1.25128622361613,-100.306500128348
-5.5,-1.5,-1.32903296073353,-1.25467097281608,-100.578901634757
-5,-1.5,-1.32793394526949,-1.25851066031719,-100.88793905565
-4.5,-1.5,-1.32654494869615,-1.26289977672407,-101.241228997479
-4,-1.5,-1.32475470662465,-1.26795900091324,-101.648502636379
-3.5,-1.5,-1.32239331075063,-1.27384353381803,-102.122281308624
-3,-1.5,-1.31919108524223,-1.28075330421539,-102.678707051497
-2.5,-1.5,-1.31469977027847,-1.2889429670922,-103.338365470007
-2,-1.5,-1.30813123045237,-1.29872239953275,-104.12636415171
-1.5,-1.5,-1.29800004474094,-1.31041229824964,-105.068847364094
-1,-1.5,-1.28125001934413,-1.32411979721815,-106.175160675944
-0.5,-1.5,-1.25084394375706,-1.33877850571788,-107.361229901978
0,-1.5,-1.18806237252838,-1.34786702512987,-108.107098577262
0.5,-1.5,-1.03410227447182,-1.31806710033138,-105.747473728137
1,-1.5,-0.597670344222525,-1.08740629479511,-87.3027788824785
1.5,-1.5,0.289953877263333,-0.341247016392039,-27.5112227434492
2,-1.5,0.917491243453029,0.375565453843109,29.9825034059003
2.5,-1.5,1.14562639463994,0.711256673851457,56.923161205223
3,-1.5,1.23231104657706,0.86811900727477,69.5167942824193
3.5,-1.5,1.27179479418028,0.952905190396787,76.3255819241228
4,-1.5,1.29259588628209,1.00457520998032,80.4757422102307
4.5,-1.5,1.30477425165284,1.03891528424322,83.2343464372808
5,-1.5,1.31247945654511,1.06322454117364,85.1873746296532
5.5,-1.5,1.31764939321873,1.08126582665393,86.6369592575108
6,-1.5,1.32128063882661,1.09515207493068,87.7527773194302
6.5,-1.5,1.32392605743207,1.10615261488193,88.6367719058616
7,-1.5,1.32591158579507,1.11507243043914,89.3535992582089
7.5,-1.5,1.3274391669721,1.12244510481407,89.9461201048275
8,-1.5,1.32863919527762,1.12863753330131,90.4438077839917
8.5,-1.5,1.32959884974373,1.1339098987494,90.8675645011278
9,-1.5,1.33037817613782,1.13845162157731,91.2326084665212
9.5,-1.5,1.33101960788169,1.14240376164113,91.5502731037352
10,-1.5,1.33155381129275,1.14587345305658,91.8291664531884
-10,-1,-1.3346078363965,-1.22377653063178,-98.0931418623918
-9.5,-1,-1.33449031320864,-1.22492169315002,-98.185260084015
-9,-1,-1.33435457113304,-1.2261764730125,-98.2861977190766
-8.5,-1,-1.33419664264335,-1.22755732650716,-98.3972790752032
-8,-1,-1.33401141914071,-1.22908415807303,-98.5201060214409
-7.5,-1,-1.33379223356963,-1.23078126656612,-98.6566341835215
-7,-1,-1.3335302535908,-1.23267861815725,-98.8092754510386
-6.5,-1,-1.33321358037958,-1.23481358365591,-98.9810379025485
-6,-1,-1.33282587798551,-1.23723334747231,-99.1757198537335
-5.5,-1,-1.33234423190144,-1.23999830568802,-99.3981836305306
-5,-1,-1.33173569941397,-1.24318694908389,-99.6547490701386
-4.5,-1,-1.33095155376413,-1.24690302041802,-99.9537704606219
-4,-1,-1.32991728057602,-1.25128622361613,-100.306500128348
-3.5,-1,-1.32851433844976,-1.25652857398549,-100.728407625455
-3,-1,-1.32654494869615,-1.26289977672407,-101.241228997479
-2.5,-1,-1.3236592491403,-1.2707867849482,-101.876165312759
-2,-1,-1.31919108524223,-1.28075330421539,-102.678707051497
-1.5,-1,-1.31174521746966,-1.29361301498327,-103.714621039177
-1,-1,-1.29800004474094,-1.31041229824964,-105.068847364094
-0.5,-1,-1.26848781477486,-1.33150987264328,-106.772495097655
0,-1,-1.18806237252838,-1.34786702512987,-108.107098577262
0.5,-1,-0.871940171920259,-1.2492890469145,-100.255317756648
1,-1,0.289953877263333,-0.341247016392038,-27.5112227434492
1.5,-1,1.06070438011322,0.577386986359201,46.1780987149532
2,-1,1.23231104657706,0.86811900727477,69.5167942824193
2.5,-1,1.28368822780401,0.98159788997254,78.6301112338555
3,-1,1.30477425165284,1.03891528424322,83.2343464372808
3.5,-1,1.3153048408662,1.07287040212241,85.9623874598033
4,-1,1.32128063882661,1.09515207493068,87.7527773194303
4.5,-1,1.32498655472704,1.11083442063538,89.0130136920783
5,-1,1.3274391669721,1.12244510481407,89.9461201048275
5.5,-1,1.32914481505862,1.13137553817172,90.6638681766431
6,-1,1.33037817613782,1.13845162157731,91.2326084665212
6.5,-1,1.33129854456325,1.14419325681725,91.6941116783255
7,-1,1.33200338964057,1.1489434805471,92.075940385057
7.5,-1,1.3325550345106,1.15293750698206,92.3969948368963
8,-1,1.33299482189872,1.15634186620103,92.6706569481886
8.5,-1,1.33335104545442,1.15927769436582,92.9066613239944
9,-1,1.33364359383904,1.16183517230053,93.1122552527821
9.5,-1,1.33388677622166,1.16408279520943,93.2929434710577
10,-1,1.33409109929916,1.16607350658287,93.4529810069973
-10,-0.5,-1.33547756495385,-1.2120970444034,-97.1537088160104
-9.5,-0.5,-1.33544406111318,-1.21274995886858,-97.2062220199312
-9,-0.5,-1.33540510207293,-1.21347019928116,-97.2641506549063
-8.5,-0.5,-1.33535943611714,-1.21426873334964,-97.3283770064634
-8,-0.5,-1.33530543086015,-1.2151590445834,-97.3999857633813
-7.5,-0.5,-1.33524092541138,-1.21615789634891,-97.4803254958585
-7,-0.5,-1.33516301096956,-1.217286391835,-97.5710939467982
-6.5,-0.5,-1.33506769733718,-1.21857147252554,-97.6744586136523
-6,-0.5,-1.33494939218996,-1.22004808187445,-97.7932308683522
-5.5,-0.5,-1.33480006260374,-1.22176236498473,-97.9311234651369
-5,-0.5,-1.3346078363965,-1.22377653063178,-98.0931418623918
-4.5,-0.5,-1.33435457113304,-1.2261764730125,-98.2861977190766
-4,-0.5,-1.33401141914071,-1.22908415807303,-98.5201060214409
-3.5,-0.5,-1.3335302535908,-1.23267861815725,-98.8092754510386
-3,-0.5,-1.33282587798551,-1.23723334747231,-99.1757198537335
-2.5,-0.5,-1.33173569941397,-1.24318694908389,-99.6547490701386
-2,-0.5,-1.32991728057602,-1.25128622361613,-100.306500128348
-1.5,-0.5,-1.32654494869615,-1.26289977672407,-101.241228997479
-1,-0.5,-1.31919108524223,-1.28075330421539,-102.678707051497
-0.5,-0.5,-1.29800004474094,-1.31041229824964,-105.068847364094
0,-0.5,-1.18806237252838,-1.34786702512987,-108.107098577262
0.5,-0.5,0.289953877263333,-0.341247016392038,-27.5112227434492
1,-0.5,1.23231104657706,0.86811900727477,69.5167942824193
1.5,-0.5,1.30477425165284,1.03891528424322,83.2343464372808
2,-0.5,1.32128063882661,1.09515207493068,87.7527773194303
2.5,-0.5,1.3274391669721,1.12244510481407,89.9461201048275
3,-0.5,1.33037817613782,1.13845162157731,91.2326084665212
3.5,-0.5,1.33200338964057,1.1489434805471,92.075940385057
4,-0.5,1.33299482189872,1.15634186620103,92.6706569481886
4.5,-0.5,1.33364359383904,1.16183517230053,93.1122552527821
5,-0.5,1.33409109929916,1.16607350658287,93.4529810069973
5.5,-0.5,1.33441269852677,1.16944194505923,93.7237827307857
6,-0.5,1.33465153093468,1.17218289693649,93.944143855054
6.5,-0.5,1.33483373175398,1.17445648751133,94.1269348764759
7,-0.5,1.33497588199089,1.17637269962157,94.2809962855662
7.5,-0.5,1.33508891170423,1.17800955549435,94.4125997575322
8,-0.5,1.33518026241456,1.1794239291157,94.5263171302343
8.5,-0.5,1.33525514244324,1.18065825083475,94.6255592661053
9,-0.5,1.33531728526711,1.18174481523367,94.7129222954621
9.5,-0.5,1.33536942363221,1.18270863500274,94.7904170023199
10,-0.5,1.33541359495502,1.18356938254396,94.8596248886934
-10,0,-1.33580284554871,-1.19879224772184,-96.083703819943
-9.5,0,-1.33580284554871,-1.19879224772184,-96.083703819943
-9,0,-1.33580284554871,-1.19879224772184,-96.083703819943
-8.5,0,-1.33580284554871,-1.19879224772184,-96.083703819943
-8,0,-1.33580284554871,-1.19879224772184,-96.083703819943
-7.5,0,-1.33580284554871,-1.19879224772184,-96.0837038199431
-7,0,-1.33580284554871,-1.19879224772184,-96.083703819943
-6.5,0,-1.33580284554871,-1.19879224772184,-96.083703819943
-6,0,-1.33580284554871,-1.19879224772184,-96.083703819943
-5.5,0,-1.33580284554871,-1.19879224772184,-96.083703819943
-5,0,-1.33580284554871,-1.19879224772184,-96.083703819943
-4.5,0,-1.33580284554871,-1.19879224772184,-96.083703819943
-4,0,-1.33580284554871,-1.19879224772184,-96.083703819943
-3.5,0,-1.33580284554871,-1.19879224772184,-96.083703819943
-3,0,-1.33580284554871,-1.19879224772184,-96.083703819943
-2.5,0,-1.33580284554871,-1.19879224772184,-96.083703819943
-2,0,-1.33580284554871,-1.19879224772184,-96.083703819943
-1.5,0,-1.33580284554871,-1.19879224772184,-96.083703819943
-1,0,-1.33580284554871,-1.19879224772184,-96.083703819943
-0.5,0,-1.33580284554871,-1.19879224772184,-96.083703819943
0.5,0,1.33580284554871,1.19879224772184,96.083703819943
1,0,1.33580284554871,1.19879224772184,96.083703819943
1.5,0,1.33580284554871,1.19879224772184,96.083703819943
2,0,1.33580284554871,1.19879224772184,96.083703819943
2.5,0,1.33580284554871,1.19879224772184,96.083703819943
3,0,1.33580284554871,1.19879224772184,96.083703819943
3.5,0,1.33580284554871,1.19879224772184,96.083703819943
4,0,1.33580284554871,1.19879224772184,96.083703819943
4.5,0,1.33580284554871,1.19879224772184,96.083703819943
5,0,1.33580284554871,1.19879224772184,96.083703819943
5.5,0,1.33580284554871,1.19879224772184,96.083703819943
6,0,1.33580284554871,1.19879224772184,96.083703819943
6.5,0,1.33580284554871,1.19879224772184,96.083703819943
7,0,1.33580284554871,1.19879224772184,96.083703819943
7.5,0,1.33580284554871,1.19879224772184,96.0837038199431
8,0,1.33580284554871,1.19879224772184,96.083703819943
8.5,0,1.33580284554871,1.19879224772184,96.083703819943
9,0,1.33580284554871,1.19879224772184,96.083703819943
9.5,0,1.33580284554871,1.19879224772184,96.083703819943
10,0,1.33580284554871,1.19879224772184,96.083703819943
-10,0.5,-1.33541359495502,-1.18356938254396,-94.8596248886934
-9.5,0.5,-1.33536942363221,-1.18270863500274,-94.7904170023199
-9,0.5,-1.33531728526711,-1.18174481523367,-94.7129222954621
-8.5,0.5,-1.33525514244324,-1.18065825083475,-94.6255592661053
-8,0.5,-1.33518026241456,-1.1794239291157,-94.5263171302343
-7.5,0.5,-1.33508891170423,-1.17800955549435,-94.4125997575322
-7,0.5,-1.33497588199089,-1.17637269962157,-94.2809962855662
-6.5,0.5,-1.33483373175398,-1.17445648751133,-94.1269348764759
-6,0.5,-1.33465153093468,-1.17218289693649,-93.944143855054
-5.5,0.5,-1.33441269852677,-1.16944194505923,-93.7237827307857
-5,0.5,-1.33409109929916,-1.16607350658287,-93.4529810069973
-4.5,0.5,-1.33364359383904,-1.16183517230053,-93.1122552527821
-4,0.5,-1.33299482189872,-1.15634186620103,-92.6706569481886
-3.5,0.5,-1.33200338964057,-1.1489434805471,-92.075940385057
-3,0.5,-1.33037817613782,-1.13845162157731,-91.2326084665212
-2.5,0.5,-1.3274391669721,-1.12244510481407,-89.9461201048275
-2,0.5,-1.32128063882661,-1.09515207493068,-87.7527773194303
-1.5,0.5,-1.30477425165284,-1.03891528424322,-83.2343464372808
-1,0.5,-1.23231104657706,-0.86811900727477,-69.5167942824193
-0.5,0.5,-0.289953877263333,0.341247016392038,27.5112227434492
0,0.5,1.18806237252838,1.34786702512987,108.107098577262
0.5,0.5,1.29800004474094,1.31041229824964,105.068847364094
1,0.5,1.31919108524223,1.28075330421539,102.678707051497
1.5,0.5,1.32654494869615,1.26289977672407,101.241228997479
2,0.5,1.32991728057602,1.25128622361613,100.306500128348
2.5,0.5,1.33173569941397,1.24318694908389,99.6547490701386
3,0.5,1.33282587798551,1.23723334747231,99.1757198537335
3.5,0.5,1.3335302535908,1.23267861815725,98.8092754510386
4,0.5,1.33401141914071,1.22908415807303,98.5201060214409
4.5,0.5,1.33435457113304,1.2261764730125,98.2861977190766
5,0.5,1.3346078363965,1.22377653063178,98.0931418623918
5.5,0.5,1.33480006260374,1.22176236498473,97.9311234651369
6,0.5,1.33494939218996,1.22004808187445,97.7932308683522
6.5,0.5,1.33506769733718,1.21857147252554,97.6744586136523
7,0.5,1.33516301096956,1.217286391835,97.5710939467982
7.5,0.5,1.33524092541138,1.21615789634891,97.4803254958585
8,0.5,1.33530543086015,1.2151590445834,97.3999857633813
8.5,0.5,1.33535943611714,1.21426873334964,97.3283770064634
9,0.5,1.33540510207293,1.21347019928116,97.2641506549063
9.5,0.5,1.33544406111318,1.21274995886858,97.2062220199312
10,0.5,1.33547756495385,1.2120970444034,97.1537088160104
-10,1,-1.33409109929916,-1.16607350658287,-93.4529810069973
-9.5,1,-1.33388677622166,-1.16408279520943,-93.2929434710577
-9,1,-1.33364359383904,-1.16183517230053,-93.1122552527821
-8.5,1,-1.33335104545442,-1.15927769436582,-92.9066613239944
-8,1,-1.33299482189872,-1.15634186620103,-92.6706569481886
-7.5,1,-1.3325550345106,-1.15293750698206,-92.3969948368963
-7,1,-1.33200338964057,-1.1489434805471,-92.075940385057
-6.5,1,-1.33129854456325,-1.14419325681725,-91.6941116783255
-6,1,-1.33037817613782,-1.13845162157731,-91.2326084665212
-5.5,1,-1.32914481505862,-1.13137553817172,-90.6638681766431
-5,1,-1.3274391669721,-1.12244510481407,-89.9461201048275
-4.5,1,-1.32498655472704,-1.11083442063538,-89.0130136920783
-4,1,-1.32128063882661,-1.09515207493068,-87.7527773194303
-3.5,1,-1.3153048408662,-1.07287040212241,-85.9623874598033
-3,1,-1.30477425165284,-1.03891528424322,-83.2343464372808
-2.5,1,-1.28368822780401,-0.98159788997254,-78.6301112338555
-2,1,-1.23231104657706,-0.86811900727477,-69.5167942824193
-1.5,1,-1.06070438011322,-0.577386986359201,-46.1780987149532
-1,1,-0.289953877263333,0.341247016392038,27.5112227434492
-0.5,1,0.871940171920259,1.2492890469145,100.255317756648
0,1,1.18806237252838,1.34786702512987,108.107098577262
0.5,1,1.26848781477486,1.33150987264328,106.772495097655
1,1,1.29800004474094,1.31041229824964,105.068847364094
1.5,1,1.31174521746966,1.29361301498327,103.714621039177
2,1,1.31919108524223,1.28075330421539,102.678707051497
2.5,1,1.3236592491403,1.2707867849482,101.876165312759
3,1,1.32654494869615,1.26289977672407,101.241228997479
3.5,1,1.32851433844976,1.25652857398549,100.728407625455
4,1,1.32991728057602,1.25128622361613,100.306500128348
4.5,1,1.33095155376413,1.24690302041802,99.9537704606219
5,1,1.33173569941397,1.24318694908389,99.6547490701386
5.5,1,1.33234423190144,1.23999830568802,99.3981836305306
6,1,1.33282587798551,1.23723334747231,99.1757198537335
6.5,1,1.33321358037958,1.23481358365591,98.9810379025485
7,1,1.3335302535908,1.23267861815725,98.8092754510386
7.5,1,1.33379223356963,1.23078126656612,98.6566341835215
8,1,1.33401141914071,1.22908415807303,98.5201060214409
8.5,1,1.33419664264335,1.22755732650716,98.3972790752032
9,1,1.33435457113304,1.2261764730125,98.2861977190766
9.5,1,1.33449031320864,1.22492169315002,98.185260084015
10,1,1.3346078363965,1.22377653063178,98.0931418623918
-10,1.5,-1.33155381129275,-1.14587345305658,-91.8291664531884
-9.5,1.5,-1.33101960788169,-1.14240376164113,-91.5502731037352
-9,1.5,-1.33037817613782,-1.13845162157731,-91.2326084665212
-8.5,1.5,-1.32959884974373,-1.1339098987494,-90.8675645011278
-8,1.5,-1.32863919527762,-1.12863753330131,-90.4438077839917
-7.5,1.5,-1.3274391669721,-1.12244510481407,-89.9461201048275
-7,1.5,-1.32591158579507,-1.11507243043914,-89.3535992582089
-6.5,1.5,-1.32392605743207,-1.10615261488193,-88.6367719058616
-6,1.5,-1.32128063882661,-1.09515207493068,-87.7527773194302
-5.5,1.5,-1.31764939321873,-1.08126582665393,-86.6369592575108
-5,1.5,-1.31247945654511,-1.06322454117364,-85.1873746296532
-4.5,1.5,-1.30477425165284,-1.03891528424322,-83.2343464372808
-4,1.5,-1.29259588628209,-1.00457520998032,-80.4757422102307
-3.5,1.5,-1.27179479418028,-0.952905190396787,-76.3255819241228
-3,1.5,-1.23231104657706,-0.86811900727477,-69.5167942824193
-2.5,1.5,-1.14562639463994,-0.711256673851457,-56.923161205223
-2,1.5,-0.917491243453029,-0.375565453843109,-29.9825034059003
-1.5,1.5,-0.289953877263333,0.341247016392039,27.5112227434492
-1,1.5,0.597670344222525,1.08740629479511,87.3027788824785
-0.5,1.5,1.03410227447182,1.31806710033138,105.747473728137
0,1.5,1.18806237252838,1.34786702512987,108.107098577262
0.5,1.5,1.25084394375706,1.33877850571788,107.361229901978
1,1.5,1.28125001934413,1.32411979721815,106.175160675944
1.5,1.5,1.29800004474094,1.31041229824964,105.068847364094
2,1.5,1.30813123045237,1.29872239953275,104.12636415171
2.5,1.5,1.31469977027847,1.2889429670922,103.338365470007
3,1.5,1.31919108524223,1.28075330421539,102.678707051497
3.5,1.5,1.32239331075063,1.27384353381803,102.122281308624
4,1.5,1.32475470662465,1.26795900091324,101.648502636379
4.5,1.5,1.32654494869615,1.26289977672407,101.241228997479
5,1.5,1.32793394526949,1.25851066031719,100.88793905565
5.5,1.5,1.32903296073353,1.25467097281608,100.578901634757
6,1.5,1.32991728057602,1.25128622361613,100.306500128348
6.5,1.5,1.33063929620083,1.24828175298431,100.064718132433
7,1.5,1.33123636533631,1.24559799237954,99.8487564182134
7.5,1.5,1.33173569941397,1.24318694908389,99.6547490701386
8,1.5,1.33215749525928,1.24100959154462,99.4795524755995
8.5,1.5,1.33251699573924,1.23903389178499,99.3205874098019
9,1.5,1.33282587798551,1.23723334747231,99.1757198537335
9.5,1.5,1.33309320851585,1.23558585594605,99.0431702190628
10,1.5,1.3333261129319,1.23407284842216,98.9214435637325
-10,2,-1.3274391669721,-1.12244510481407,-89.9461201048275
-9.5,2,-1.32633037401582,-1.11704403694843,-89.5120492029415
-9,2,-1.32498655472704,-1.11083442063538,-89.0130136920783
-8.5,2,-1.32333662950545,-1.10362328271483,-88.4335122986874
-8,2,-1.32128063882661,-1.09515207493068,-87.7527773194303
-7.5,2,-1.31867453653903,-1.08506678324165,-86.9423745451838
-7,2,-1.3153048408662,-1.07287040212241,-85.9623874598033
-6.5,2,-1.3108447009588,-1.05784461366434,-84.7551294321609
-6,2,-1.30477425165284,-1.03891528424322,-83.2343464372808
-5.5,2,-1.29622847289568,-1.01441019510791,-81.2657709108414
-5,2,-1.28368822780401,-0.98159788997254,-78.6301112338555
-4.5,2,-1.26430629282955,-0.935752445622694,-74.9480047416507
-4,2,-1.23231104657706,-0.86811900727477,-69.5167942824193
-3.5,2,-1.17487702525074,-0.761179208979955,-60.930775794748
-3,2,-1.06070438011322,-0.577386986359201,-46.1780987149532
-2.5,2,-0.811201665777187,-0.238471799762398,-18.9832856242392
-2,2,-0.289953877263333,0.341247016392038,27.5112227434492
-1.5,2,0.40669247928383,0.951879524076225,76.4497990909071
-1,2,0.871940171920259,1.2492890469145,100.255317756648
-0.5,2,1.08793415889618,1.33386561754821,107.005075689945
0,2,1.18806237252838,1.34786702512987,108.107098577262
0.5,2,1.23940832982713,1.34209938260892,107.631016018421
1,2,1.26848781477486,1.33150987264328,106.772495097655
1.5,2,1.28633446862892,1.32052339022214,105.884734825331
2,2,1.29800004474094,1.31041229824964,105.068847364094
2.5,2,1.30601461528917,1.30145475354125,104.346596648281
3,2,1.31174521746966,1.29361301498327,103.714621039177
3.5,2,1.31597842560035,1.28675942360858,103.162466694127
4,2,1.31919108524223,1.28075330421539,102.678707051497
4.5,2,1.321685199155,1.27546591196999,102.25291672495
5,2,1.3236592491403,1.2707867849482,101.876165312759
5.5,2,1.32524787678453,1.26662356535913,101.540993540343
6,2,1.32654494869615,1.26289977672407,101.241228997479
6.5,2,1.3276174825035,1.25955222067306,100.971773470057
7,2,1.32851433844976,1.25652857398549,100.728407625455
7.5,2,1.32927180470752,1.25378534888234,100.507625651554
8,2,1.32991728057602,1.25128622361613,100.306500128348
8.5,2,1.33047176197954,1.24900069840503,100.122573348799
9,2,1.33095155376413,1.24690302041802,99.9537704606219
9.5,2,1.33136947151084,1.24497132508699,99.7983301263207
10,2,1.33173569941397,1.24318694908389,99.6547490701386
-10,2.5,-1.32128063882661,-1.09515207493068,-87.7527773194302
-9.5,2.5,-1.31924873337543,-1.08723425470945,-87.1165381636032
-9,2.5,-1.31676202744495,-1.07804208142661,-86.3779284590653
-8.5,2.5,-1.31367525025948,-1.06724986007293,-85.5107916111931
-8,2.5,-1.30978081906715,-1.05441386944172,-84.4794946411948
-7.5,2.5,-1.30477425165284,-1.03891528424322,-83.2343464372808
-7,2.5,-1.29819533918246,-1.01986763159978,-81.7041697708363
-6.5,2.5,-1.28932401320844,-0.995961233645859,-79.7838167706421
-6,2.5,-1.27698748708756,-0.9651909891027,-77.3123241064705
-5.5,2.5,-1.25918446564753,-0.924358531618714,-74.032968014003
-5,2.5,-1.23231104657706,-0.868119007274771,-69.5167942824193
-4.5,2.5,-1.18947360158994,-0.787079987772002,-63.0101423086521
-4,2.5,-1.1166500228519,-0.663959997071981,-53.1266438387419
-3.5,2.5,-0.984134481689855,-0.46656439185532,-37.2844108459898
-3,2.5,-0.732670961031982,-0.142321854189362,-11.2699916312506
-2.5,2.5,-0.289953877263333,0.341247016392038,27.5112227434491
-2,2.5,0.276070573344823,0.850603772492598,68.3367509979541
-1.5,2.5,0.723908859126567,1.167488091299,93.7125272679689
-1,2.5,0.979497606562939,1.29798032669463,104.145209158952
-0.5,2.5,1.11417232444937,1.33978578380582,107.47488661955
0,2.5,1.18806237252838,1.34786702512987,108.107098577262
0.5,2.5,1.2314509250869,1.34388600817975,107.776591727793
1,2.5,1.25862833019353,1.33593026856001,107.130324276314
1.5,2.5,1.27660980797936,1.32705551010783,106.412349573715
2,2.5,1.28905693808118,1.31841442186952,105.714488163494
2.5,2.5,1.29800004474094,1.31041229824964,105.068847364094
3,2.5,1.30462739176572,1.30315371228278,104.483552679017
3.5,2.5,1.30966773948922,1.29662322783865,103.957188664458
4,2.5,1.31358640631017,1.29076098847911,103.484830687787
4.5,2.5,1.31669100048851,1.2854947650102,103.060596822195
5,2.5,1.31919108524223,1.28075330421539,102.678707051497
5.5,2.5,1.32123322507489,1.2764714657613,102.33388798934
6,2.5,1.32292231298971,1.27259173840058,102.021489711493
6.5,2.5,1.32433496202721,1.26906419847872,101.737479219473
7,2.5,1.32552815130795,1.26584585051488,101.478385346475
7.5,2.5,1.32654494869615,1.26289977672407,101.241228997479
8,2.5,1.32741838391529,1.26019428380801,101.023453611621
8.5,2.5,1.32817412306993,1.25770212358244,100.822861848632
9,2.5,1.32883234937744,1.25539981205059,100.637560381637
9.5,2.5,1.32940910773554,1.25326704814044,100.465912832694
10,2.5,1.32991728057602,1.25128622361613,100.306500128348
-10,3,-1.31247945654511,-1.06322454117364,-85.1873746296532
-9.5,3,-1.3090337130846,-1.05203566929853,-84.2884262400396
-9,3,-1.30477425165284,-1.03891528424322,-83.2343464372808
-8.5,3,-1.29942731899137,-1.02333753949016,-81.98291380963
-8,3,-1.29259588628209,-1.00457520998032,-80.4757422102307
-7.5,3,-1.28368822780401,-0.98159788997254,-78.6301112338555
-7,3,-1.27179479418028,-0.952905190396787,-76.3255819241228
-6.5,3,-1.25546783626032,-0.916244602109975,-73.3813609337816
-6,3,-1.23231104657706,-0.86811900727477,-69.5167942824193
-5.5,3,-1.19818536488408,-0.802904254835394,-64.2805954816733
-5,3,-1.14562639463994,-0.711256673851457,-56.923161205223
-4.5,3,-1.06070438011322,-0.577386986359201,-46.1780987149532
-4,3,-0.917491243453029,-0.375565453843109,-29.9825034059003
-3.5,3,-0.673383435982084,-0.0721809265818907,-5.64365817752426
-3,3,-0.289953877263333,0.341247016392039,27.5112227434492
-2.5,3,0.183862421755355,0.775291026477429,62.3023828794435
-2,3,0.597670344222525,1.08740629479511,87.3027788824785
-1.5,3,0.87194017192026,1.2492890469145,100.255317756648
-1,3,1.03410227447182,1.31806710033138,105.747473728137
-0.5,3,1.12959955332434,1.34261834297621,107.698985551386
0,3,1.18806237252838,1.34786702512987,108.107098577262
0.5,3,1.22561042879957,1.34495549604784,107.863991829868
1,3,1.25084394375706,1.33877850571788,107.361229901978
1.5,3,1.26848781477486,1.33150987264328,106.772495097655
2,3,1.28125001934413,1.32411979721815,106.175160675944
2.5,3,1.2907510056211,1.3170311893713,105.602848468054
3,3,1.29800004474094,1.31041229824964,105.068847364094
3.5,3,1.30364871048268,1.30431169393582,104.576907528048
4,3,1.30813123045237,1.29872239953275,104.12636415171
4.5,3,1.31174521746966,1.29361301498327,103.714621039177
5,3,1.31469977027847,1.2889429670922,103.338365470007
5.5,3,1.31714506374237,1.28466992859943,102.994157746328
6,3,1.31919108524223,1.28075330421539,102.678707051497
6.5,3,1.32091981152793,1.27715572436611,102.38898866268
7,3,1.32239331075063,1.27384353381803,102.122281308624
7.5,3,1.3236592491403,1.2707867849482,101.876165312759
8,3,1.32475470662465,1.26795900091324,101.648502636379
8.5,3,1.32570886753377,1.26533684645595,101.437409763124
9,3,1.32654494869615,1.26289977672407,101.241228997479
9.5,3,1.32728160149872,1.26062969864077,101.058500898329
10,3,1.32793394526949,1.25851066031719,100.88793905565
-10,3.5,-1.30027110126393,-1.0257382428223,-82.1757687432761
-9.5,3.5,-1.29472907276416,-1.01031386485481,-80.9367159738923
-9,3.5,-1.28780911029304,-0.992044297938803,-79.4691918475116
-8.5,3.5,-1.27902538322926,-0.970110801670288,-77.7074720764351
-8,3.5,-1.26766454779604,-0.943367786246929,-75.5596025962948
-7.5,3.5,-1.25265049531367,-0.910174183057783,-72.8938712680665
-7,3.5,-1.23231104657706,-0.868119007274771,-69.5167942824193
-6.5,3.5,-1.20396419543877,-0.813566874504885,-65.1366669863279
-6,3.5,-1.16316898041581,-0.740902628886645,-59.3029983877766
-5.5,3.5,-1.102368682695,-0.64131679385405,-51.3091653449075
-5,3.5,-1.00856912374369,-0.501116587385667,-40.0571447793432
-4.5,3.5,-0.860248279771721,-0.300639355062208,-23.9708739765685
-4,3.5,-0.627458657120024,-0.0191547426832754,-1.39044246158547
-3.5,3.5,-0.289953877263333,0.341247016392038,27.5112227434491
-3,3.5,0.116234507595231,0.718127017118581,57.7216025741021
-2.5,3.5,0.4929534700329,1.01505380766421,81.5094535822144
-2,3.5,0.770979947581495,1.19506795769997,95.9191613000151
-1.5,3.5,0.952242708895565,1.28668299034416,103.243227110485
-1,3.5,1.0665707051888,1.32813622412758,106.549441365362
-0.5,3.5,1.13972878129462,1.34418735640569,107.822740202994
0,3.5,1.18806237252838,1.34786702512987,108.107098577262
0.5,3.5,1.22114708843015,1.34564574684118,107.920565911853
1,3.5,1.24456653071716,1.34071894194344,107.518773151749
1.5,3.5,1.26164948782168,1.3346790644249,107.028984780534
2,3.5,1.27444243547742,1.32832469921667,106.514931367145
2.5,3.5,1.284244541331,1.32205313694386,106.008251287175
3,3.5,1.29190621683374,1.31605484864319,105.524058396983
3.5,3.5,1.29800004474094,1.31041229824964,105.068847364094
4,3.5,1.30292151940942,1.30515137868039,104.64460591538
4.5,3.5,1.30695017059523,1.30026873485997,104.25099745919
5,3.5,1.31028769131271,1.29574649146576,103.886536331565
5.5,3.5,1.31308234282789,1.29156024909837,103.549224990483
6,3.5,1.31544495177247,1.28768341372809,103.236898353295
6.5,3.5,1.31745962721389,1.28408949990589,102.947406452645
7,3.5,1.31919108524223,1.28075330421539,102.678707051497
7.5,3.5,1.32068974735303,1.27765144744174,102.428908024391
8,3.5,1.32199534925391,1.27476256644823,102.196281925279
8.5,3.5,1.32313953494183,1.27206731567611,101.979265488329
9,3.5,1.3241477479913,1.26954826970583,101.776451340342
9.5,3.5,1.3250406286002,1.26718977908713,101.586576073303
10,3.5,1.32583505810134,1.26497780895281,101.408507016667
-10,4,-1.28368822780401,-0.98159788997254,-78.6301112338555
-9.5,4,-1.27511511403553,-0.960720877609914,-76.9533000455663
-9,4,-1.26430629282955,-0.935752445622694,-74.9480047416507
-8.5,4,-1.2504423669618,-0.9054623198494,-72.5154865638589
-8,4,-1.23231104657706,-0.86811900727477,-69.5167942824193
-7.5,4,-1.20807441657831,-0.821236564997128,-65.7524558093444
-7,4,-1.17487702525074,-0.761179208979955,-60.930775794748
-6.5,4,-1.12818480216581,-0.682558048956903,-54.6194810158761
-6,4,-1.06070438011322,-0.577386986359201,-46.1780987149532
-5.5,4,-0.960818465935916,-0.434217361231586,-34.688741631556
-5,4,-0.811201665777187,-0.238471799762398,-18.9832856242392
-4.5,4,-0.5910195168047,0.0221620833956629,1.92341222947528
-4,4,-0.289953877263333,0.341247016392038,27.5112227434492
-3.5,4,0.0648862485266854,0.67365515666165,54.1575927814907
-3,4,0.40669247928383,0.951879524076225,76.4497990909071
-2.5,4,0.679321233977086,1.14017142032583,91.526465161673
-2,4,0.871940171920259,1.2492890469145,100.255317756648
-1.5,4,1.00135984720995,1.30645562872254,104.821541100849
-1,4,1.08793415889618,1.33386561754821,107.005075689945
-0.5,4,1.14688000610007,1.34514565673836,107.8980948793
0,4,1.18806237252838,1.34786702512987,108.107098577262
0.5,4,1.21762764255554,1.34611687450779,107.959293320875
1,4,1.23940832982713,1.34209938260892,107.631016018421
1.5,4,1.25583557754652,1.33701215937684,107.217993588458
2,4,1.26848781477486,1.33150987264328,106.772495097655
2.5,4,1.2784154351146,1.3259497343871,106.322995370111
3,4,1.28633446862892,1.32052339022214,105.884734825331
3.5,4,1.29274418245321,1.31532914601676,105.465499603377
4,4,1.29800004474094,1.31041229824964,105.068847364094
4.5,4,1.30236002271982,1.3057880548644,104.695939443684
5,4,1.30601461528917,1.30145475354125,104.346596648281
5.5,4,1.30910674837191,1.29740156615394,104.019914067051
6,4,1.31174521746966,1.29361301498327,103.714621039177
6.5,4,1.3140139388261,1.2900716180427,103.429291671732
7,4,1.31597842560035,1.28675942360858,103.162466694127
7.5,4,1.31769039362888,1.28365887976874,102.912722283851
8,4,1.31919108524223,1.28075330421539,102.678707051497
8.5,4,1.32051370067355,1.27802711395604,102.459159932402
9,4,1.321685199155,1.27546591196999,102.25291672495
9.5,4,1.32272764876704,1.27305649015192,102.058910004761
10,4,1.3236592491403,1.2707867849482,101.876165312759
-10,4.5,-1.26152472947825,-0.929532919184646,-74.4485158100674
-9.5,4.5,-1.24866564034568,-0.901699175594009,-72.2132915924281
-9,4.5,-1.23231104657706,-0.86811900727477,-69.5167942824193
-8.5,4.5,-1.2111461795472,-0.827017328868435,-66.2165915848612
-8,4.5,-1.18322677181948,-0.775905785803062,-62.113042883938
-7.5,4.5,-1.14562639463994,-0.711256673851457,-56.923161205223
-7,4.5,-1.0938848389441,-0.628052913713978,-50.2445554735034
-6.5,4.5,-1.02120255839351,-0.519263764355916,-41.5134616025537
-6,4.5,-0.917491243453028,-0.375565453843109,-29.9825034059003
-5.5,4.5,-0.769062931922449,-0.186392046432774,-14.8052740961255
-5,4.5,-0.561490291366911,0.0551761963746226,4.57124146267048
-4.5,4.5,-0.289953877263332,0.341247016392039,27.5112227434492
-4,4.5,0.0247365929105694,0.638245250190097,51.3196393699018
-3.5,4.5,0.335415881540772,0.897424166549707,72.087711287563
-3,4.5,0.597670344222525,1.08740629479511,87.3027788824786
-2.5,4.5,0.79541144789778,1.20883649878205,97.0205439637019
-2,4.5,0.935970994846189,1.27957914709595,102.675847561889
-1.5,4.5,1.03410227447182,1.31806710033138,105.747473728137
-1,4.5,1.103000461212,1.33742589508825,107.287781536368
-0.5,4.5,1.15219453394185,1.34577330981341,107.947298848082
0,4.5,1.18806237252838,1.34786702512987,108.107098577262
0.5,4.5,1.21478246706004,1.34645265127484,107.986975160385
1,4.5,1.23510015286733,1.34311596207382,107.713795288401
1.5,4.5,1.25084394375706,1.33877850571788,107.361229901978
2,4.5,1.26325395520735,1.33397876934798,106.972286037816
2.5,4.5,1.27318777370464,1.32903164197672,106.572081115699
3,4.5,1.28125001934413,1.32411979721815,106.175160675944
3.5,4.5,1.28787490752377,1.3193468321294,105.789751901061
4,4.5,1.29337971925959,1.3147686540011,105.420274860928
4.5,4.5,1.29800004474094,1.31041229824964,105.068847364094
5,4.5,1.30191342887559,1.30628736143904,104.736198713573
5.5,4.5,1.30525551191224,1.30239302409151,104.422230601345
6,4.5,1.30813123045237,1.29872239953275,104.12636415171
6.5,4.5,1.3106227127018,1.29526523928308,103.847755593398
7,4.5,1.31279492568797,1.29200961640869,103.585430279766
7.5,4.5,1.31469977027847,1.2889429670922,103.338365470007
8,4.5,1.31637908891928,1.28605272622656,103.105540722846
8.5,4.5,1.31786690136662,1.28332670499281,102.885967725907
9,4.5,1.31919108524223,1.28075330421539,102.678707051497
9.5,4.5,1.32037465253826,1.27832162345857,102.482876624782
10,4.5,1.32143672873958,1.27602150445523,102.297654982246
-10,5,-1.23231104657706,-0.868119007274771,-69.5167942824193
-9.5,5,-1.21352826747159,-0.831530001362482,-66.5789164736818
-9,5,-1.18947360158994,-0.787079987772002,-63.0101423086521
-8.5,5,-1.15815137562762,-0.7323370994103,-58.6153859880962
-8,5,-1.1166500228519,-0.663959997071981,-53.1266438387419
-7.5,5,-1.06070438011322,-0.577386986359201,-46.1780987149532
-7,5,-0.984134481689855,-0.46656439185532,-37.2844108459898
-6.5,5,-0.878353954781081,-0.324046416816227,-25.8488656770528
-6,5,-0.732670961031982,-0.142321854189362,-11.2699916312506
-5.5,5,-0.537121503940123,0.0821166334751434,6.73187896034763
-5,5,-0.289953877263333,0.341247016392038,27.5112227434491
-4.5,5,-0.00743672823795109,0.609467987888331,49.0131552567909
-4,5,0.276070573344823,0.850603772492598,68.3367509979541
-3.5,5,0.525634944114658,1.03816555281837,83.3602143312408
-3,5,0.723908859126567,1.167488091299,93.7125272679689
-2.5,5,0.87194017192026,1.2492890469145,100.255317756648
-2,5,0.979497606562939,1.29798032669463,104.145209158952
-1.5,5,1.05733693728453,1.3254315567172,106.334147265428
-1,5,1.11417232444937,1.33978578380582,107.47488661955
-0.5,5,1.1562977657254,1.34620654813476,107.98115804568
0,5,1.18806237252838,1.34786702512987,108.107098577262
0.5,5,1.21243532985307,1.34670034502908,108.007454662756
1,5,1.2314509250869,1.34388600817975,107.776591727793
1.5,5,1.24651842571862,1.34014738829192,107.472344353687
2,5,1.25862833019353,1.33593026856001,107.130324276314
2.5,5,1.26848781477486,1.33150987264328,106.772495097655
3,5,1.27660980797936,1.32705551010783,106.412349573715
3.5,5,1.28337208196096,1.32267006473158,106.058071013387
4,5,1.28905693808118,1.31841442186952,105.714488163494
4.5,5,1.29387823212459,1.31432276999153,105.384299250208
5,5,1.29800004474094,1.31041229824964,105.068847364094
5.5,5,1.30154976573553,1.30668940592238,104.768616676652
6,5,1.30462739176572,1.30315371228278,104.483552679017
6.5,5,1.30731222172881,1.29980066254128,104.213270143447
7,5,1.30966773948922,1.29662322783865,103.957188664458
7.5,5,1.31174521746966,1.29361301498327,103.714621039177
8,5,1.31358640631017,1.29076098847911,103.484830687787
8.5,5,1.31522556376461,1.2880579362318,103.267068619288
9,5,1.31669100048851,1.2854947650102,103.060596822195
9.5,5,1.31800626884143,1.28306268255419,102.864702625004
10,5,1.31919108524223,1.28075330421539,102.678707051497
-10,5.5,-1.19431916236545,-0.795845697990665,-63.7138936807782
-9.5,5.5,-1.16756037323548,-0.748459075231414,-59.9096133149764
-9,5.5,-1.13315325855051,-0.690659863721859,-55.2698147714235
-8.5,5.5,-1.0882679377903,-0.619344026473344,-49.5455579107374
-8,5.5,-1.02891355312519,-0.530440602467456,-42.4104231859247
-7.5,5.5,-0.949577917528594,-0.4188258671647,-33.4536948158414
-7,5.5,-0.843053638481608,-0.278644384651168,-22.2062202697426
-6.5,5.5,-0.701045880098532,-0.104661823618725,-8.24905399470242
-6,5.5,-0.516694492825306,0.104493163993389,8.52644414949487
-5.5,5.5,-0.289953877263333,0.341247016392038,27.5112227434491
-5,5.5,-0.0337532547384098,0.585663511635921,47.1051666192947
-4.5,5.5,0.226193591527725,0.810247109545636,65.1033201033892
-4,5.5,0.462324423803404,0.992976092577761,79.7413556908931
-3.5,5.5,0.657972514190784,1.12670652343767,90.448763984184
-3,5.5,0.810343269442253,1.21705693859919,97.6780366149458
-2.5,5.5,0.925170376532518,1.27472402521357,102.287995466946
-2,5.5,1.01072841157539,1.30991593473869,105.097568924948
-1.5,5.5,1.0746144895595,1.33038256829337,106.728162963226
-1,5.5,1.12277577741361,1.34142896678961,107.604970290331
-0.5,5.5,1.159560626549,1.34651806619642,108.00542969564
0,5.5,1.18806237252838,1.34786702512987,108.107098577262
0.5,5.5,1.21046631513032,1.34688826273416,108.023036830722
1,5.5,1.22832195076717,1.34448315640162,107.825359993755
1.5,5.5,1.24273804011389,1.34122943771829,107.560262394599
2,5.5,1.2545173768225,1.33749896521009,107.25745584246
2.5,5.5,1.26424875387059,1.33353162923476,106.936090838486
3,5.5,1.27236970361898,1.32948198060679,106.608491303521
3.5,5.5,1.27920955906825,1.32544891022393,106.282531025887
4,5.5,1.28501928710646,1.32149473495803,105.963161356914
4.5,5.5,1.2899923867778,1.31765760105126,105.653403657403
5,5.5,1.29427970169875,1.3139596268332,105.355000568611
5.5,5.5,1.29800004474094,1.31041229824964,105.068847364094
6,5.5,1.30124790899296,1.30702007329274,104.795279963562
6.5,5.5,1.30409912821279,1.30378280621716,104.534268527797
7,5.5,1.30661507777702,1.30069738634363,104.285548242028
7.5,5.5,1.30884582518216,1.29775884945341,104.048707937812
8,5.5,1.3108325163317,1.29496113217661,103.823250188268
8.5,5.5,1.31260920007137,1.29229758304631,103.608631969412
9,5.5,1.31420423569534,1.28976130674971,103.404292007386
9.5,5.5,1.31564138793013,1.2873453935381,103.209668965218
10,5.5,1.31694068560438,1.28504306934598,103.024213309739
-10,6,-1.14562639463994,-0.711256673851457,-56.923161205223
-9.5,6,-1.10846879463468,-0.650938776551228,-52.0814755392671
-9,6,-1.06070438011322,-0.577386986359201,-46.1780987149532
-8.5,6,-0.998661341475728,-0.487021964941387,-38.9260696084978
-8,6,-0.917491243453029,-0.375565453843109,-29.9825034059003
-7.5,6,-0.811201665777186,-0.238471799762398,-18.9832856242392
-7,6,-0.673383435982084,-0.0721809265818907,-5.64365817752426
-6.5,6,-0.499339229464916,0.123360249047456,10.0395253937951
-6,6,-0.289953877263333,0.341247016392039,27.5112227434492
-5.5,6,-0.0556549931563836,0.565669902004264,45.5025803175807
-5,6,0.183862421755355,0.775291026477429,62.3023828794435
-4.5,6,0.40669247928383,0.951879524076225,76.4497990909071
-4,6,0.597670344222525,1.08740629479511,87.3027788824785
-3.5,6,0.751859233436398,1.18402733370383,95.0358797106207
-3,6,0.87194017192026,1.2492890469145,100.255317756648
-2.5,6,0.963907077782401,1.29161302259801,103.636896872256
-2,6,1.03410227447182,1.31806710033138,105.747473728137
-1.5,6,1.08793415889618,1.33386561754821,107.005075689945
-1,6,1.12959955332434,1.34261834297621,107.698985551386
-0.5,6,1.16221686079532,1.34674951606641,108.023407469795
0,6,1.18806237252838,1.34786702512987,108.107098577262
0.5,6,1.20879105332703,1.34703419355341,108.035172367651
1,6,1.22561042879957,1.34495549604784,107.863991829868
1.5,6,1.23940832982713,1.34209938260892,107.631016018421
2,6,1.25084394375706,1.33877850571788,107.361229901978
2.5,6,1.26041197833973,1.3352020299025,107.071335592811
3,6,1.26848781477486,1.33150987264328,106.772495097655
3.5,6,1.27535941315993,1.32779527383558,106.472137655287
4,6,1.28125001934413,1.32411979721815,106.175160675944
4.5,6,1.28633446862892,1.32052339022214,105.884734825331
5,6,1.2907510056211,1.3170311893713,105.602848468054
5.5,6,1.29460993936424,1.31365816233122,105.330678897746
6,6,1.29800004474094,1.31041229824964,105.068847364094
6.5,6,1.30099334369156,1.30729681488562,104.81759542041
7,6,1.30364871048268,1.30431169393582,104.576907528048
7.5,6,1.30601461528917,1.30145475354125,104.346596648281
8,6,1.30813123045237,1.29872239953275,104.12636415171
8.5,6,1.31003206107172,1.2961101521603,103.915841786482
9,6,1.31174521746966,1.29361301498327,103.714621039177
9.5,6,1.31329441575415,1.2912257322382,103.522273592406
10,6,1.31469977027847,1.2889429670922,103.338365470007
-10,6.5,-1.08427597499028,-0.61318863740464,-49.0515158912546
-9.5,6.5,-1.03410796897496,-0.538014211175574,-43.0182263877216
-9,6.5,-0.970010766938219,-0.446900738785715,-35.7065001545447
-8.5,6.5,-0.887763699568,-0.336315126681101,-26.8332260569452
-8,6.5,-0.782416899420282,-0.202770380535798,-16.1191743323798
-7.5,6.5,-0.649030652156629,-0.0439263861222994,-3.37734105644671
-7,6.5,-0.48442032217917,0.139474467843474,11.3318124507547
-6.5,6.5,-0.289953877263333,0.341247016392039,27.5112227434492
-6,6.5,-0.0741528890112682,0.54865422933661,44.1386564767223
-5.5,6.5,0.14759191283033,0.744832701296023,59.861692244587
-5,6.5,0.357710253912381,0.91466918003109,73.4691708626491
-4.5,6.5,0.542786490449842,1.05010586939144,84.3163166812285
-4,6.5,0.69685429060368,1.15104567508456,92.3967472301353
-3.5,6.5,0.820407245972696,1.22251132058127,98.1142552089584
-3,6.5,0.917482623940367,1.27120261020423,102.0066518676
-2.5,6.5,0.993159855146612,1.30334100456965,104.573032651203
-2,6.5,1.05219047991351,1.3238677454718,106.209620428872
-1.5,6.5,1.09849982719829,1.33640643752953,107.206875497991
-1,6.5,1.13514101006584,1.34350661891886,107.769093720195
-0.5,6.5,1.16442100163845,1.34692615092775,108.037085222294
0,6.5,1.18806237252838,1.34786702512987,108.107098577262
0.5,6.5,1.2073484880765,1.34714977131881,108.044811415547
1,6.5,1.22323870079326,1.34533550324631,107.895117412608
1.5,6.5,1.23645483578836,1.34280915102076,107.688798896334
2,6.5,1.24754448493206,1.33983563515797,107.447029053649
2.5,6.5,1.25692684553929,1.33659770486877,107.184403806945
3,6.5,1.26492584656601,1.33322149784393,106.910989331748
3.5,6.5,1.27179415191192,1.32979390104977,106.633712418792
4,6.5,1.27773064882925,1.32637442402614,106.357311106475
4.5,6.5,1.28289328043782,1.32300338015244,106.084989524864
5,6.5,1.28740853732601,1.31970756673404,105.818872401446
5.5,6.5,1.29137853729468,1.31650423753717,105.560322827551
6,6.5,1.29488635138507,1.31340390017743,105.310165942441
6.5,6.5,1.29800004474094,1.31041229824964,105.068847364094
7,6.5,1.30077576801152,1.30753182344245,104.836546008111
7.5,6.5,1.30326014155532,1.30476252613628,104.613254786972
8,6.5,1.30549210860649,1.30210284119988,104.398838533397
8.5,6.5,1.30750438650488,1.29955011047415,104.19307567
9,6.5,1.30932461134626,1.29710095927021,103.995688212525
9.5,6.5,1.31097624703198,1.29475156750338,103.806363356329
10,6.5,1.31247931195571,1.29249786444232,103.624768963836
-10,7,-1.00856912374369,-0.501116587385667,-40.0571447793432
-9.5,7,-0.942965791867169,-0.409830875666097,-32.7319274927256
-9,7,-0.860248279771721,-0.300639355062208,-23.9708739765685
-8.5,7,-0.756345947173551,-0.170899732803643,-13.5624724713148
-8,7,-0.627458657120024,-0.0191547426832754,-1.39044246158547
-7.5,7,-0.471464109901284,0.153391647014725,12.4478898690919
-7,7,-0.289953877263333,0.341247016392038,27.5112227434491
-6.5,7,-0.0899746478318598,0.534006078391032,42.9644814130879
-6,7,0.116234507595231,0.718127017118581,57.7216025741021
-5.5,7,0.31444215547577,0.881027870483409,70.7741871897319
-5,7,0.4929534700329,1.01505380766421,81.5094535822144
-4.5,7,0.645465162108474,1.11870656936713,89.8084227842129
-4,7,0.770979947581495,1.19506795769997,95.9191613000151
-3.5,7,0.87194017192026,1.2492890469145,100.255317756648
-3,7,0.952242708895565,1.28668299034416,103.243227110485
-2.5,7,1.01593000968572,1.3117905954109,105.247080058669
-2,7,1.0665707051888,1.32813622412758,106.549441365362
-1.5,7,1.10707654410789,1.33831558102996,107.358353212546
-1,7,1.13972878129462,1.34418735640569,107.822740202994
-0.5,7,1.16627926623752,1.34706400220174,108.047726768115
0,7,1.18806237252838,1.34786702512987,108.107098577262
0.5,7,1.20609335906727,1.34724286359097,108.052597471328
1,7,1.22114708843015,1.34564574684118,107.920565911853
1.5,7,1.23381826493887,1.34339572374933,107.736599067123
2,7,1.24456653071716,1.34071894194344,107.518773151749
2.5,7,1.25374990080558,1.33777554992327,107.279881232689
3,7,1.26164948782168,1.3346790644249,107.028984780534
3.5,7,1.26848781477486,1.33150987264328,106.772495097655
4,7,1.27444243547742,1.32832469921667,106.514931367145
4.5,7,1.27965612296972,1.32516328612254,106.259455393406
5,7,1.284244541331,1.32205313694386,106.008251287175
5.5,7,1.28830206369326,1.3190129082137,105.762796796024
6,7,1.29190621683374,1.31605484864319,105.524058396983
6.5,7,1.29512110165033,1.31318656361987,105.29263237435
7,7,1.29800004474094,1.31041229824964,105.068847364094
7.5,7,1.30058766863993,1.30773387455728,104.852839225749
8,7,1.30292151940942,1.30515137868039,104.64460591538
8.5,7,1.3050333548337,1.30266366625552,104.444047819256
9,7,1.30695017059523,1.30026873485997,104.25099745919
9.5,7,1.30869502281617,1.29796399874945,104.0652413895
10,7,1.31028769131271,1.29574649146576,103.886536331565
-10,7.5,-0.917491243453029,-0.375565453843109,-29.9825034059003
-9.5,7.5,-0.834782594285693,-0.268142745372068,-21.3636897315148
-9,7.5,-0.732670961031982,-0.142321854189362,-11.2699916312506
-8.5,7.5,-0.608238234278557,0.00271954154523666,0.364022048365697
-8,7.5,-0.460110924971348,0.165528696732014,13.4211982362513
-7.5,7.5,-0.289953877263333,0.341247016392038,27.5112227434491
-7,7.5,-0.103656378157596,0.521269051123932,41.9434812132934
-6.5,7.5,0.0888986705296388,0.694566026096427,55.8334377475714
-6,7.5,0.276070573344823,0.850603772492598,68.3367509979541
-5.5,7.5,0.447737891017246,0.982323410478927,78.8881877458324
-5,7.5,0.597670344222525,1.08740629479511,87.3027788824785
-4.5,7.5,0.723908859126567,1.167488091299,93.7125272679689
-4,7.5,0.827647828313775,1.22639158019984,98.4245627341555
-3.5,7.5,0.911732955197013,1.26853413330102,101.79343563579
-3,7.5,0.979497606562939,1.29798032669463,104.145209158952
-2.5,7.5,1.03410227447182,1.31806710033138,105.747473728137
-2,7.5,1.07825846502603,1.33136537204963,106.806326105691
-1.5,7.5,1.11417232444937,1.33978578380582,107.47488661955
-1,7.5,1.14358848007214,1.34472044662014,107.864687343113
-0.5,7.5,1.16786705066439,1.34717364323016,108.056164365775
0,7.5,1.18806237252838,1.34786702512987,108.107098577262
0.5,7.5,1.20499141214925,1.34731894513756,108.058978981809
1,7.5,1.21928901936737,1.34590230337965,107.941641277262
1.5,7.5,1.2314509250869,1.34388600817975,107.776591727793
2,7.5,1.24186656967107,1.34146446472561,107.57937070029
2.5,7.5,1.25084394375706,1.33877850571788,107.361229901978
3,7.5,1.25862833019353,1.33593026856001,107.130324276314
3.5,7.5,1.265416455893,1.33299380692247,106.892561968233
4,7.5,1.27136721138277,1.33002269561004,106.652213320943
4.5,7.5,1.27660980797936,1.32705551010783,106.412349573715
5,7.5,1.28125001934413,1.32411979721815,106.175160675944
5.5,7.5,1.2853749861569,1.32123496872111,105.942186837689
6,7.5,1.28905693808118,1.31841442186952,105.714488163494
6.5,7.5,1.2923560955428,1.31566710146703,105.492769576178
7,7.5,1.2953229465905,1.31299865618061,105.277473259614
7.5,7.5,1.29800004474094,1.31041229824964,105.068847364094
8,7.5,1.30042343738924,1.30790944513605,104.866997264409
8.5,7.5,1.30262380754569,1.30549019998031,104.671923923719
9,7.5,1.30462739176572,1.30315371228278,104.483552679017
9.5,7.5,1.30645672230953,1.30089844915892,104.301754877247
10,7.5,1.30813123045237,1.29872239953275,104.12636415171
-10,8,-0.811201665777187,-0.238471799762398,-18.9832856242392
-9.5,8,-0.711110941626985,-0.1165854112377,-9.20550422315113
-9,8,-0.5910195168047,0.0221620833956629,1.92341222947528
-8.5,8,-0.450083107620369,0.176204113729625,14.2772836541084
-8,8,-0.289953877263333,0.341247016392038,27.5112227434492
-7.5,8,-0.115601178307434,0.510095695177046,41.047811231846
-7,8,0.0648862485266854,0.67365515666165,54.1575927814907
-6.5,8,0.241895921865927,0.823049909232796,66.1291267219005
-6,8,0.40669247928383,0.951879524076225,76.4497990909071
-5.5,8,0.553346059399652,1.05739100612079,84.8996400413442
-5,8,0.679321233977086,1.14017142032583,91.526465161673
-4.5,8,0.784869963540626,1.20294338479814,96.5491580989393
-4,8,0.871940171920259,1.2492890469145,100.255317756648
-3.5,8,0.94319332229567,1.28276408726249,102.930244182513
-3,8,1.00135984720995,1.30645562872254,104.821541100849
-2.5,8,1.04890993850401,1.32285044223523,106.128596118668
-2,8,1.08793415889618,1.33386561754821,107.005075689945
-1.5,8,1.12013702239873,1.34094167562805,107.566414438379
-1,8,1.14688000610007,1.34514565673836,107.8980948793
-0.5,8,1.16923934286502,1.3472622759076,108.062964029361
0,8,1.18806237252838,1.34786702512987,108.107098577262
0.5,8,1.20401625010192,1.3473819207759,108.064276266405
1,8,1.21762764255554,1.34611687450779,107.959293320875
1.5,8,1.22931408390281,1.34429995626072,107.810390601639
2,8,1.23940832982713,1.34209938260892,107.631016018421
2.5,8,1.24817711847686,1.33963946057083,107.431102194726
3,8,1.25583557754652,1.33701215937684,107.217993588458
3.5,8,1.26255829023766,1.33428553267433,106.997121133517
4,8,1.26848781477486,1.33150987264328,106.772495097655
4.5,8,1.27374126781384,1.32872222755892,106.547066796791
5,8,1.2784154351146,1.3259497343871,106.322995370111
5.5,8,1.28259075933429,1.32321208960977,106.101845522793
6,8,1.28633446862892,1.32052339022214,105.884734825331
6.5,8,1.28970304495602,1.31789351200406,105.672443959766
7,8,1.29274418245321,1.31532914601676,105.465499603377
7.5,8,1.2954983499798,1.31283458131749,105.264236998636
8,8,1.29800004474094,1.31041229824964,105.068847364094
8.5,8,1.30027880352368,1.30806341963556,104.879413936183
9,8,1.30236002271982,1.3057880548644,104.695939443684
9.5,8,1.30426562670042,1.30358556288536,104.518367097073
10,8,1.30601461528917,1.30145475354125,104.346596648281
-10,8.5,-0.691419864987014,-0.0933114283145102,-7.33859307546619
-9.5,8.5,-0.575515716100239,0.0395466814571863,3.31771919280042
-9,8.5,-0.441163104288842,0.18566519965359,15.0359813146162
-8.5,8.5,-0.289953877263333,0.341247016392039,27.5112227434492
-8,8.5,-0.126117650587633,0.500217177605829,40.2559265558998
-7.5,8.5,0.0436455657668264,0.654991443235987,52.6617943422085
-7,8.5,0.211326094554439,0.798043003945822,64.1254589965158
-6.5,8.5,0.369385508831551,0.923623764680007,74.1864790747765
-6,8.5,0.512307572506574,1.02879710506321,82.6100193696609
-5.5,8.5,0.637252087458604,1.11340944820705,89.3844083461602
-5,8.5,0.743783067947264,1.17929639385384,94.6573629695009
-4.5,8.5,0.833106058058257,1.22929195580525,98.6564971176227
-4,8.5,0.907271144494697,1.26644318777934,101.626354840928
-3.5,8.5,0.968580423698186,1.29354882618278,103.791451129275
-3,8.5,1.01923838953108,1.312965224886,105.340749367702
-2.5,8.5,1.06118925632302,1.32657595698229,106.425255679717
-2,8.5,1.09606935544418,1.33584004799264,107.161909054224
-1.5,8.5,1.1252190714428,1.3418666864139,107.639586466202
-1,8.5,1.1497197781223,1.34549022444992,107.925125359718
-0.5,8.5,1.1704371844299,1.34733494280067,108.068521459209
0,8.5,1.18806237252838,1.34786702512987,108.107098577262
0.5,8.5,1.20314720478712,1.34743463611,108.06872309729
1,8.5,1.21613343302074,1.34629814083032,107.974227162273
1.5,8.5,1.22737599798316,1.34465261322391,107.839213160312
2,8.5,1.23716140354343,1.34264450109652,107.675389480419
2.5,8.5,1.24572209548068,1.34038394019688,107.491557333394
3,8.5,1.2532476778417,1.33795385861886,107.294340217493
3.5,8.5,1.25989366018991,1.33541672329802,107.088724359168
4,8.5,1.26578829080722,1.33281955581383,106.878460434464
4.5,8.5,1.27103791058606,1.33019767621133,106.666363355448
5,8.5,1.27573116394196,1.32757750943173,106.454536947865
5.5,8.5,1.27994232527018,1.32497869841578,106.244543085062
6,8.5,1.28373393912169,1.32241570223923,106.037529573889
6.5,8.5,1.28715892597677,1.31989901001977,105.834327269906
7,8.5,1.29026227017712,1.31743606679495,105.635524130094
7.5,8.5,1.29308237970303,1.31503198246203,105.44152189854
8,8.5,1.29565218703264,1.31269007655798,105.252579652794
8.5,8.5,1.29800004474094,1.31041229824964,105.068847364094
9,8.5,1.30015045759611,1.30819955104375,104.890391834536
9.5,8.5,1.30212468379382,1.306051944442,104.717216790688
10,8.5,1.30394123095921,1.30396898935909,104.54927847994
-10,9,-0.561490291366911,0.0551761963746226,4.57124146267048
-9.5,9,-0.433178166093867,0.194106778517369,15.7129170390519
-9,9,-0.289953877263332,0.341247016392039,27.5112227434492
-8.5,9,-0.135445865715966,0.491422444093853,39.5509122625862
-8,9,0.0247365929105694,0.638245250190097,51.3196393699018
-7.5,9,0.183862421755356,0.775291026477429,62.3023828794435
-7,9,0.335415881540772,0.897424166549707,72.087711287563
-6.5,9,0.474338281961154,1.00168316047521,80.4386785311521
-6,9,0.597670344222525,1.08740629479511,87.3027788824786
-5.5,9,0.704491940946928,1.15572948159948,92.7715784398751
-5,9,0.79541144789778,1.20883649878205,97.0205439637019
-4.5,9,0.87194017192026,1.2492890469145,100.255317756648
-4,9,0.935970994846189,1.27957914709595,102.675847561889
-3.5,9,0.989432797837576,1.30189953884093,104.458005296655
-3,9,1.03410227447182,1.31806710033138,105.747473728137
-2.5,9,1.07152497940426,1.32953215238713,106.660513531436
-2,9,1.103000461212,1.33742589508825,107.287781536368
-1.5,9,1.12959955332434,1.34261834297621,107.698985551386
-1,9,1.15219453394185,1.34577330981341,107.947298848082
-0.5,9,1.1714918251321,1.34739525979505,108.073119966288
0,9,1.18806237252838,1.34786702512987,108.107098577262
0.5,9,1.2023678645126,1.34747920445663,108.072493341559
1,9,1.21478246706004,1.34645265127484,107.986975160385
1.5,9,1.22561042879957,1.34495549604784,107.863991829868
2,9,1.23510015286733,1.34311596207382,107.713795288401
2.5,9,1.24345536427183,1.34103199581047,107.544213386959
3,9,1.25084394375706,1.33877850571788,107.361229901978
3.5,9,1.25740491158834,1.33641281330825,107.169421221928
4,9,1.26325395520735,1.33397876934798,106.972286037816
4.5,9,1.26848781477486,1.33150987264328,106.772495097655
5,9,1.27318777370464,1.32903164197672,106.572081115699
5.5,9,1.27742244723776,1.32656342714153,106.372583743486
6,9,1.28125001934413,1.32411979721815,106.175160675944
6.5,9,1.28472004482066,1.32171160896066,105.980673136881
7,9,1.28787490752377,1.3193468321294,105.789751901061
7.5,9,1.2907510056211,1.3170311893713,105.602848468054
8,9,1.29337971925959,1.3147686540011,105.420274860928
8.5,9,1.2957882040793,1.31256183844967,105.242234674381
9,9,1.29800004474094,1.31041229824964,105.068847364094
9.5,9,1.3000357954506,1.30832077051654,104.90016729544
10,9,1.30191342887559,1.30628736143904,104.736198713573
-10,9.5,-0.425989459016946,0.201684338260355,16.320561476335
-9.5,9.5,-0.289953877263333,0.341247016392038,27.5112227434491
-9,9.5,-0.143775268319882,0.483543612601751,38.9193131032237
-8.5,9.5,0.00780508167531001,0.62314550681573,50.1094139043835
-8,9.5,0.159085478296716,0.754534771238209,60.6391541363276
-7.5,9.5,0.304419496868621,0.873134067550443,70.1417886446963
-7,9.5,0.43920936326658,0.97605417664406,78.386074626628
-6.5,9.5,0.560499747390383,1.06229741657915,85.2924879486757
-6,9.5,0.667044809607427,1.13245814676291,90.9091226746084
-5.5,9.5,0.758984457074269,1.18816812331732,95.3671657496868
-5,9.5,0.837367509231363,1.23154143232016,98.8363743167158
-4.5,9.5,0.903708368423316,1.26476106291796,101.491935231834
-4,9.5,0.959662101289308,1.28983495111927,103.494924554202
-3.5,9.5,1.00682552147828,1.30848734094562,104.98361869995
-3,9.5,1.04663645304406,1.32213623225655,106.071704940528
-2.5,9.5,1.08033705173014,1.33191602179709,106.850110883662
-2,9.5,1.10897350050603,1.33871851271117,107.390302394088
-1.5,9.5,1.13341346031798,1.3432373380872,107.747851817118
-1,9.5,1.15437019991241,1.34600870644819,107.965708829452
-0.5,9.5,1.17242747678711,1.34744587435611,108.076966666016
0,9.5,1.18806237252838,1.34786702512987,108.107098577262
0.5,9.5,1.20166503297315,1.34751722184341,108.075718499398
1,9.5,1.21355516016258,1.34658542147055,107.997945334649
1.5,9.5,1.22399551459682,1.34521754081223,107.885450443371
2,9.5,1.23320283850184,1.34352644235569,107.747258063588
2.5,9.5,1.24135663381462,1.34159955182976,107.590355792013
3,9.5,1.24860619358229,1.33950466972149,107.420160246784
3.5,9.5,1.25507622946346,1.33729441133369,107.240872777482
4,9.5,1.26087137906414,1.33500960697116,107.05575181981
4.5,9.5,1.26607982288602,1.3326819134174,106.867322037622
5,9.5,1.2707761945084,1.33033582625031,106.677535451308
5.5,9.5,1.27502392959753,1.32799023587633,106.487896007606
6,9.5,1.27887716869767,1.32565963503764,106.299556228667
6.5,9.5,1.28238230440428,1.32335505919235,106.113392464619
7,9.5,1.28557924431767,1.32108482141219,105.930063689831
7.5,9.5,1.28850244610483,1.31885508862254,105.750057594902
8,9.5,1.29118176919297,1.3166703348746,105.573726833797
8.5,9.5,1.29364317837682,1.31453369895127,105.40131761321
9,9.5,1.29590932738161,1.31244726727102,105.232992303314
9.5,9.5,1.29800004474094,1.31041229824964,105.068847364094
10,9.5,1.29993273987944,1.30842940062427,104.908927588542
-10,10,-0.289953877263333,0.341247016392038,27.5112227434491
-9.5,10,-0.151257279938748,0.476445549398301,38.3502982537993
-9,10,-0.00743672823795109,0.609467987888331,49.0131552567909
-8.5,10,0.136642161297228,0.735546460420108,59.1175400036371
-8,10,0.276070573344823,0.850603772492598,68.3367509979541
-7.5,10,0.40669247928383,0.951879524076225,76.4497990909071
-7,10,0.525634944114658,1.03816555281837,83.3602143312408
-6.5,10,0.631446636711585,1.10964443127367,89.0830253582885
-6,10,0.723908859126567,1.167488091299,93.7125272679689
-5.5,10,0.80368223966108,1.21340847501329,97.3862308801314
-5,10,0.87194017192026,1.2492890469145,100.255317756648
-4.5,10,0.930074562043482,1.27694208201127,102.465192429684
-4,10,0.979497606562939,1.29798032669463,104.145209158952
-3.5,10,1.02152786374832,1.31376991302763,105.404912677105
-3,10,1.05733693728453,1.3254315567172,106.334147265428
-2.5,10,1.08793415889618,1.33386561754821,107.005075689945
-2,10,1.11417232444937,1.33978578380582,107.47488661955
-1.5,10,1.1367634146107,1.3437531054295,107.788527702381
-1,10,1.1562977657254,1.34620654813476,107.98115804568
-0.5,10,1.17326318775251,1.34748876084231,108.080215778501
0,10,1.18806237252838,1.34786702512987,108.107098577262
0.5,10,1.20102797922237,1.3475499118193,108.078499528454
1,10,1.21243532985307,1.34670034502908,108.007454662756
1.5,10,1.22251290462274,1.34544576629004,107.904157811605
2,10,1.2314509250869,1.34388600817975,107.776591727793
2.5,10,1.23940832982713,1.34209938260892,107.631016018421
3,10,1.24651842571862,1.34014738829192,107.472344353687
3.5,10,1.25289346141615,1.33807835473456,107.304436411475
4,10,1.25862833019353,1.33593026856001,107.130324276314
4.5,10,1.26380357230498,1.33373297119004,106.952388452214
5,10,1.26848781477486,1.33150987264328,106.772495097655
5.5,10,1.27273975945176,1.32927929213511,106.592103357144
6,10,1.27660980797936,1.32705551010783,106.412349573715
6.5,10,1.28014139442348,1.3248495964706,106.234113574814
7,10,1.28337208196096,1.32267006473158,106.058071013387
7.5,10,1.28633446862892,1.32052339022214,105.884734825331
8,10,1.28905693808118,1.31841442186952,105.714488163494
8.5,10,1.29156428412499,1.3163467103047,105.547610633798
9,10,1.29387823212459,1.31432276999153,105.384299250208
9.5,10,1.29601787584712,1.31234428915153,105.224685211804
10,10,1.29800004474094,1.31041229824964,105.068847364094
